anomaly_label,anomaly_region_mean,background_region_mean,class,image_path,image_score,map_mean,map_p95,map_top1pct_mean,map_top5pct_mean,pixel_auc_within_image,region_gap,variant
1,0.08808369934558868,0.003914666827768087,capsule,/Users/bytedance/Downloads/mvtec_anomaly_detection/capsule/test/crack/000.png,0.9632712006568909,0.004126716870814562,0.014355687983334062,0.0649280995130539,0.02921099029481411,0.9985274640506369,0.0841690325178206,cosine
1,0.6962289214134216,0.6870996952056885,capsule,/Users/bytedance/Downloads/mvtec_anomaly_detection/capsule/test/crack/000.png,0.7136092185974121,0.6871227025985718,0.6927750617265701,0.6952909231185913,0.6937603950500488,0.9982386397200316,0.009129226207733154,cone_normal_only
1,0.4882242679595947,0.4781995713710785,capsule,/Users/bytedance/Downloads/mvtec_anomaly_detection/capsule/test/crack/000.png,0.5046451687812805,0.47822481393814087,0.48400501608848573,0.4873398244380951,0.48530203104019165,0.9979212767356365,0.010024696588516235,cone_contrastive
1,0.5944459438323975,0.04057789221405983,capsule,/Users/bytedance/Downloads/mvtec_anomaly_detection/capsule/test/crack/001.png,0.9970511198043823,0.0534893162548542,0.38937840908765764,0.8854333758354187,0.6525059938430786,0.9756024587089618,0.5538680516183376,cosine
1,0.7063955068588257,0.6886919140815735,capsule,/Users/bytedance/Downloads/mvtec_anomaly_detection/capsule/test/crack/001.png,0.7197967171669006,0.6891046166419983,0.7017741024494171,0.7114067673683167,0.7067727446556091,0.9822087545917842,0.017703592777252197,cone_normal_only
1,0.4999466836452484,0.47988393902778625,capsule,/Users/bytedance/Downloads/mvtec_anomaly_detection/capsule/test/crack/001.png,0.5107259750366211,0.48035159707069397,0.49447447210550305,0.5057040452957153,0.5002472996711731,0.9827103734516937,0.020062744617462158,cone_contrastive
1,0.009686872363090515,0.0038597804959863424,capsule,/Users/bytedance/Downloads/mvtec_anomaly_detection/capsule/test/crack/002.png,0.9611321091651917,0.0038721589371562004,0.011238452093675726,0.08201233297586441,0.02860490046441555,0.9097442972332944,0.005827091867104173,cosine
1,0.690917432308197,0.6871134638786316,capsule,/Users/bytedance/Downloads/mvtec_anomaly_detection/capsule/test/crack/002.png,0.7140810489654541,0.6871214509010315,0.692421606183052,0.6949745416641235,0.6933352947235107,0.8706611259693862,0.0038039684295654297,cone_normal_only
1,0.4826873242855072,0.4782085120677948,capsule,/Users/bytedance/Downloads/mvtec_anomaly_detection/capsule/test/crack/002.png,0.5045320391654968,0.4782179594039917,0.48340182602405546,0.48656827211380005,0.48456817865371704,0.9108148137810185,0.004478812217712402,cone_contrastive
1,0.6870890259742737,0.01055145263671875,capsule,/Users/bytedance/Downloads/mvtec_anomaly_detection/capsule/test/crack/003.png,0.979212760925293,0.012896298430860043,0.03365578129887572,0.5555303692817688,0.17624026536941528,0.9989506845884302,0.6765375733375549,cosine
1,0.7071648836135864,0.687856912612915,capsule,/Users/bytedance/Downloads/mvtec_anomaly_detection/capsule/test/crack/003.png,0.7148400545120239,0.6879236698150635,0.6944491684436798,0.7046411633491516,0.6974539160728455,0.9989072144435729,0.019307971000671387,cone_normal_only
1,0.501263439655304,0.4789576530456543,capsule,/Users/bytedance/Downloads/mvtec_anomaly_detection/capsule/test/crack/003.png,0.5061048865318298,0.47903499007225037,0.48588819056749344,0.4980333745479584,0.4895252585411072,0.9990391207980234,0.022305786609649658,cone_contrastive
1,0.8922354578971863,0.015832573175430298,capsule,/Users/bytedance/Downloads/mvtec_anomaly_detection/capsule/test/crack/004.png,0.9797059893608093,0.018488004803657532,0.05415290612727401,0.7766892910003662,0.28091180324554443,0.9988242209653501,0.876402884721756,cosine
1,0.7130962014198303,0.688043475151062,capsule,/Users/bytedance/Downloads/mvtec_anomaly_detection/capsule/test/crack/004.png,0.7149705290794373,0.6881194710731506,0.6944163262844085,0.7098684906959534,0.6994460225105286,0.9991645916062915,0.02505272626876831,cone_normal_only
1,0.508197009563446,0.4791584312915802,capsule,/Users/bytedance/Downloads/mvtec_anomaly_detection/capsule/test/crack/004.png,0.5061203241348267,0.4792463779449463,0.48598964214324947,0.5043198466300964,0.4920448362827301,0.9991696103099171,0.029038578271865845,cone_contrastive
1,0.5484833121299744,0.008382161147892475,capsule,/Users/bytedance/Downloads/mvtec_anomaly_detection/capsule/test/crack/005.png,0.9645738005638123,0.01072312705218792,0.02807786175981158,0.40422523021698,0.1444893628358841,0.9988958097902797,0.5401011509820819,cosine
1,0.7042446732521057,0.6874818205833435,capsule,/Users/bytedance/Downloads/mvtec_anomaly_detection/capsule/test/crack/005.png,0.714203417301178,0.6875545978546143,0.6939873695373535,0.7018032073974609,0.696480929851532,0.9992036178454397,0.016762852668762207,cone_normal_only
1,0.4975740313529968,0.47862040996551514,capsule,/Users/bytedance/Downloads/mvtec_anomaly_detection/capsule/test/crack/005.png,0.504652738571167,0.4787026047706604,0.4853689283132553,0.494629830121994,0.48836109042167664,0.9993030455262174,0.01895362138748169,cone_contrastive
1,0.645290195941925,0.00877241138368845,capsule,/Users/bytedance/Downloads/mvtec_anomaly_detection/capsule/test/crack/006.png,0.964257001876831,0.012088746763765812,0.01780324103310704,0.6094818115234375,0.1884792149066925,0.9986117939681342,0.6365177845582366,cosine
1,0.7056899666786194,0.6873083114624023,capsule,/Users/bytedance/Downloads/mvtec_anomaly_detection/capsule/test/crack/006.png,0.714393675327301,0.6874040961265564,0.6930077582597732,0.7048323750495911,0.69658362865448,0.999003600436344,0.01838165521621704,cone_normal_only
1,0.49961772561073303,0.4784124493598938,capsule,/Users/bytedance/Downloads/mvtec_anomaly_detection/capsule/test/crack/006.png,0.504712700843811,0.4785228669643402,0.4843673661351204,0.4986163377761841,0.4888192415237427,0.9989787935524548,0.021205276250839233,cone_contrastive
1,0.7286919355392456,0.015596297569572926,capsule,/Users/bytedance/Downloads/mvtec_anomaly_detection/capsule/test/crack/007.png,0.9919500350952148,0.01906445063650608,0.06551944650709621,0.7190828323364258,0.2577870190143585,0.994406287244702,0.7130956379696727,cosine
1,0.7089521288871765,0.6883410215377808,capsule,/Users/bytedance/Downloads/mvtec_anomaly_detection/capsule/test/crack/007.png,0.716754674911499,0.688441276550293,0.6945931315422058,0.7083161473274231,0.6986842751502991,0.9912741611984246,0.020611107349395752,cone_normal_only
1,0.5033183693885803,0.4795389175415039,capsule,/Users/bytedance/Downloads/mvtec_anomaly_detection/capsule/test/crack/007.png,0.5084774494171143,0.47965455055236816,0.48640058636665345,0.5024697184562683,0.49111995100975037,0.9928299949209348,0.023779451847076416,cone_contrastive
1,0.5900001525878906,0.008594632148742676,capsule,/Users/bytedance/Downloads/mvtec_anomaly_detection/capsule/test/crack/008.png,0.9910978078842163,0.010189399123191833,0.027894769888371224,0.4153514504432678,0.12966826558113098,0.9983298007693203,0.581405520439148,cosine
1,0.7072249054908752,0.6876696944236755,capsule,/Users/bytedance/Downloads/mvtec_anomaly_detection/capsule/test/crack/008.png,0.7172360420227051,0.6877233982086182,0.6943826586008072,0.7031335830688477,0.6968397498130798,0.9972957494356997,0.019555211067199707,cone_normal_only
1,0.5011100172996521,0.4787314236164093,capsule,/Users/bytedance/Downloads/mvtec_anomaly_detection/capsule/test/crack/008.png,0.5081505179405212,0.4787927269935608,0.48580766916275026,0.49626627564430237,0.4887813627719879,0.9971612751855383,0.022378593683242798,cone_contrastive
1,0.516947865486145,0.013348347507417202,capsule,/Users/bytedance/Downloads/mvtec_anomaly_detection/capsule/test/crack/009.png,0.9800445437431335,0.016052866354584694,0.05253369621932461,0.5355323553085327,0.23417147994041443,0.995673914637375,0.5035995179787278,cosine
1,0.7040016651153564,0.6879097819328308,capsule,/Users/bytedance/Downloads/mvtec_anomaly_detection/capsule/test/crack/009.png,0.7160308361053467,0.6879960894584656,0.6947864800691604,0.7042482495307922,0.6984620690345764,0.9961089910709313,0.016091883182525635,cone_normal_only
1,0.49733173847198486,0.4790351390838623,capsule,/Users/bytedance/Downloads/mvtec_anomaly_detection/capsule/test/crack/009.png,0.5061271786689758,0.4791334569454193,0.48645282983779903,0.4975024461746216,0.49076196551322937,0.9962803878511087,0.01829659938812256,cone_contrastive
1,0.08373246341943741,0.004455134738236666,capsule,/Users/bytedance/Downloads/mvtec_anomaly_detection/capsule/test/crack/010.png,0.9689223766326904,0.00588010810315609,0.018553559854626624,0.2012096345424652,0.06459251791238785,0.9819928936718654,0.07927732868120074,cosine
1,0.6950712203979492,0.686655580997467,capsule,/Users/bytedance/Downloads/mvtec_anomaly_detection/capsule/test/crack/010.png,0.7140924334526062,0.6868069171905518,0.6934553384780884,0.6982107758522034,0.6950200200080872,0.9713918399990837,0.008415639400482178,cone_normal_only
1,0.4874683916568756,0.4777325391769409,capsule,/Users/bytedance/Downloads/mvtec_anomaly_detection/capsule/test/crack/010.png,0.5050234198570251,0.47790756821632385,0.48498613238334654,0.49113577604293823,0.4871395230293274,0.9792309920474556,0.009735852479934692,cone_contrastive
1,0.5009283423423767,0.006065880414098501,capsule,/Users/bytedance/Downloads/mvtec_anomaly_detection/capsule/test/crack/011.png,0.9670442342758179,0.008764052763581276,0.018342815153300735,0.40047407150268555,0.11559078097343445,0.9988847097260919,0.4948624619282782,cosine
1,0.7038775086402893,0.6874123811721802,capsule,/Users/bytedance/Downloads/mvtec_anomaly_detection/capsule/test/crack/011.png,0.7151269912719727,0.6875021457672119,0.6937231332063675,0.7019041180610657,0.6961351633071899,0.9993574854915048,0.01646512746810913,cone_normal_only
1,0.4973263144493103,0.47852909564971924,capsule,/Users/bytedance/Downloads/mvtec_anomaly_detection/capsule/test/crack/011.png,0.5048152804374695,0.4786316454410553,0.485007306933403,0.49491381645202637,0.48799896240234375,0.9993898585162043,0.018797218799591064,cone_contrastive
1,0.24525341391563416,0.008131839334964752,capsule,/Users/bytedance/Downloads/mvtec_anomaly_detection/capsule/test/crack/012.png,0.9671570062637329,0.008925414644181728,0.030130332894623194,0.2671390473842621,0.11218270659446716,0.9950025723245264,0.2371215745806694,cosine
1,0.6996700763702393,0.6872797012329102,capsule,/Users/bytedance/Downloads/mvtec_anomaly_detection/capsule/test/crack/012.png,0.7142348885536194,0.6873213052749634,0.6941408514976501,0.699993371963501,0.6965205669403076,0.9955419717965565,0.012390375137329102,cone_normal_only
1,0.4923402965068817,0.4783822298049927,capsule,/Users/bytedance/Downloads/mvtec_anomaly_detection/capsule/test/crack/012.png,0.50485759973526,0.4784288704395294,0.48575170487165453,0.49272292852401733,0.48856866359710693,0.9955988719948454,0.013958066701889038,cone_contrastive
1,0.3286997377872467,0.0049164313822984695,capsule,/Users/bytedance/Downloads/mvtec_anomaly_detection/capsule/test/crack/013.png,0.9637576341629028,0.005204829387366772,0.018749990127980693,0.12210169434547424,0.04610650613903999,0.9998969601769501,0.32378330640494823,cosine
1,0.7004892230033875,0.6871556043624878,capsule,/Users/bytedance/Downloads/mvtec_anomaly_detection/capsule/test/crack/013.png,0.7134279608726501,0.6871675252914429,0.6935316652059555,0.6966844201087952,0.6946648359298706,0.9999193255308475,0.013333618640899658,cone_normal_only
1,0.4933706521987915,0.4782533645629883,capsule,/Users/bytedance/Downloads/mvtec_anomaly_detection/capsule/test/crack/013.png,0.5046764612197876,0.47826680541038513,0.4848268315196037,0.48879656195640564,0.4863390326499939,0.9999247725011965,0.015117287635803223,cone_contrastive
1,0.8196942210197449,0.0060650743544101715,capsule,/Users/bytedance/Downloads/mvtec_anomaly_detection/capsule/test/crack/014.png,0.9630557894706726,0.006871658377349377,0.013735286332666841,0.362211674451828,0.08980260789394379,0.9995866117404623,0.8136291466653347,cosine
1,0.71005779504776,0.6868999600410461,capsule,/Users/bytedance/Downloads/mvtec_anomaly_detection/capsule/test/crack/014.png,0.7133191823959351,0.6869229078292847,0.6928726166486741,0.7007806897163391,0.6950380802154541,0.9996983384866153,0.023157835006713867,cone_normal_only
1,0.5047768950462341,0.4780519902706146,capsule,/Users/bytedance/Downloads/mvtec_anomaly_detection/capsule/test/crack/014.png,0.5046465992927551,0.4780784547328949,0.4840766221284866,0.4936017096042633,0.4867086410522461,0.9997060590130393,0.026724904775619507,cone_contrastive
1,0.8045668005943298,0.017329305410385132,capsule,/Users/bytedance/Downloads/mvtec_anomaly_detection/capsule/test/crack/015.png,0.9896543025970459,0.02651536837220192,0.06989325992763006,0.9040881991386414,0.4065176546573639,0.9975674947681542,0.7872374951839447,cosine
1,0.7100940942764282,0.6881360411643982,capsule,/Users/bytedance/Downloads/mvtec_anomaly_detection/capsule/test/crack/015.png,0.717170238494873,0.6883922219276428,0.6958039820194244,0.7121402025222778,0.702390730381012,0.9974680703639638,0.02195805311203003,cone_normal_only
1,0.5047382712364197,0.47928428649902344,capsule,/Users/bytedance/Downloads/mvtec_anomaly_detection/capsule/test/crack/015.png,0.5077017545700073,0.4795813262462616,0.4877170488238335,0.5071924924850464,0.49544546008110046,0.9975273848963472,0.02545398473739624,cone_contrastive
1,0.29857271909713745,0.004620589781552553,capsule,/Users/bytedance/Downloads/mvtec_anomaly_detection/capsule/test/crack/016.png,0.9592433571815491,0.005206688307225704,0.01581346066668629,0.15770019590854645,0.05264976620674133,0.9993761024642676,0.2939521293155849,cosine
1,0.6995834112167358,0.6870131492614746,capsule,/Users/bytedance/Downloads/mvtec_anomaly_detection/capsule/test/crack/016.png,0.7137640118598938,0.6870381236076355,0.6930513888597488,0.6971421837806702,0.6944552659988403,0.9989792388853506,0.01257026195526123,cone_normal_only
1,0.4919438064098358,0.4780580401420593,capsule,/Users/bytedance/Downloads/mvtec_anomaly_detection/capsule/test/crack/016.png,0.5043071508407593,0.4780856966972351,0.4840516269207001,0.48907601833343506,0.4858984351158142,0.9989915480604185,0.01388576626777649,cone_contrastive
1,0.864491879940033,0.016524970531463623,capsule,/Users/bytedance/Downloads/mvtec_anomaly_detection/capsule/test/crack/017.png,0.9920209050178528,0.02059219405055046,0.05654928535223003,0.8199182152748108,0.3283475339412689,0.9986364187317613,0.8479669094085693,cosine
1,0.712496817111969,0.6878864765167236,capsule,/Users/bytedance/Downloads/mvtec_anomaly_detection/capsule/test/crack/017.png,0.716309666633606,0.6880044937133789,0.6947126030921936,0.7112619280815125,0.7006101012229919,0.9989816662506216,0.02461034059524536,cone_normal_only
1,0.5076032280921936,0.47901690006256104,capsule,/Users/bytedance/Downloads/mvtec_anomaly_detection/capsule/test/crack/017.png,0.5086642503738403,0.47915396094322205,0.4862546443939209,0.5061746835708618,0.49344515800476074,0.998932483387821,0.02858632802963257,cone_contrastive
1,0.8275581002235413,0.013573739677667618,capsule,/Users/bytedance/Downloads/mvtec_anomaly_detection/capsule/test/crack/018.png,0.9780997633934021,0.015873201191425323,0.033174356445670114,0.6611061692237854,0.2390596717596054,0.9991799227027693,0.8139843605458736,cosine
1,0.7094254493713379,0.6880068182945251,capsule,/Users/bytedance/Downloads/mvtec_anomaly_detection/capsule/test/crack/018.png,0.7158600091934204,0.6880672574043274,0.6942766636610032,0.7062129378318787,0.6981093883514404,0.9991525603319691,0.021418631076812744,cone_normal_only
1,0.5038631558418274,0.4791516661643982,capsule,/Users/bytedance/Downloads/mvtec_anomaly_detection/capsule/test/crack/018.png,0.5058303475379944,0.47922152280807495,0.4857218250632286,0.499927282333374,0.49036890268325806,0.999220814642986,0.0247114896774292,cone_contrastive
1,0.8769901394844055,0.017195552587509155,capsule,/Users/bytedance/Downloads/mvtec_anomaly_detection/capsule/test/crack/019.png,0.9882749319076538,0.019573159515857697,0.06534324586391416,0.7380220890045166,0.29692938923835754,0.9993769348302249,0.8597945868968964,cosine
1,0.7131966352462769,0.6881227493286133,capsule,/Users/bytedance/Downloads/mvtec_anomaly_detection/capsule/test/crack/019.png,0.7172488570213318,0.6881920099258423,0.6949622958898545,0.7091307044029236,0.6997281908988953,0.9995561100740038,0.025073885917663574,cone_normal_only
1,0.5081352591514587,0.4792640507221222,capsule,/Users/bytedance/Downloads/mvtec_anomaly_detection/capsule/test/crack/019.png,0.5074425935745239,0.479343980550766,0.4866041108965874,0.5033721923828125,0.4922583997249603,0.9995502776678619,0.028871208429336548,cone_contrastive
1,0.04922983795404434,0.003658483736217022,capsule,/Users/bytedance/Downloads/mvtec_anomaly_detection/capsule/test/crack/020.png,0.9617205858230591,0.0036892241332679987,0.013909225631505205,0.058292366564273834,0.027894508093595505,0.9901364578638804,0.04557135421782732,cosine
1,0.6950609683990479,0.6867275834083557,capsule,/Users/bytedance/Downloads/mvtec_anomaly_detection/capsule/test/crack/020.png,0.7135177850723267,0.6867331266403198,0.6928819745779038,0.695318341255188,0.6938891410827637,0.9905258353220986,0.008333384990692139,cone_normal_only
1,0.48685139417648315,0.4777936637401581,capsule,/Users/bytedance/Downloads/mvtec_anomaly_detection/capsule/test/crack/020.png,0.5045257806777954,0.47779977321624756,0.48390754908323286,0.4871867597103119,0.4852755069732666,0.9913538959988015,0.009057730436325073,cone_contrastive
1,0.13150517642498016,0.004091877955943346,capsule,/Users/bytedance/Downloads/mvtec_anomaly_detection/capsule/test/crack/021.png,0.9684745669364929,0.004139360971748829,0.014466918492689725,0.08410508930683136,0.033460792154073715,0.9985783897041279,0.12741329846903682,cosine
1,0.6978766918182373,0.6870394945144653,capsule,/Users/bytedance/Downloads/mvtec_anomaly_detection/capsule/test/crack/021.png,0.7151015400886536,0.6870436072349548,0.6931932389736175,0.6957521438598633,0.6941976547241211,0.9993322372345502,0.010837197303771973,cone_normal_only
1,0.48989447951316833,0.47812002897262573,capsule,/Users/bytedance/Downloads/mvtec_anomaly_detection/capsule/test/crack/021.png,0.5049551129341125,0.47812438011169434,0.48430106043815613,0.48757457733154297,0.48566409945487976,0.9992832296886185,0.011774450540542603,cone_contrastive
1,0.5329146385192871,0.005788322072476149,capsule,/Users/bytedance/Downloads/mvtec_anomaly_detection/capsule/test/crack/022.png,0.9628198146820068,0.006167474668473005,0.014799569780006997,0.25422096252441406,0.07034740597009659,0.9992865601635486,0.527126316446811,cosine
1,0.7035377025604248,0.6872584223747253,capsule,/Users/bytedance/Downloads/mvtec_anomaly_detection/capsule/test/crack/022.png,0.7137320041656494,0.6872701644897461,0.6932083874940872,0.698874831199646,0.6949959993362427,0.9993189470857017,0.016279280185699463,cone_normal_only
1,0.4967895746231079,0.478339284658432,capsule,/Users/bytedance/Downloads/mvtec_anomaly_detection/capsule/test/crack/022.png,0.504581868648529,0.47835254669189453,0.4843175053596497,0.4912050664424896,0.48658135533332825,0.9993396043767409,0.018450289964675903,cone_contrastive
1,0.28770333528518677,0.007596188224852085,capsule,/Users/bytedance/Downloads/mvtec_anomaly_detection/capsule/test/scratch/000.png,0.9649999141693115,0.008507526479661465,0.022255843412130993,0.32717737555503845,0.10906537622213364,0.9892692700926732,0.2801071470603347,cosine
1,0.7002441883087158,0.6873668432235718,capsule,/Users/bytedance/Downloads/mvtec_anomaly_detection/capsule/test/scratch/000.png,0.7144082188606262,0.6874087452888489,0.6938118666410447,0.7011801600456238,0.6962372064590454,0.9878539933424252,0.012877345085144043,cone_normal_only
1,0.49247658252716064,0.47841811180114746,capsule,/Users/bytedance/Downloads/mvtec_anomaly_detection/capsule/test/scratch/000.png,0.5047003626823425,0.4784638583660126,0.4850867003202438,0.49355241656303406,0.4879964292049408,0.9876248520122664,0.014058470726013184,cone_contrastive
1,0.009026764892041683,0.003321609226986766,capsule,/Users/bytedance/Downloads/mvtec_anomaly_detection/capsule/test/scratch/001.png,0.9616783857345581,0.0033587340731173754,0.011970985587686297,0.027387378737330437,0.017036881297826767,0.8938522692386284,0.005705155665054917,cosine
1,0.6919220089912415,0.6869770288467407,capsule,/Users/bytedance/Downloads/mvtec_anomaly_detection/capsule/test/scratch/001.png,0.7135918140411377,0.6870093941688538,0.6928769260644912,0.6942452788352966,0.6934586763381958,0.8985436325963263,0.004944980144500732,cone_normal_only
1,0.48324286937713623,0.47801753878593445,capsule,/Users/bytedance/Downloads/mvtec_anomaly_detection/capsule/test/scratch/001.png,0.5045262575149536,0.4780515134334564,0.48394273817539213,0.4859045743942261,0.48471927642822266,0.917884339584149,0.005225330591201782,cone_contrastive
1,0.4079197943210602,0.008337718434631824,capsule,/Users/bytedance/Downloads/mvtec_anomaly_detection/capsule/test/scratch/002.png,0.967560350894928,0.010647434741258621,0.026857016142457574,0.45228812098503113,0.1507474035024643,0.9959289444165861,0.39958207588642836,cosine
1,0.7022933959960938,0.687463641166687,capsule,/Users/bytedance/Downloads/mvtec_anomaly_detection/capsule/test/scratch/002.png,0.7147727012634277,0.6875494122505188,0.6942872047424317,0.7030590772628784,0.6970717310905457,0.9959504590484584,0.014829754829406738,cone_normal_only
1,0.4950067698955536,0.478545606136322,capsule,/Users/bytedance/Downloads/mvtec_anomaly_detection/capsule/test/scratch/002.png,0.5048955082893372,0.47864073514938354,0.4857829466462135,0.4960923492908478,0.4890362024307251,0.9950137689656211,0.016461163759231567,cone_contrastive
1,0.07028871029615402,0.004812893457710743,capsule,/Users/bytedance/Downloads/mvtec_anomaly_detection/capsule/test/scratch/003.png,0.964172899723053,0.005331919528543949,0.01696916706860065,0.12969428300857544,0.05046478286385536,0.9843853698539529,0.06547581683844328,cosine
1,0.6957520246505737,0.6872542500495911,capsule,/Users/bytedance/Downloads/mvtec_anomaly_detection/capsule/test/scratch/003.png,0.7145166993141174,0.687321662902832,0.6933190882205963,0.6978386044502258,0.694951593875885,0.9800247374687258,0.008497774600982666,cone_normal_only
1,0.4878954589366913,0.47836050391197205,capsule,/Users/bytedance/Downloads/mvtec_anomaly_detection/capsule/test/scratch/003.png,0.5046780705451965,0.47843611240386963,0.48465188294649125,0.4901282787322998,0.48670852184295654,0.9838918145783132,0.009534955024719238,cone_contrastive
1,0.2531825006008148,0.008514792658388615,capsule,/Users/bytedance/Downloads/mvtec_anomaly_detection/capsule/test/scratch/004.png,0.965853750705719,0.01103967148810625,0.03297032937407479,0.3506454527378082,0.16225367784500122,0.9910531034919208,0.2446677079424262,cosine
1,0.6993902325630188,0.6873835325241089,capsule,/Users/bytedance/Downloads/mvtec_anomaly_detection/capsule/test/scratch/004.png,0.7152801156044006,0.6875073909759521,0.6941031813621521,0.7011545300483704,0.6971505284309387,0.9922315650932121,0.012006700038909912,cone_normal_only
1,0.49181339144706726,0.47847604751586914,capsule,/Users/bytedance/Downloads/mvtec_anomaly_detection/capsule/test/scratch/004.png,0.5047160387039185,0.4786137044429779,0.4853585049510002,0.4938986599445343,0.48915567994117737,0.9921772528175913,0.01333734393119812,cone_contrastive
1,0.007173371966928244,0.0029382496140897274,capsule,/Users/bytedance/Downloads/mvtec_anomaly_detection/capsule/test/scratch/005.png,0.9558302164077759,0.0029507819563150406,0.01025242251344024,0.026966210454702377,0.01600082777440548,0.8815509873371861,0.004235122352838516,cosine
1,0.6913732886314392,0.686801552772522,capsule,/Users/bytedance/Downloads/mvtec_anomaly_detection/capsule/test/scratch/005.png,0.7131938338279724,0.6868151426315308,0.6923305124044419,0.6942676305770874,0.6932456493377686,0.898561403363412,0.004571735858917236,cone_normal_only
1,0.4824044704437256,0.47779756784439087,capsule,/Users/bytedance/Downloads/mvtec_anomaly_detection/capsule/test/scratch/005.png,0.5041502118110657,0.47781118750572205,0.48334917426109314,0.4858089089393616,0.4844459295272827,0.9028718547631513,0.004606902599334717,cone_contrastive
1,0.6182274222373962,0.005850978195667267,capsule,/Users/bytedance/Downloads/mvtec_anomaly_detection/capsule/test/scratch/006.png,0.9785382151603699,0.011063586920499802,0.020907895639538748,0.5994570255279541,0.15966112911701202,0.9993669723236647,0.612376444041729,cosine
1,0.7053394913673401,0.6874521374702454,capsule,/Users/bytedance/Downloads/mvtec_anomaly_detection/capsule/test/scratch/006.png,0.7159914970397949,0.6876044273376465,0.69370037317276,0.7050890326499939,0.6967792510986328,0.9967389562384915,0.017887353897094727,cone_normal_only
1,0.49902766942977905,0.47855764627456665,capsule,/Users/bytedance/Downloads/mvtec_anomaly_detection/capsule/test/scratch/006.png,0.5059196949005127,0.4787319600582123,0.4850772574543953,0.4987107813358307,0.48891451954841614,0.9975366756141381,0.020470023155212402,cone_contrastive
1,0.3920368254184723,0.007732094265520573,capsule,/Users/bytedance/Downloads/mvtec_anomaly_detection/capsule/test/scratch/007.png,0.974723756313324,0.010025111958384514,0.02007297212257977,0.41298210620880127,0.14275339245796204,0.9970549257072192,0.3843047311529517,cosine
1,0.7022573351860046,0.687349259853363,capsule,/Users/bytedance/Downloads/mvtec_anomaly_detection/capsule/test/scratch/007.png,0.7156269550323486,0.6874382495880127,0.6937107443809509,0.7023553848266602,0.6965052485466003,0.9974726240081159,0.014908075332641602,cone_normal_only
1,0.49500206112861633,0.47843796014785767,capsule,/Users/bytedance/Downloads/mvtec_anomaly_detection/capsule/test/scratch/007.png,0.5055278539657593,0.47853678464889526,0.484798064827919,0.49507415294647217,0.48823466897010803,0.9976518401305963,0.016564100980758667,cone_contrastive
1,0.6318504214286804,0.008251016028225422,capsule,/Users/bytedance/Downloads/mvtec_anomaly_detection/capsule/test/scratch/008.png,0.9759347438812256,0.01220190804451704,0.019067335408180938,0.6846290230751038,0.1951863169670105,0.9952117412315382,0.623599405400455,cosine
1,0.7057397365570068,0.6869514584541321,capsule,/Users/bytedance/Downloads/mvtec_anomaly_detection/capsule/test/scratch/008.png,0.7148627638816833,0.6870704293251038,0.6939323872327805,0.7067985534667969,0.6976485252380371,0.9943642534276073,0.018788278102874756,cone_normal_only
1,0.49882856011390686,0.47792965173721313,capsule,/Users/bytedance/Downloads/mvtec_anomaly_detection/capsule/test/scratch/008.png,0.5056609511375427,0.47806212306022644,0.4851270616054535,0.5000695586204529,0.48952439427375793,0.9937233045522578,0.020898908376693726,cone_contrastive
1,0.14006540179252625,0.005378343164920807,capsule,/Users/bytedance/Downloads/mvtec_anomaly_detection/capsule/test/scratch/009.png,0.9488317370414734,0.006671384908258915,0.018359232507646067,0.2405441701412201,0.08545440435409546,0.9914793054658702,0.13468705862760544,cosine
1,0.6980869174003601,0.6870676875114441,capsule,/Users/bytedance/Downloads/mvtec_anomaly_detection/capsule/test/scratch/009.png,0.7134132385253906,0.6871734261512756,0.6935017108917236,0.6997835636138916,0.6957384943962097,0.9945225349270784,0.011019229888916016,cone_normal_only
1,0.4902914762496948,0.47816380858421326,capsule,/Users/bytedance/Downloads/mvtec_anomaly_detection/capsule/test/scratch/009.png,0.5038020610809326,0.4782802164554596,0.48479005694389343,0.4922502040863037,0.48754337430000305,0.9943376662026145,0.012127667665481567,cone_contrastive
1,0.7259054780006409,0.010356525890529156,capsule,/Users/bytedance/Downloads/mvtec_anomaly_detection/capsule/test/scratch/010.png,0.9817797541618347,0.015593991614878178,0.03563852291554199,0.7423413991928101,0.24441653490066528,0.9968541591414649,0.7155489521101117,cosine
1,0.7078840136528015,0.6871923804283142,capsule,/Users/bytedance/Downloads/mvtec_anomaly_detection/capsule/test/scratch/010.png,0.7152833342552185,0.6873436570167542,0.6946625620126724,0.7081444263458252,0.6988709568977356,0.9978414041346122,0.020691633224487305,cone_normal_only
1,0.5015290975570679,0.47829893231391907,capsule,/Users/bytedance/Downloads/mvtec_anomaly_detection/capsule/test/scratch/010.png,0.506422758102417,0.47846895456314087,0.48618016093969346,0.5018336772918701,0.4911358952522278,0.9974661664121479,0.023230165243148804,cone_contrastive
1,0.23682335019111633,0.008681542240083218,capsule,/Users/bytedance/Downloads/mvtec_anomaly_detection/capsule/test/scratch/011.png,0.9568312168121338,0.01013121660798788,0.022086350806057427,0.4013806879520416,0.15303966403007507,0.9891020761896673,0.22814180795103312,cosine
1,0.6987378001213074,0.6867095828056335,capsule,/Users/bytedance/Downloads/mvtec_anomaly_detection/capsule/test/scratch/011.png,0.7133306264877319,0.6867860555648804,0.6933672338724136,0.7007863521575928,0.6958550214767456,0.9902549585870439,0.012028217315673828,cone_normal_only
1,0.49115997552871704,0.47775110602378845,capsule,/Users/bytedance/Downloads/mvtec_anomaly_detection/capsule/test/scratch/011.png,0.5042182207107544,0.4778362512588501,0.48465651124715803,0.4935656189918518,0.4877222180366516,0.9912994488087327,0.013408869504928589,cone_contrastive
1,0.07639371603727341,0.005315969232469797,capsule,/Users/bytedance/Downloads/mvtec_anomaly_detection/capsule/test/scratch/012.png,0.9748440384864807,0.005630136467516422,0.02115268716588614,0.10382794588804245,0.05072242021560669,0.9911309395550616,0.07107774680480361,cosine
1,0.6971409916877747,0.6873834729194641,capsule,/Users/bytedance/Downloads/mvtec_anomaly_detection/capsule/test/scratch/012.png,0.7155469059944153,0.6874265670776367,0.6941422134637832,0.6977817416191101,0.695501446723938,0.993927144501436,0.009757518768310547,cone_normal_only
1,0.4888552725315094,0.4784024953842163,capsule,/Users/bytedance/Downloads/mvtec_anomaly_detection/capsule/test/scratch/012.png,0.5055161118507385,0.478448748588562,0.48535950630903246,0.48965519666671753,0.4870467185974121,0.9932604671411913,0.01045277714729309,cone_contrastive
1,0.6700335144996643,0.0088274534791708,capsule,/Users/bytedance/Downloads/mvtec_anomaly_detection/capsule/test/scratch/013.png,0.9738896489143372,0.010840711183845997,0.021773759368807016,0.5192309617996216,0.15003742277622223,0.998614543398695,0.6612060610204935,cosine
1,0.706283688545227,0.687684953212738,capsule,/Users/bytedance/Downloads/mvtec_anomaly_detection/capsule/test/scratch/013.png,0.7150195240974426,0.6877415776252747,0.693754255771637,0.7034109830856323,0.6963601112365723,0.9985857197555164,0.018598735332489014,cone_normal_only
1,0.49993592500686646,0.47876206040382385,capsule,/Users/bytedance/Downloads/mvtec_anomaly_detection/capsule/test/scratch/013.png,0.5055104494094849,0.47882646322250366,0.485000903904438,0.4964604079723358,0.4881710410118103,0.998600587987679,0.021173864603042603,cone_contrastive
1,0.6605480909347534,0.021348750218749046,capsule,/Users/bytedance/Downloads/mvtec_anomaly_detection/capsule/test/scratch/014.png,0.9888929724693298,0.03113241121172905,0.16273507475852922,0.786351203918457,0.4772937595844269,0.994281696402312,0.6391993407160044,cosine
1,0.7065419554710388,0.6879265904426575,capsule,/Users/bytedance/Downloads/mvtec_anomaly_detection/capsule/test/scratch/014.png,0.7163161039352417,0.6882116198539734,0.6969223648309707,0.7086198329925537,0.7029661536216736,0.9949845711916896,0.018615365028381348,cone_normal_only
1,0.5003164410591125,0.4790576100349426,capsule,/Users/bytedance/Downloads/mvtec_anomaly_detection/capsule/test/scratch/014.png,0.507678210735321,0.4793829321861267,0.48877531141042707,0.5027285814285278,0.49592792987823486,0.995080890169172,0.021258831024169922,cone_contrastive
1,0.35615912079811096,0.012530106119811535,capsule,/Users/bytedance/Downloads/mvtec_anomaly_detection/capsule/test/scratch/015.png,0.9800310134887695,0.01673191972076893,0.06969186291098589,0.5224027037620544,0.24286924302577972,0.9900514345873084,0.3436290146782994,cosine
1,0.7019973993301392,0.6876241564750671,capsule,/Users/bytedance/Downloads/mvtec_anomaly_detection/capsule/test/scratch/015.png,0.7156935930252075,0.6877999305725098,0.694655817747116,0.7042738795280457,0.6987773180007935,0.9941615081825502,0.014373242855072021,cone_normal_only
1,0.49455946683883667,0.4787427484989166,capsule,/Users/bytedance/Downloads/mvtec_anomaly_detection/capsule/test/scratch/015.png,0.5062033534049988,0.4789361357688904,0.4864366129040718,0.4971751868724823,0.49093762040138245,0.9940380379100913,0.015816718339920044,cone_contrastive
1,0.47236740589141846,0.0105404919013381,capsule,/Users/bytedance/Downloads/mvtec_anomaly_detection/capsule/test/scratch/016.png,0.9778562188148499,0.013079194352030754,0.04137141257524469,0.49665218591690063,0.1845902055501938,0.996221764724302,0.46182691399008036,cosine
1,0.7031512260437012,0.6875614523887634,capsule,/Users/bytedance/Downloads/mvtec_anomaly_detection/capsule/test/scratch/016.png,0.7153841257095337,0.6876471638679504,0.6947563767433167,0.7032584547996521,0.697839081287384,0.9970103132661009,0.015589773654937744,cone_normal_only
1,0.4960729479789734,0.4786500036716461,capsule,/Users/bytedance/Downloads/mvtec_anomaly_detection/capsule/test/scratch/016.png,0.5058466196060181,0.478745698928833,0.48639618456363676,0.49619248509407043,0.4899498224258423,0.9969364950952074,0.01742294430732727,cone_contrastive
1,0.02886599488556385,0.006140036508440971,capsule,/Users/bytedance/Downloads/mvtec_anomaly_detection/capsule/test/scratch/017.png,0.9763695597648621,0.006245737429708242,0.021643115393817393,0.14234669506549835,0.06084851175546646,0.9597021846705691,0.02272595837712288,cosine
1,0.6947371363639832,0.6872750520706177,capsule,/Users/bytedance/Downloads/mvtec_anomaly_detection/capsule/test/scratch/017.png,0.7145167589187622,0.6873098015785217,0.6935864597558975,0.6969143152236938,0.6948254704475403,0.9767875046779155,0.0074620842933654785,cone_normal_only
1,0.4864089787006378,0.4783391058444977,capsule,/Users/bytedance/Downloads/mvtec_anomaly_detection/capsule/test/scratch/017.png,0.5058004260063171,0.4783766269683838,0.4848229229450226,0.48870420455932617,0.486331969499588,0.98028667071766,0.008069872856140137,cone_contrastive
1,0.8202042579650879,0.010753548704087734,capsule,/Users/bytedance/Downloads/mvtec_anomaly_detection/capsule/test/scratch/018.png,0.9773468375205994,0.01543545350432396,0.0282015141099691,0.7480103373527527,0.24920697510242462,0.9993913873092294,0.8094507092610002,cosine
1,0.7098016142845154,0.6874143481254578,capsule,/Users/bytedance/Downloads/mvtec_anomaly_detection/capsule/test/scratch/018.png,0.7160364389419556,0.6875439286231995,0.6937357604503631,0.7083747386932373,0.6983993649482727,0.9994813614343984,0.022387266159057617,cone_normal_only
1,0.5039491057395935,0.47850745916366577,capsule,/Users/bytedance/Downloads/mvtec_anomaly_detection/capsule/test/scratch/018.png,0.5058130025863647,0.47865456342697144,0.48515906035900114,0.5022802948951721,0.4907132685184479,0.9994721459218197,0.025441646575927734,cone_contrastive
1,0.7228651642799377,0.009433010593056679,capsule,/Users/bytedance/Downloads/mvtec_anomaly_detection/capsule/test/scratch/019.png,0.9817079305648804,0.015955159440636635,0.033876147679984515,0.7472778558731079,0.25559017062187195,0.9990799816584205,0.7134321536868811,cosine
1,0.7074543237686157,0.6872389316558838,capsule,/Users/bytedance/Downloads/mvtec_anomaly_detection/capsule/test/scratch/019.png,0.715055525302887,0.6874237060546875,0.6945447385311126,0.7079387307167053,0.6988917589187622,0.9990215025443766,0.020215392112731934,cone_normal_only
1,0.5011340975761414,0.47828441858291626,capsule,/Users/bytedance/Downloads/mvtec_anomaly_detection/capsule/test/scratch/019.png,0.5064511895179749,0.47849327325820923,0.4858667805790901,0.5016994476318359,0.49115699529647827,0.9990203517912082,0.022849678993225098,cone_contrastive
1,0.43439924716949463,0.012630742974579334,capsule,/Users/bytedance/Downloads/mvtec_anomaly_detection/capsule/test/scratch/020.png,0.9676466584205627,0.014792053960263729,0.052381116524338536,0.46616339683532715,0.21640124917030334,0.9955177601169307,0.4217685041949153,cosine
1,0.7022347450256348,0.6872208118438721,capsule,/Users/bytedance/Downloads/mvtec_anomaly_detection/capsule/test/scratch/020.png,0.7139765024185181,0.6872975826263428,0.6945558428764343,0.7027890682220459,0.6978524923324585,0.9957107421608281,0.015013933181762695,cone_normal_only
1,0.49482595920562744,0.4782552123069763,capsule,/Users/bytedance/Downloads/mvtec_anomaly_detection/capsule/test/scratch/020.png,0.50496906042099,0.47834017872810364,0.48600332885980607,0.49545928835868835,0.4898589849472046,0.9956817819133993,0.016570746898651123,cone_contrastive
1,0.05298078432679176,0.003927891608327627,capsule,/Users/bytedance/Downloads/mvtec_anomaly_detection/capsule/test/scratch/021.png,0.9599418044090271,0.00414050230756402,0.01481389636173844,0.07132115960121155,0.030913593247532845,0.9817107298308787,0.049052892718464136,cosine
1,0.6955930590629578,0.6871525645256042,capsule,/Users/bytedance/Downloads/mvtec_anomaly_detection/capsule/test/scratch/021.png,0.7144123315811157,0.6871890425682068,0.6930621773004532,0.6964725255966187,0.6942043304443359,0.9774236758823293,0.008440494537353516,cone_normal_only
1,0.4872904121875763,0.4782547950744629,capsule,/Users/bytedance/Downloads/mvtec_anomaly_detection/capsule/test/scratch/021.png,0.5043977499008179,0.47829392552375793,0.48421489745378493,0.4883109927177429,0.4856869876384735,0.9808398678370436,0.009035617113113403,cone_contrastive
1,0.16721263527870178,0.004995341878384352,capsule,/Users/bytedance/Downloads/mvtec_anomaly_detection/capsule/test/scratch/022.png,0.9634405970573425,0.00733195710927248,0.017070548050105484,0.2749660313129425,0.09630294144153595,0.9919487936824254,0.16221729340031743,cosine
1,0.6979253888130188,0.6870493292808533,capsule,/Users/bytedance/Downloads/mvtec_anomaly_detection/capsule/test/scratch/022.png,0.7146304249763489,0.6872060298919678,0.693418338894844,0.700261116027832,0.6959334015846252,0.9930227316029057,0.010876059532165527,cone_normal_only
1,0.48994094133377075,0.4780912697315216,capsule,/Users/bytedance/Downloads/mvtec_anomaly_detection/capsule/test/scratch/022.png,0.5045813918113708,0.4782620966434479,0.48457266092300416,0.4926575720310211,0.48759302496910095,0.9930509025658264,0.011849671602249146,cone_contrastive
1,0.8634510636329651,0.017601070925593376,capsule,/Users/bytedance/Downloads/mvtec_anomaly_detection/capsule/test/poke/000.png,0.9979944229125977,0.02797229215502739,0.10129250138997933,0.9462078809738159,0.4638836979866028,0.998395210198758,0.8458499927073717,cosine
1,0.7138866782188416,0.6874777674674988,capsule,/Users/bytedance/Downloads/mvtec_anomaly_detection/capsule/test/poke/000.png,0.7192027568817139,0.6878015995025635,0.6953086912631988,0.7161916494369507,0.7040088176727295,0.9980143523708709,0.026408910751342773,cone_normal_only
1,0.5089547038078308,0.4786354899406433,capsule,/Users/bytedance/Downloads/mvtec_anomaly_detection/capsule/test/poke/000.png,0.5122532844543457,0.47900718450546265,0.48706230372190473,0.511660099029541,0.4972550868988037,0.9980310010348389,0.0303192138671875,cone_contrastive
1,0.5672455430030823,0.009646550752222538,capsule,/Users/bytedance/Downloads/mvtec_anomaly_detection/capsule/test/poke/001.png,0.9677731394767761,0.010733390226960182,0.036368817463517174,0.3459983766078949,0.12867459654808044,0.9994851060999084,0.5575989922508597,cosine
1,0.7050921320915222,0.6876816153526306,capsule,/Users/bytedance/Downloads/mvtec_anomaly_detection/capsule/test/poke/001.png,0.7141472101211548,0.6877155900001526,0.6941484808921814,0.7009164690971375,0.6962944269180298,0.9995457372913163,0.0174105167388916,cone_normal_only
1,0.49867185950279236,0.4788154065608978,capsule,/Users/bytedance/Downloads/mvtec_anomaly_detection/capsule/test/poke/001.png,0.5049267411231995,0.47885408997535706,0.48549386858940125,0.49362027645111084,0.48808717727661133,0.9995495213859285,0.01985645294189453,cone_contrastive
1,0.1004241332411766,0.00376404938288033,capsule,/Users/bytedance/Downloads/mvtec_anomaly_detection/capsule/test/poke/002.png,0.9505211710929871,0.003917149268090725,0.013236902188509696,0.06481529027223587,0.02680795080959797,0.9972011225477204,0.09666008385829628,cosine
1,0.6968849301338196,0.6869282722473145,capsule,/Users/bytedance/Downloads/mvtec_anomaly_detection/capsule/test/poke/002.png,0.7130678296089172,0.6869440078735352,0.6930179327726365,0.6956020593643188,0.6939676403999329,0.9983458032801211,0.009956657886505127,cone_normal_only
1,0.48880791664123535,0.47793933749198914,capsule,/Users/bytedance/Downloads/mvtec_anomaly_detection/capsule/test/poke/002.png,0.5038573741912842,0.4779565632343292,0.4841389566659927,0.4873579144477844,0.48531007766723633,0.9982211953012142,0.010868579149246216,cone_contrastive
1,0.783809244632721,0.013961912132799625,capsule,/Users/bytedance/Downloads/mvtec_anomaly_detection/capsule/test/poke/003.png,0.9866020679473877,0.015422283671796322,0.048340177908539735,0.5643753409385681,0.21412239968776703,0.9995808618879547,0.7698473324999213,cosine
1,0.7102618217468262,0.6878297924995422,capsule,/Users/bytedance/Downloads/mvtec_anomaly_detection/capsule/test/poke/003.png,0.7161217927932739,0.6878723502159119,0.695305398106575,0.7054223418235779,0.6987081170082092,0.9996289920537543,0.022432029247283936,cone_normal_only
1,0.5044161677360535,0.47889187932014465,capsule,/Users/bytedance/Downloads/mvtec_anomaly_detection/capsule/test/poke/003.png,0.5071831345558167,0.47894027829170227,0.4869514063000679,0.4984676241874695,0.4908396303653717,0.999674448321454,0.025524288415908813,cone_contrastive
1,0.7314526438713074,0.0184299498796463,capsule,/Users/bytedance/Downloads/mvtec_anomaly_detection/capsule/test/poke/004.png,0.9963950514793396,0.022158168256282806,0.0893862962722775,0.754341185092926,0.34261828660964966,0.9956902232435942,0.7130226939916611,cosine
1,0.7117616534233093,0.6882169842720032,capsule,/Users/bytedance/Downloads/mvtec_anomaly_detection/capsule/test/poke/004.png,0.7181851863861084,0.6883401274681091,0.6957388490438461,0.7124658226966858,0.7017945051193237,0.9951205086794229,0.023544669151306152,cone_normal_only
1,0.5068357586860657,0.4794287085533142,capsule,/Users/bytedance/Downloads/mvtec_anomaly_detection/capsule/test/poke/004.png,0.5107117891311646,0.47957196831703186,0.4876037612557411,0.5077422261238098,0.49480628967285156,0.9947049650540487,0.027407050132751465,cone_contrastive
1,0.7793060541152954,0.013575506396591663,capsule,/Users/bytedance/Downloads/mvtec_anomaly_detection/capsule/test/poke/005.png,0.9791468977928162,0.0143346032127738,0.04394515473395532,0.5160977840423584,0.19448082149028778,0.9998638494631703,0.7657305477187037,cosine
1,0.7081151008605957,0.6881802082061768,capsule,/Users/bytedance/Downloads/mvtec_anomaly_detection/capsule/test/poke/005.png,0.7158469557762146,0.6881998777389526,0.6947382509708404,0.703363299369812,0.6975924372673035,0.99985877256841,0.019934892654418945,cone_normal_only
1,0.5018478035926819,0.4793148338794708,capsule,/Users/bytedance/Downloads/mvtec_anomaly_detection/capsule/test/poke/005.png,0.5060327649116516,0.47933724522590637,0.4863966315984726,0.4962676465511322,0.4896908402442932,0.9998549508727687,0.02253296971321106,cone_contrastive
1,0.6711535453796387,0.00994492881000042,capsule,/Users/bytedance/Downloads/mvtec_anomaly_detection/capsule/test/poke/006.png,0.9714018702507019,0.011011934839189053,0.030393015313893552,0.4157099723815918,0.14922086894512177,0.999836857572704,0.6612086165696383,cosine
1,0.7060837149620056,0.6877549290657043,capsule,/Users/bytedance/Downloads/mvtec_anomaly_detection/capsule/test/poke/006.png,0.7140127420425415,0.6877844929695129,0.6939093470573425,0.7015135884284973,0.6963962316513062,0.9998442241550398,0.01832878589630127,cone_normal_only
1,0.49956756830215454,0.47886988520622253,capsule,/Users/bytedance/Downloads/mvtec_anomaly_detection/capsule/test/poke/006.png,0.505294680595398,0.47890323400497437,0.4853075444698334,0.49415796995162964,0.48825985193252563,0.9998453836697551,0.020697683095932007,cone_contrastive
1,0.48153892159461975,0.004464397672563791,capsule,/Users/bytedance/Downloads/mvtec_anomaly_detection/capsule/test/poke/007.png,0.9647121429443359,0.0047951024025678635,0.014024844719097007,0.1567700058221817,0.04655737802386284,0.9997980296937454,0.47707452392205596,cosine
1,0.7026829719543457,0.6871663928031921,capsule,/Users/bytedance/Downloads/mvtec_anomaly_detection/capsule/test/poke/007.png,0.7137933969497681,0.6871770620346069,0.6930178999900818,0.6969589591026306,0.6942864656448364,0.9997190401155175,0.015516579151153564,cone_normal_only
1,0.4958605170249939,0.47822511196136475,capsule,/Users/bytedance/Downloads/mvtec_anomaly_detection/capsule/test/poke/007.png,0.5047290921211243,0.4782373905181885,0.4842141166329384,0.48915550112724304,0.48584631085395813,0.9997457375703748,0.01763540506362915,cone_contrastive
1,0.8363513946533203,0.017470620572566986,capsule,/Users/bytedance/Downloads/mvtec_anomaly_detection/capsule/test/poke/008.png,0.9916859269142151,0.02168215624988079,0.06698134280741201,0.790258526802063,0.32311299443244934,0.9984455866985292,0.8188807740807533,cosine
1,0.7134460210800171,0.6882784962654114,capsule,/Users/bytedance/Downloads/mvtec_anomaly_detection/capsule/test/poke/008.png,0.7178917527198792,0.6884078979492188,0.6955819636583328,0.7121450304985046,0.7012293934822083,0.9987127775700229,0.025167524814605713,cone_normal_only
1,0.5084863901138306,0.4794541001319885,capsule,/Users/bytedance/Downloads/mvtec_anomaly_detection/capsule/test/poke/008.png,0.5082851648330688,0.4796034097671509,0.4874602884054184,0.5069057941436768,0.49397313594818115,0.9987069331047884,0.02903228998184204,cone_contrastive
1,0.055831070989370346,0.0036634791176766157,capsule,/Users/bytedance/Downloads/mvtec_anomaly_detection/capsule/test/poke/009.png,0.9597386121749878,0.0037801312282681465,0.013041426567360756,0.06026064231991768,0.02590768411755562,0.994655378922572,0.05216759187169373,cosine
1,0.6945894956588745,0.6869967579841614,capsule,/Users/bytedance/Downloads/mvtec_anomaly_detection/capsule/test/poke/009.png,0.7136341333389282,0.6870136260986328,0.6928555965423584,0.6951019167900085,0.6937440037727356,0.9831924948827897,0.007592737674713135,cone_normal_only
1,0.48670485615730286,0.4780471622943878,capsule,/Users/bytedance/Downloads/mvtec_anomaly_detection/capsule/test/poke/009.png,0.5043602585792542,0.4780665338039398,0.48397127985954286,0.48695963621139526,0.48517343401908875,0.9908561179921611,0.008657693862915039,cone_contrastive
1,0.3293207883834839,0.0072793615981936455,capsule,/Users/bytedance/Downloads/mvtec_anomaly_detection/capsule/test/poke/010.png,0.9775379300117493,0.007904664613306522,0.023372326139360612,0.2646416127681732,0.08686882257461548,0.9853372393662936,0.32204142678529024,cosine
1,0.6999038457870483,0.6876556873321533,capsule,/Users/bytedance/Downloads/mvtec_anomaly_detection/capsule/test/poke/010.png,0.7145873308181763,0.6876794695854187,0.6941302418708801,0.6991482973098755,0.6956932544708252,0.9881473377711263,0.01224815845489502,cone_normal_only
1,0.49250203371047974,0.47874605655670166,capsule,/Users/bytedance/Downloads/mvtec_anomaly_detection/capsule/test/poke/010.png,0.5059185028076172,0.4787728488445282,0.48545055240392687,0.4915791153907776,0.487439900636673,0.9874409930759327,0.013755977153778076,cone_contrastive
1,0.8298502564430237,0.009849720634520054,capsule,/Users/bytedance/Downloads/mvtec_anomaly_detection/capsule/test/poke/011.png,0.9800040125846863,0.012071438133716583,0.022638198453932976,0.6549677848815918,0.17916925251483917,0.998777550583812,0.8200005358085036,cosine
1,0.7140852212905884,0.6875231266021729,capsule,/Users/bytedance/Downloads/mvtec_anomaly_detection/capsule/test/poke/011.png,0.7153958082199097,0.6875950694084167,0.6940432012081146,0.7092190384864807,0.6980351805686951,0.9990061375576782,0.026562094688415527,cone_normal_only
1,0.5095537900924683,0.47857967019081116,capsule,/Users/bytedance/Downloads/mvtec_anomaly_detection/capsule/test/poke/011.png,0.5061240196228027,0.47866353392601013,0.48525491207838056,0.5035939812660217,0.4902065098285675,0.9990108049058292,0.030974119901657104,cone_contrastive
1,0.7655641436576843,0.015144732780754566,capsule,/Users/bytedance/Downloads/mvtec_anomaly_detection/capsule/test/poke/012.png,0.9952694773674011,0.017342932522296906,0.05601725522428738,0.6214534640312195,0.2440585047006607,0.9989193064524263,0.7504194108769298,cosine
1,0.7107628583908081,0.6883252859115601,capsule,/Users/bytedance/Downloads/mvtec_anomaly_detection/capsule/test/poke/012.png,0.7188348174095154,0.6883910894393921,0.695087805390358,0.7069206237792969,0.6990909576416016,0.9992282064727548,0.022437572479248047,cone_normal_only
1,0.5057300925254822,0.47953370213508606,capsule,/Users/bytedance/Downloads/mvtec_anomaly_detection/capsule/test/poke/012.png,0.5098024010658264,0.47961047291755676,0.4868914008140564,0.5008273124694824,0.4915638566017151,0.9993027767456858,0.026196390390396118,cone_contrastive
1,0.9730101227760315,0.019325261935591698,capsule,/Users/bytedance/Downloads/mvtec_anomaly_detection/capsule/test/poke/013.png,0.9936274290084839,0.021685270592570305,0.06433159932494148,0.8754135966300964,0.3566973805427551,0.9993640246932586,0.9536848608404398,cosine
1,0.7164584994316101,0.6875447630882263,capsule,/Users/bytedance/Downloads/mvtec_anomaly_detection/capsule/test/poke/013.png,0.7171043753623962,0.6876164078712463,0.6941698104143142,0.7141256332397461,0.701117217540741,0.9987392520091574,0.02891373634338379,cone_normal_only
1,0.5126125812530518,0.4786345362663269,capsule,/Users/bytedance/Downloads/mvtec_anomaly_detection/capsule/test/poke/013.png,0.5091527700424194,0.4787185490131378,0.4858092576265335,0.5096718072891235,0.49407854676246643,0.9988417861087929,0.033978044986724854,cone_contrastive
1,0.47703883051872253,0.005888811778277159,capsule,/Users/bytedance/Downloads/mvtec_anomaly_detection/capsule/test/poke/014.png,0.9649121761322021,0.007593789603561163,0.017147733736783247,0.3582098186016083,0.0997566282749176,0.9986987661464083,0.4711500187404454,cosine
1,0.7036901116371155,0.687107264995575,capsule,/Users/bytedance/Downloads/mvtec_anomaly_detection/capsule/test/poke/014.png,0.7137036323547363,0.6871671676635742,0.6936846971511841,0.7016208171844482,0.6960152387619019,0.9987830805531206,0.016582846641540527,cone_normal_only
1,0.49686017632484436,0.47807493805885315,capsule,/Users/bytedance/Downloads/mvtec_anomaly_detection/capsule/test/poke/014.png,0.5047746896743774,0.4781428873538971,0.48478496074676514,0.49438759684562683,0.48776480555534363,0.9987770655245167,0.01878523826599121,cone_contrastive
1,0.34725499153137207,0.014180938713252544,capsule,/Users/bytedance/Downloads/mvtec_anomaly_detection/capsule/test/poke/015.png,0.989306628704071,0.015618376433849335,0.05410827454179524,0.5742690563201904,0.22186315059661865,0.9691317192494878,0.3330740528181195,cosine
1,0.70070880651474,0.6878373026847839,capsule,/Users/bytedance/Downloads/mvtec_anomaly_detection/capsule/test/poke/015.png,0.7169795036315918,0.6878927946090698,0.6949004530906677,0.7050032615661621,0.6982961297035217,0.9766355181270222,0.012871503829956055,cone_normal_only
1,0.4933684170246124,0.47896808385849,capsule,/Users/bytedance/Downloads/mvtec_anomaly_detection/capsule/test/poke/015.png,0.5077359080314636,0.47903019189834595,0.4865571931004524,0.49827709794044495,0.4904561936855316,0.9771802445645916,0.014400333166122437,cone_contrastive
1,0.40920811891555786,0.0062935627065598965,capsule,/Users/bytedance/Downloads/mvtec_anomaly_detection/capsule/test/poke/016.png,0.9777498841285706,0.006820622831583023,0.022680100053548813,0.1774636209011078,0.06473666429519653,0.9999192098731978,0.40291455620899796,cosine
1,0.700850248336792,0.6875066757202148,capsule,/Users/bytedance/Downloads/mvtec_anomaly_detection/capsule/test/poke/016.png,0.7145867943763733,0.687524139881134,0.6939333409070969,0.6977410316467285,0.695213794708252,0.9996573409939682,0.013343572616577148,cone_normal_only
1,0.4940328896045685,0.47863006591796875,capsule,/Users/bytedance/Downloads/mvtec_anomaly_detection/capsule/test/poke/016.png,0.5059553980827332,0.4786502420902252,0.48527834117412566,0.4897820055484772,0.48687151074409485,0.9998225360183467,0.015402823686599731,cone_contrastive
1,0.6997718214988708,0.011943620629608631,capsule,/Users/bytedance/Downloads/mvtec_anomaly_detection/capsule/test/poke/017.png,0.9814202189445496,0.012825436890125275,0.032378470711409944,0.5465531945228577,0.1852683424949646,0.9983379204800081,0.6878282008692622,cosine
1,0.7063608169555664,0.6875754594802856,capsule,/Users/bytedance/Downloads/mvtec_anomaly_detection/capsule/test/poke/017.png,0.7150105834007263,0.6875996589660645,0.6938234716653824,0.7037050724029541,0.6968211531639099,0.9980989285472537,0.01878535747528076,cone_normal_only
1,0.5000901818275452,0.47870200872421265,capsule,/Users/bytedance/Downloads/mvtec_anomaly_detection/capsule/test/poke/017.png,0.5064002275466919,0.4787294566631317,0.48530240058898927,0.49686840176582336,0.48886051774024963,0.9981670306444251,0.02138817310333252,cone_contrastive
1,0.5302392244338989,0.008305060677230358,capsule,/Users/bytedance/Downloads/mvtec_anomaly_detection/capsule/test/poke/018.png,0.9804801940917969,0.009501338005065918,0.02430948093533513,0.3615722358226776,0.11972729861736298,0.9976872169201316,0.5219341637566686,cosine
1,0.7038260698318481,0.6875377893447876,capsule,/Users/bytedance/Downloads/mvtec_anomaly_detection/capsule/test/poke/018.png,0.715083658695221,0.6875750422477722,0.6938209354877471,0.7008652091026306,0.6958671808242798,0.9969724953441892,0.016288280487060547,cone_normal_only
1,0.49707040190696716,0.4786224067211151,capsule,/Users/bytedance/Downloads/mvtec_anomaly_detection/capsule/test/poke/018.png,0.5062702298164368,0.47866466641426086,0.48508663177490235,0.49350520968437195,0.4876083731651306,0.9970667579926231,0.01844799518585205,cone_contrastive
1,0.7248058319091797,0.013561087660491467,capsule,/Users/bytedance/Downloads/mvtec_anomaly_detection/capsule/test/poke/019.png,0.9877365231513977,0.015056081116199493,0.045752687193453115,0.5405202507972717,0.21680878102779388,0.998324462787677,0.7112447442486882,cosine
1,0.7091020345687866,0.6877463459968567,capsule,/Users/bytedance/Downloads/mvtec_anomaly_detection/capsule/test/poke/019.png,0.7160705924034119,0.6877912878990173,0.6948431640863418,0.7046612501144409,0.6981480121612549,0.9980760001017107,0.02135568857192993,cone_normal_only
1,0.5033316016197205,0.4788359999656677,capsule,/Users/bytedance/Downloads/mvtec_anomaly_detection/capsule/test/poke/019.png,0.5075004696846008,0.4788874685764313,0.48631383627653124,0.497917115688324,0.49026843905448914,0.9979772560162907,0.024495601654052734,cone_contrastive
1,0.7921046614646912,0.0143585791811347,capsule,/Users/bytedance/Downloads/mvtec_anomaly_detection/capsule/test/poke/020.png,0.9904503226280212,0.01649479940533638,0.05809838641434905,0.5880995392799377,0.23627492785453796,0.9985940635678267,0.7777460822835565,cosine
1,0.7136434316635132,0.6880372166633606,capsule,/Users/bytedance/Downloads/mvtec_anomaly_detection/capsule/test/poke/020.png,0.7162810564041138,0.6881076097488403,0.6949562847614288,0.7078477740287781,0.6991205811500549,0.998781912540356,0.025606215000152588,cone_normal_only
1,0.5089829564094543,0.47909975051879883,capsule,/Users/bytedance/Downloads/mvtec_anomaly_detection/capsule/test/poke/020.png,0.508155882358551,0.4791818857192993,0.4866002485156059,0.5019457340240479,0.49144160747528076,0.9987827618817936,0.029883205890655518,cone_contrastive
0,nan,0.003364444011822343,capsule,/Users/bytedance/Downloads/mvtec_anomaly_detection/capsule/test/good/000.png,0.9588008522987366,0.003364444011822343,0.011405783100053666,0.03322036564350128,0.01848806068301201,nan,nan,cosine
0,nan,0.6870648860931396,capsule,/Users/bytedance/Downloads/mvtec_anomaly_detection/capsule/test/good/000.png,0.7136647701263428,0.6870648860931396,0.6924638986587525,0.6942576766014099,0.693326473236084,nan,nan,cone_normal_only
0,nan,0.4781723618507385,capsule,/Users/bytedance/Downloads/mvtec_anomaly_detection/capsule/test/good/000.png,0.5043030381202698,0.4781723618507385,0.48348814249038696,0.4856393039226532,0.48445960879325867,nan,nan,cone_contrastive
0,nan,0.003311684587970376,capsule,/Users/bytedance/Downloads/mvtec_anomaly_detection/capsule/test/good/001.png,0.9380947947502136,0.003311684587970376,0.0114043601322919,0.059237901121377945,0.023877376690506935,nan,nan,cosine
0,nan,0.6867420673370361,capsule,/Users/bytedance/Downloads/mvtec_anomaly_detection/capsule/test/good/001.png,0.7127071022987366,0.6867420673370361,0.6926850080490112,0.6950104832649231,0.6935835480690002,nan,nan,cone_normal_only
0,nan,0.47777116298675537,capsule,/Users/bytedance/Downloads/mvtec_anomaly_detection/capsule/test/good/001.png,0.5032315254211426,0.47777116298675537,0.483700892329216,0.48660916090011597,0.4848131537437439,nan,nan,cone_contrastive
0,nan,0.002441409509629011,capsule,/Users/bytedance/Downloads/mvtec_anomaly_detection/capsule/test/good/002.png,0.9231024980545044,0.002441409509629011,0.00865433495491743,0.018836624920368195,0.01252810750156641,nan,nan,cosine
0,nan,0.6865015029907227,capsule,/Users/bytedance/Downloads/mvtec_anomaly_detection/capsule/test/good/002.png,0.7129778861999512,0.6865015029907227,0.6919886201620102,0.6936872005462646,0.6927753686904907,nan,nan,cone_normal_only
0,nan,0.4775208532810211,capsule,/Users/bytedance/Downloads/mvtec_anomaly_detection/capsule/test/good/002.png,0.5026979446411133,0.4775208532810211,0.4828797817230225,0.4853334426879883,0.483904629945755,nan,nan,cone_contrastive
0,nan,0.0030487070325762033,capsule,/Users/bytedance/Downloads/mvtec_anomaly_detection/capsule/test/good/003.png,0.9420012831687927,0.0030487070325762033,0.010212552221491915,0.042793575674295425,0.020037781447172165,nan,nan,cosine
0,nan,0.6867773532867432,capsule,/Users/bytedance/Downloads/mvtec_anomaly_detection/capsule/test/good/003.png,0.7130206823348999,0.6867773532867432,0.6923601865768433,0.6949765682220459,0.6934589743614197,nan,nan,cone_normal_only
0,nan,0.47782719135284424,capsule,/Users/bytedance/Downloads/mvtec_anomaly_detection/capsule/test/good/003.png,0.5033887028694153,0.47782719135284424,0.48330382704734803,0.4867013394832611,0.48464205861091614,nan,nan,cone_contrastive
0,nan,0.003408515127375722,capsule,/Users/bytedance/Downloads/mvtec_anomaly_detection/capsule/test/good/004.png,0.965451717376709,0.003408515127375722,0.013025753479450914,0.04902373254299164,0.023561468347907066,nan,nan,cosine
0,nan,0.6867064237594604,capsule,/Users/bytedance/Downloads/mvtec_anomaly_detection/capsule/test/good/004.png,0.7141134142875671,0.6867064237594604,0.6928468853235245,0.6951169371604919,0.6937130093574524,nan,nan,cone_normal_only
0,nan,0.4776577055454254,capsule,/Users/bytedance/Downloads/mvtec_anomaly_detection/capsule/test/good/004.png,0.5047582983970642,0.4776577055454254,0.48389076739549636,0.4865778982639313,0.4849417507648468,nan,nan,cone_contrastive
0,nan,0.0023181522265076637,capsule,/Users/bytedance/Downloads/mvtec_anomaly_detection/capsule/test/good/005.png,0.9395698308944702,0.0023181522265076637,0.008590251905843612,0.018262390047311783,0.012734349817037582,nan,nan,cosine
0,nan,0.686281144618988,capsule,/Users/bytedance/Downloads/mvtec_anomaly_detection/capsule/test/good/005.png,0.712469756603241,0.686281144618988,0.6920936614274978,0.6937719583511353,0.6929316520690918,nan,nan,cone_normal_only
0,nan,0.47722962498664856,capsule,/Users/bytedance/Downloads/mvtec_anomaly_detection/capsule/test/good/005.png,0.5033304691314697,0.47722962498664856,0.48292015194892884,0.4853816330432892,0.48405084013938904,nan,nan,cone_contrastive
0,nan,0.003848932683467865,capsule,/Users/bytedance/Downloads/mvtec_anomaly_detection/capsule/test/good/006.png,0.955264687538147,0.003848932683467865,0.012110866233706469,0.07353999465703964,0.02796809747815132,nan,nan,cosine
0,nan,0.6871113181114197,capsule,/Users/bytedance/Downloads/mvtec_anomaly_detection/capsule/test/good/006.png,0.7141375541687012,0.6871113181114197,0.6924786478281021,0.6946343779563904,0.693409264087677,nan,nan,cone_normal_only
0,nan,0.47827476263046265,capsule,/Users/bytedance/Downloads/mvtec_anomaly_detection/capsule/test/good/006.png,0.5041058659553528,0.47827476263046265,0.4836162656545639,0.48661327362060547,0.48488056659698486,nan,nan,cone_contrastive
0,nan,0.0031121920328587294,capsule,/Users/bytedance/Downloads/mvtec_anomaly_detection/capsule/test/good/007.png,0.9475669860839844,0.0031121920328587294,0.010987992538139176,0.032501038163900375,0.018547669053077698,nan,nan,cosine
0,nan,0.6869226694107056,capsule,/Users/bytedance/Downloads/mvtec_anomaly_detection/capsule/test/good/007.png,0.7139279842376709,0.6869226694107056,0.6922385603189468,0.6943702101707458,0.6932274699211121,nan,nan,cone_normal_only
0,nan,0.47803014516830444,capsule,/Users/bytedance/Downloads/mvtec_anomaly_detection/capsule/test/good/007.png,0.5036801099777222,0.47803014516830444,0.48337460309267044,0.48623576760292053,0.484640896320343,nan,nan,cone_contrastive
0,nan,0.002824659226462245,capsule,/Users/bytedance/Downloads/mvtec_anomaly_detection/capsule/test/good/008.png,0.9485915899276733,0.002824659226462245,0.010391242243349535,0.018903562799096107,0.014218362048268318,nan,nan,cosine
0,nan,0.6866129636764526,capsule,/Users/bytedance/Downloads/mvtec_anomaly_detection/capsule/test/good/008.png,0.7131098508834839,0.6866129636764526,0.6923605620861053,0.6940125226974487,0.693148672580719,nan,nan,cone_normal_only
0,nan,0.47760143876075745,capsule,/Users/bytedance/Downloads/mvtec_anomaly_detection/capsule/test/good/008.png,0.5037238001823425,0.47760143876075745,0.48329947590827943,0.48538750410079956,0.4843006432056427,nan,nan,cone_contrastive
0,nan,0.002477069851011038,capsule,/Users/bytedance/Downloads/mvtec_anomaly_detection/capsule/test/good/009.png,0.9522149562835693,0.002477069851011038,0.008480616146698589,0.02397497557103634,0.013183905743062496,nan,nan,cosine
0,nan,0.6865745782852173,capsule,/Users/bytedance/Downloads/mvtec_anomaly_detection/capsule/test/good/009.png,0.7130128741264343,0.6865745782852173,0.6919493675231934,0.6938948035240173,0.6928144097328186,nan,nan,cone_normal_only
0,nan,0.4774821698665619,capsule,/Users/bytedance/Downloads/mvtec_anomaly_detection/capsule/test/good/009.png,0.5039498805999756,0.4774821698665619,0.4828155040740967,0.4851001501083374,0.4838210642337799,nan,nan,cone_contrastive
0,nan,0.0035581213887780905,capsule,/Users/bytedance/Downloads/mvtec_anomaly_detection/capsule/test/good/010.png,0.9587751030921936,0.0035581213887780905,0.013575679901987287,0.04115992784500122,0.022669576108455658,nan,nan,cosine
0,nan,0.687005341053009,capsule,/Users/bytedance/Downloads/mvtec_anomaly_detection/capsule/test/good/010.png,0.713275134563446,0.687005341053009,0.692997208237648,0.6953166127204895,0.6940000057220459,nan,nan,cone_normal_only
0,nan,0.47809937596321106,capsule,/Users/bytedance/Downloads/mvtec_anomaly_detection/capsule/test/good/010.png,0.5043614506721497,0.47809937596321106,0.48416503667831423,0.4870773255825043,0.4853948652744293,nan,nan,cone_contrastive
0,nan,0.003545266343280673,capsule,/Users/bytedance/Downloads/mvtec_anomaly_detection/capsule/test/good/011.png,0.9545254111289978,0.003545266343280673,0.012534377863630644,0.05608503147959709,0.024996763095259666,nan,nan,cosine
0,nan,0.6868045926094055,capsule,/Users/bytedance/Downloads/mvtec_anomaly_detection/capsule/test/good/011.png,0.7131889462471008,0.6868045926094055,0.6925982743501663,0.6947316527366638,0.6935029029846191,nan,nan,cone_normal_only
0,nan,0.47784164547920227,capsule,/Users/bytedance/Downloads/mvtec_anomaly_detection/capsule/test/good/011.png,0.504072904586792,0.47784164547920227,0.4836138397455215,0.486409068107605,0.48479413986206055,nan,nan,cone_contrastive
0,nan,0.005893277004361153,capsule,/Users/bytedance/Downloads/mvtec_anomaly_detection/capsule/test/good/012.png,0.9602378606796265,0.005893277004361153,0.021255757473409163,0.14248919486999512,0.056384846568107605,nan,nan,cosine
0,nan,0.6874485611915588,capsule,/Users/bytedance/Downloads/mvtec_anomaly_detection/capsule/test/good/012.png,0.7142966985702515,0.6874485611915588,0.6939991027116775,0.6980504393577576,0.6953455209732056,nan,nan,cone_normal_only
0,nan,0.47855615615844727,capsule,/Users/bytedance/Downloads/mvtec_anomaly_detection/capsule/test/good/012.png,0.5044058561325073,0.47855615615844727,0.48525692224502565,0.4900381863117218,0.48696500062942505,nan,nan,cone_contrastive
0,nan,0.0032746533397585154,capsule,/Users/bytedance/Downloads/mvtec_anomaly_detection/capsule/test/good/013.png,0.961700975894928,0.0032746533397585154,0.011790425004437537,0.04496270418167114,0.02192443236708641,nan,nan,cosine
0,nan,0.6867567896842957,capsule,/Users/bytedance/Downloads/mvtec_anomaly_detection/capsule/test/good/013.png,0.7132881879806519,0.6867567896842957,0.6924862861633301,0.6946550011634827,0.6934433579444885,nan,nan,cone_normal_only
0,nan,0.47782766819000244,capsule,/Users/bytedance/Downloads/mvtec_anomaly_detection/capsule/test/good/013.png,0.5045614242553711,0.47782766819000244,0.48359215557575225,0.4864886403083801,0.48482340574264526,nan,nan,cone_contrastive
0,nan,0.0030630389228463173,capsule,/Users/bytedance/Downloads/mvtec_anomaly_detection/capsule/test/good/014.png,0.9594895243644714,0.0030630389228463173,0.011154917860403653,0.03419811278581619,0.020389197394251823,nan,nan,cosine
0,nan,0.6866918802261353,capsule,/Users/bytedance/Downloads/mvtec_anomaly_detection/capsule/test/good/014.png,0.7146028876304626,0.6866918802261353,0.6927164107561111,0.6951895356178284,0.693882167339325,nan,nan,cone_normal_only
0,nan,0.47771066427230835,capsule,/Users/bytedance/Downloads/mvtec_anomaly_detection/capsule/test/good/014.png,0.5043010711669922,0.47771066427230835,0.4836174502968788,0.4870106875896454,0.48518478870391846,nan,nan,cone_contrastive
0,nan,0.0041397372260689735,capsule,/Users/bytedance/Downloads/mvtec_anomaly_detection/capsule/test/good/015.png,0.9580263495445251,0.0041397372260689735,0.016266417782753697,0.03205019235610962,0.02224591374397278,nan,nan,cosine
0,nan,0.6872683763504028,capsule,/Users/bytedance/Downloads/mvtec_anomaly_detection/capsule/test/good/015.png,0.7136556506156921,0.6872683763504028,0.6935764372348785,0.6953082084655762,0.6943408846855164,nan,nan,cone_normal_only
0,nan,0.47834455966949463,capsule,/Users/bytedance/Downloads/mvtec_anomaly_detection/capsule/test/good/015.png,0.5042474269866943,0.47834455966949463,0.48475210815668107,0.4867929220199585,0.4857022762298584,nan,nan,cone_contrastive
0,nan,0.0023865881375968456,capsule,/Users/bytedance/Downloads/mvtec_anomaly_detection/capsule/test/good/016.png,0.9367414712905884,0.0023865881375968456,0.009071461157873268,0.01646491512656212,0.012037230655550957,nan,nan,cosine
0,nan,0.6864418983459473,capsule,/Users/bytedance/Downloads/mvtec_anomaly_detection/capsule/test/good/016.png,0.712643563747406,0.6864418983459473,0.692104372382164,0.6935727596282959,0.6928498148918152,nan,nan,cone_normal_only
0,nan,0.47744816541671753,capsule,/Users/bytedance/Downloads/mvtec_anomaly_detection/capsule/test/good/016.png,0.5031797885894775,0.47744816541671753,0.48302440494298937,0.4849168658256531,0.483909547328949,nan,nan,cone_contrastive
0,nan,0.0026702259201556444,capsule,/Users/bytedance/Downloads/mvtec_anomaly_detection/capsule/test/good/017.png,0.9489789009094238,0.0026702259201556444,0.010255636787042019,0.021671993657946587,0.014706924557685852,nan,nan,cosine
0,nan,0.6865203380584717,capsule,/Users/bytedance/Downloads/mvtec_anomaly_detection/capsule/test/good/017.png,0.7130596041679382,0.6865203380584717,0.6923972964286804,0.6940152049064636,0.6931896805763245,nan,nan,cone_normal_only
0,nan,0.4775838255882263,capsule,/Users/bytedance/Downloads/mvtec_anomaly_detection/capsule/test/good/017.png,0.503750741481781,0.4775838255882263,0.4834033414721489,0.48555970191955566,0.4843689501285553,nan,nan,cone_contrastive
0,nan,0.0037779463455080986,capsule,/Users/bytedance/Downloads/mvtec_anomaly_detection/capsule/test/good/018.png,0.958640456199646,0.0037779463455080986,0.013977438630536193,0.029039056971669197,0.01923815719783306,nan,nan,cosine
0,nan,0.6872214674949646,capsule,/Users/bytedance/Downloads/mvtec_anomaly_detection/capsule/test/good/018.png,0.7131509184837341,0.6872214674949646,0.6933777332305908,0.6947857141494751,0.6939997673034668,nan,nan,cone_normal_only
0,nan,0.47824737429618835,capsule,/Users/bytedance/Downloads/mvtec_anomaly_detection/capsule/test/good/018.png,0.5043401122093201,0.47824737429618835,0.48441070318222046,0.4863031506538391,0.4852006435394287,nan,nan,cone_contrastive
0,nan,0.0037827747873961926,capsule,/Users/bytedance/Downloads/mvtec_anomaly_detection/capsule/test/good/019.png,0.965003252029419,0.0037827747873961926,0.013960510632023212,0.04756138473749161,0.023357730358839035,nan,nan,cosine
0,nan,0.6871638894081116,capsule,/Users/bytedance/Downloads/mvtec_anomaly_detection/capsule/test/good/019.png,0.7151092290878296,0.6871638894081116,0.6929328441619873,0.6951268911361694,0.6938247084617615,nan,nan,cone_normal_only
0,nan,0.4781971871852875,capsule,/Users/bytedance/Downloads/mvtec_anomaly_detection/capsule/test/good/019.png,0.504716157913208,0.4781971871852875,0.4840748727321625,0.4866423010826111,0.48513150215148926,nan,nan,cone_contrastive
0,nan,0.002951913047581911,capsule,/Users/bytedance/Downloads/mvtec_anomaly_detection/capsule/test/good/020.png,0.9355983734130859,0.002951913047581911,0.01048285742290318,0.021711546927690506,0.01540367677807808,nan,nan,cosine
0,nan,0.6868947744369507,capsule,/Users/bytedance/Downloads/mvtec_anomaly_detection/capsule/test/good/020.png,0.7134060859680176,0.6868947744369507,0.6924950987100601,0.6943867206573486,0.6933661699295044,nan,nan,cone_normal_only
0,nan,0.47793373465538025,capsule,/Users/bytedance/Downloads/mvtec_anomaly_detection/capsule/test/good/020.png,0.5031730532646179,0.47793373465538025,0.48338626474142077,0.4858153164386749,0.4845297634601593,nan,nan,cone_contrastive
0,nan,0.0027598857413977385,capsule,/Users/bytedance/Downloads/mvtec_anomaly_detection/capsule/test/good/021.png,0.9362620115280151,0.0027598857413977385,0.009346486208960409,0.024539927020668983,0.015087143518030643,nan,nan,cosine
0,nan,0.6867824196815491,capsule,/Users/bytedance/Downloads/mvtec_anomaly_detection/capsule/test/good/021.png,0.7133193612098694,0.6867824196815491,0.6918848663568496,0.6944208145141602,0.693016767501831,nan,nan,cone_normal_only
0,nan,0.47781676054000854,capsule,/Users/bytedance/Downloads/mvtec_anomaly_detection/capsule/test/good/021.png,0.5032097697257996,0.47781676054000854,0.4828230902552605,0.48608216643333435,0.4842090308666229,nan,nan,cone_contrastive
0,nan,0.0027913744561374187,capsule,/Users/bytedance/Downloads/mvtec_anomaly_detection/capsule/test/good/022.png,0.9366528987884521,0.0027913744561374187,0.010955047607421874,0.02472158707678318,0.01679561473429203,nan,nan,cosine
0,nan,0.6866251826286316,capsule,/Users/bytedance/Downloads/mvtec_anomaly_detection/capsule/test/good/022.png,0.713204562664032,0.6866251826286316,0.6926937103271484,0.6944623589515686,0.6935644745826721,nan,nan,cone_normal_only
0,nan,0.47760626673698425,capsule,/Users/bytedance/Downloads/mvtec_anomaly_detection/capsule/test/good/022.png,0.5031752586364746,0.47760626673698425,0.48365670442581177,0.48625892400741577,0.4848308563232422,nan,nan,cone_contrastive
1,0.12650370597839355,0.009203926660120487,capsule,/Users/bytedance/Downloads/mvtec_anomaly_detection/capsule/test/faulty_imprint/000.png,0.9749739766120911,0.009518242441117764,0.02841294212266794,0.34376245737075806,0.12452436983585358,0.9854549339282913,0.11729977931827307,cosine
1,0.6985023617744446,0.6872393488883972,capsule,/Users/bytedance/Downloads/mvtec_anomaly_detection/capsule/test/faulty_imprint/000.png,0.7142705917358398,0.6872695088386536,0.6939329713582992,0.7001551985740662,0.6962225437164307,0.9934464235750703,0.011263012886047363,cone_normal_only
1,0.49088913202285767,0.47837767004966736,capsule,/Users/bytedance/Downloads/mvtec_anomaly_detection/capsule/test/faulty_imprint/000.png,0.5056584477424622,0.4784112572669983,0.48543681800365446,0.49300336837768555,0.4881601929664612,0.9931512955061976,0.012511461973190308,cone_contrastive
1,0.04983434081077576,0.0030256425961852074,capsule,/Users/bytedance/Downloads/mvtec_anomaly_detection/capsule/test/faulty_imprint/001.png,0.907670795917511,0.003131532110273838,0.011275988118723034,0.04280545189976692,0.020086707547307014,0.9785675902974555,0.04680869821459055,cosine
1,0.69350665807724,0.6866102814674377,capsule,/Users/bytedance/Downloads/mvtec_anomaly_detection/capsule/test/faulty_imprint/001.png,0.7104828357696533,0.6866259574890137,0.6922694772481919,0.6943172812461853,0.6931501030921936,0.9614243461580527,0.006896376609802246,cone_normal_only
1,0.48560088872909546,0.4776868224143982,capsule,/Users/bytedance/Downloads/mvtec_anomaly_detection/capsule/test/faulty_imprint/001.png,0.5022813081741333,0.4777047634124756,0.48359998911619184,0.4859832525253296,0.4846651554107666,0.9762124575977932,0.007914066314697266,cone_contrastive
1,0.008246933110058308,0.004193433094769716,capsule,/Users/bytedance/Downloads/mvtec_anomaly_detection/capsule/test/faulty_imprint/002.png,0.9566762447357178,0.004204688128083944,0.01373746525496242,0.10336295515298843,0.03934841230511665,0.903270684332302,0.004053500015288591,cosine
1,0.6908352375030518,0.6868674755096436,capsule,/Users/bytedance/Downloads/mvtec_anomaly_detection/capsule/test/faulty_imprint/002.png,0.71330726146698,0.6868785619735718,0.6924530178308487,0.695618748664856,0.6936624050140381,0.8831952909296987,0.003967761993408203,cone_normal_only
1,0.48269784450531006,0.4778699576854706,capsule,/Users/bytedance/Downloads/mvtec_anomaly_detection/capsule/test/faulty_imprint/002.png,0.504223108291626,0.47788333892822266,0.4835316359996796,0.4875122010707855,0.4851134717464447,0.922368901603443,0.0048278868198394775,cone_contrastive
1,0.030572941526770592,0.003399853128939867,capsule,/Users/bytedance/Downloads/mvtec_anomaly_detection/capsule/test/faulty_imprint/003.png,0.951640248298645,0.003453729208558798,0.013033353677019471,0.03858501464128494,0.021672723814845085,0.9908903634837677,0.027173088397830725,cosine
1,0.6940287351608276,0.6868172883987427,capsule,/Users/bytedance/Downloads/mvtec_anomaly_detection/capsule/test/faulty_imprint/003.png,0.7127180099487305,0.686831533908844,0.692747175693512,0.6949126720428467,0.6936907172203064,0.9803756203333213,0.007211446762084961,cone_normal_only
1,0.48607566952705383,0.4779442548751831,capsule,/Users/bytedance/Downloads/mvtec_anomaly_detection/capsule/test/faulty_imprint/003.png,0.5039581656455994,0.4779604375362396,0.4839972719550133,0.48697102069854736,0.48529744148254395,0.985358590086302,0.008131414651870728,cone_contrastive
1,0.01453970093280077,0.0030919043347239494,capsule,/Users/bytedance/Downloads/mvtec_anomaly_detection/capsule/test/faulty_imprint/004.png,0.9318860173225403,0.0035650916397571564,0.014154686825349901,0.06961483508348465,0.029293935745954514,0.9404897755990423,0.01144779659807682,cosine
1,0.6913436055183411,0.6861607432365417,capsule,/Users/bytedance/Downloads/mvtec_anomaly_detection/capsule/test/faulty_imprint/004.png,0.7109631896018982,0.6863750219345093,0.6924254715442657,0.6950157284736633,0.6935077905654907,0.9210817414619379,0.005182862281799316,cone_normal_only
1,0.48319098353385925,0.47729817032814026,capsule,/Users/bytedance/Downloads/mvtec_anomaly_detection/capsule/test/faulty_imprint/004.png,0.5031567811965942,0.4775417447090149,0.4840599149465561,0.486969918012619,0.4853166937828064,0.9331314000648187,0.005892813205718994,cone_contrastive
1,0.013365786522626877,0.002804642543196678,capsule,/Users/bytedance/Downloads/mvtec_anomaly_detection/capsule/test/faulty_imprint/005.png,0.9275535941123962,0.003218430792912841,0.014216684736311392,0.04419265314936638,0.023874763399362564,0.9215678612426221,0.010561143979430199,cosine
1,0.6908794641494751,0.6860679388046265,capsule,/Users/bytedance/Downloads/mvtec_anomaly_detection/capsule/test/faulty_imprint/005.png,0.7107757329940796,0.6862563490867615,0.6924939572811126,0.6949817538261414,0.693602442741394,0.9046976941122731,0.004811525344848633,cone_normal_only
1,0.4827137887477875,0.47717195749282837,capsule,/Users/bytedance/Downloads/mvtec_anomaly_detection/capsule/test/faulty_imprint/005.png,0.5029790997505188,0.47738903760910034,0.48413554579019547,0.4870934784412384,0.4854789972305298,0.91660408667388,0.0055418312549591064,cone_contrastive
1,0.02875298075377941,0.0032571011688560247,capsule,/Users/bytedance/Downloads/mvtec_anomaly_detection/capsule/test/faulty_imprint/006.png,0.9329721331596375,0.003325799247249961,0.011890970589593043,0.0552733950316906,0.02477743662893772,0.9753491866772211,0.025495879584923387,cosine
1,0.6928630471229553,0.6867001056671143,capsule,/Users/bytedance/Downloads/mvtec_anomaly_detection/capsule/test/faulty_imprint/006.png,0.712614119052887,0.6867168545722961,0.6923933357000351,0.6951739192008972,0.6935482025146484,0.9586987187004529,0.0061629414558410645,cone_normal_only
1,0.48487287759780884,0.4777768552303314,capsule,/Users/bytedance/Downloads/mvtec_anomaly_detection/capsule/test/faulty_imprint/006.png,0.5030744671821594,0.4777960479259491,0.4837270677089691,0.4872951805591583,0.4852079749107361,0.9707493955191427,0.007096022367477417,cone_contrastive
1,0.021485943347215652,0.003952617757022381,capsule,/Users/bytedance/Downloads/mvtec_anomaly_detection/capsule/test/faulty_imprint/007.png,0.9630398750305176,0.004002017434686422,0.011949878139421343,0.1001872643828392,0.034589193761348724,0.970656700194612,0.01753332559019327,cosine
1,0.6923542618751526,0.6868315935134888,capsule,/Users/bytedance/Downloads/mvtec_anomaly_detection/capsule/test/faulty_imprint/007.png,0.7132551670074463,0.6868471503257751,0.692466139793396,0.695610761642456,0.6936771869659424,0.9343617753540652,0.005522668361663818,cone_normal_only
1,0.4846392869949341,0.4779655933380127,capsule,/Users/bytedance/Downloads/mvtec_anomaly_detection/capsule/test/faulty_imprint/007.png,0.5046893358230591,0.47798436880111694,0.483626714348793,0.48747774958610535,0.48516568541526794,0.9665512215536882,0.006673693656921387,cone_contrastive
1,0.08968552201986313,0.003820858895778656,capsule,/Users/bytedance/Downloads/mvtec_anomaly_detection/capsule/test/faulty_imprint/008.png,0.9630703926086426,0.004080702550709248,0.015576079720631238,0.0663469061255455,0.030018027871847153,0.9967580110949766,0.08586466312408447,cosine
1,0.6962997317314148,0.6870347857475281,capsule,/Users/bytedance/Downloads/mvtec_anomaly_detection/capsule/test/faulty_imprint/008.png,0.7140676379203796,0.6870629191398621,0.6930091291666031,0.6956914663314819,0.6941245794296265,0.991672628524965,0.009264945983886719,cone_normal_only
1,0.4885633587837219,0.4781515300273895,capsule,/Users/bytedance/Downloads/mvtec_anomaly_detection/capsule/test/faulty_imprint/008.png,0.5046281218528748,0.47818300127983093,0.4844315305352211,0.4878828823566437,0.4858592450618744,0.9938159857144477,0.010411828756332397,cone_contrastive
1,0.39455685019493103,0.007416046690195799,capsule,/Users/bytedance/Downloads/mvtec_anomaly_detection/capsule/test/faulty_imprint/009.png,0.9730126857757568,0.008400042541325092,0.028486790973693107,0.2750842571258545,0.09767581522464752,0.997606324516176,0.38714080350473523,cosine
1,0.7020977735519409,0.6875542402267456,capsule,/Users/bytedance/Downloads/mvtec_anomaly_detection/capsule/test/faulty_imprint/009.png,0.7141075134277344,0.687591016292572,0.6943867713212967,0.7001193761825562,0.6963779926300049,0.9977923852015652,0.014543533325195312,cone_normal_only
1,0.4946564733982086,0.47859224677085876,capsule,/Users/bytedance/Downloads/mvtec_anomaly_detection/capsule/test/faulty_imprint/009.png,0.505483090877533,0.4786330759525299,0.4858232006430626,0.4923971891403198,0.4880791902542114,0.9975667122499459,0.016064226627349854,cone_contrastive
1,0.7767843008041382,0.012361826375126839,capsule,/Users/bytedance/Downloads/mvtec_anomaly_detection/capsule/test/faulty_imprint/010.png,0.9822396039962769,0.014512727037072182,0.03124746764078732,0.6819844245910645,0.22160710394382477,0.9980142919871705,0.7644224744290113,cosine
1,0.7098178267478943,0.6875991821289062,capsule,/Users/bytedance/Downloads/mvtec_anomaly_detection/capsule/test/faulty_imprint/010.png,0.7158893942832947,0.6876617074012756,0.6939740180969238,0.7075625061988831,0.698045551776886,0.998260345991338,0.022218644618988037,cone_normal_only
1,0.5042234659194946,0.478748083114624,capsule,/Users/bytedance/Downloads/mvtec_anomaly_detection/capsule/test/faulty_imprint/010.png,0.5064879655838013,0.4788198173046112,0.4855228140950203,0.5015579462051392,0.4903373420238495,0.9982485052627015,0.025475382804870605,cone_contrastive
1,0.3672734797000885,0.00728522939607501,capsule,/Users/bytedance/Downloads/mvtec_anomaly_detection/capsule/test/faulty_imprint/011.png,0.9761872887611389,0.007791020441800356,0.024109573569148755,0.28668221831321716,0.09135670959949493,0.9975087614569329,0.3599882503040135,cosine
1,0.7018424272537231,0.6874011754989624,capsule,/Users/bytedance/Downloads/mvtec_anomaly_detection/capsule/test/faulty_imprint/011.png,0.7155371308326721,0.6874212622642517,0.6940900593996048,0.7001745700836182,0.6959422826766968,0.9975232740066702,0.014441251754760742,cone_normal_only
1,0.4944530427455902,0.4784976541996002,capsule,/Users/bytedance/Downloads/mvtec_anomaly_detection/capsule/test/faulty_imprint/011.png,0.505675733089447,0.47852012515068054,0.4854573294520378,0.4926295876502991,0.4878271520137787,0.9973269734575464,0.01595538854598999,cone_contrastive
1,0.35505759716033936,0.006556262727826834,capsule,/Users/bytedance/Downloads/mvtec_anomaly_detection/capsule/test/faulty_imprint/012.png,0.9752076864242554,0.008796706795692444,0.02228538030758498,0.3528672754764557,0.11933565884828568,0.9976884525752757,0.3485013344325125,cosine
1,0.7006117701530457,0.6871439814567566,capsule,/Users/bytedance/Downloads/mvtec_anomaly_detection/capsule/test/faulty_imprint/012.png,0.7143298387527466,0.6872304081916809,0.6940864562988281,0.7007542848587036,0.6963860392570496,0.9971884506997999,0.013467788696289062,cone_normal_only
1,0.4930533170700073,0.47820279002189636,capsule,/Users/bytedance/Downloads/mvtec_anomaly_detection/capsule/test/faulty_imprint/012.png,0.5056942105293274,0.4782983660697937,0.4855310618877411,0.49328839778900146,0.4881783127784729,0.9967442205851039,0.014850527048110962,cone_contrastive
1,0.3004422187805176,0.007098389323800802,capsule,/Users/bytedance/Downloads/mvtec_anomaly_detection/capsule/test/faulty_imprint/013.png,0.9820287227630615,0.008018902502954006,0.025222433172166346,0.2722073197364807,0.09717874974012375,0.994592976451933,0.2933438294567168,cosine
1,0.6995363831520081,0.6874871850013733,capsule,/Users/bytedance/Downloads/mvtec_anomaly_detection/capsule/test/faulty_imprint/013.png,0.7150117754936218,0.6875250935554504,0.6941667795181274,0.6996997594833374,0.6961244344711304,0.9910734508811755,0.012049198150634766,cone_normal_only
1,0.4918757677078247,0.4785108268260956,capsule,/Users/bytedance/Downloads/mvtec_anomaly_detection/capsule/test/faulty_imprint/013.png,0.5065372586250305,0.47855278849601746,0.4854736998677254,0.4920200705528259,0.48783406615257263,0.9908142352678301,0.013364940881729126,cone_contrastive
1,0.4284878671169281,0.012546319514513016,capsule,/Users/bytedance/Downloads/mvtec_anomaly_detection/capsule/test/faulty_imprint/014.png,0.983958899974823,0.0149319963529706,0.05348391067236612,0.5261227488517761,0.20755870640277863,0.9929368647730795,0.4159415476024151,cosine
1,0.702140212059021,0.687972903251648,capsule,/Users/bytedance/Downloads/mvtec_anomaly_detection/capsule/test/faulty_imprint/014.png,0.715886652469635,0.6880542635917664,0.694534769654274,0.7038646340370178,0.6976915001869202,0.9926185106723414,0.014167308807373047,cone_normal_only
1,0.49549704790115356,0.4791835844516754,capsule,/Users/bytedance/Downloads/mvtec_anomaly_detection/capsule/test/faulty_imprint/014.png,0.5068233013153076,0.47927722334861755,0.48624810576438904,0.4973517060279846,0.4900149405002594,0.9932687131294066,0.01631346344947815,cone_contrastive
1,0.010434802621603012,0.003535374766215682,capsule,/Users/bytedance/Downloads/mvtec_anomaly_detection/capsule/test/faulty_imprint/015.png,0.9580278992652893,0.003549259388819337,0.01247390075586736,0.0613456666469574,0.026517927646636963,0.9319427121195524,0.00689942785538733,cosine
1,0.6917780041694641,0.6869142055511475,capsule,/Users/bytedance/Downloads/mvtec_anomaly_detection/capsule/test/faulty_imprint/015.png,0.7138871550559998,0.6869240999221802,0.6924511104822159,0.6949625611305237,0.693533182144165,0.9226014181136594,0.00486379861831665,cone_normal_only
1,0.4834386706352234,0.47798070311546326,capsule,/Users/bytedance/Downloads/mvtec_anomaly_detection/capsule/test/faulty_imprint/015.png,0.5043106079101562,0.47799164056777954,0.4837684616446495,0.48706337809562683,0.4851778745651245,0.9382683051071565,0.005457967519760132,cone_contrastive
1,0.11048043519258499,0.007435834966599941,capsule,/Users/bytedance/Downloads/mvtec_anomaly_detection/capsule/test/faulty_imprint/016.png,0.9824140667915344,0.007667020428925753,0.022800588235259045,0.244830921292305,0.08639632165431976,0.9844427368886965,0.10304460022598505,cosine
1,0.6964794993400574,0.6875216960906982,capsule,/Users/bytedance/Downloads/mvtec_anomaly_detection/capsule/test/faulty_imprint/016.png,0.7150825262069702,0.6875417828559875,0.6936816394329071,0.6991114020347595,0.695412814617157,0.987642034762047,0.00895780324935913,cone_normal_only
1,0.48890984058380127,0.4786408841609955,capsule,/Users/bytedance/Downloads/mvtec_anomaly_detection/capsule/test/faulty_imprint/016.png,0.5065954923629761,0.478663831949234,0.48514795303344727,0.4914785921573639,0.4872642755508423,0.9897792650039297,0.010268956422805786,cone_contrastive
1,0.08461178094148636,0.005808165296912193,capsule,/Users/bytedance/Downloads/mvtec_anomaly_detection/capsule/test/faulty_imprint/017.png,0.9638155102729797,0.006066609174013138,0.02050825329497451,0.17248982191085815,0.06938939541578293,0.9812224326316062,0.07880361564457417,cosine
1,0.6955934166908264,0.6871920228004456,capsule,/Users/bytedance/Downloads/mvtec_anomaly_detection/capsule/test/faulty_imprint/017.png,0.7129064202308655,0.6872196197509766,0.693358165025711,0.6983798742294312,0.6952434778213501,0.9776615193699003,0.00840139389038086,cone_normal_only
1,0.48836490511894226,0.4783385992050171,capsule,/Users/bytedance/Downloads/mvtec_anomaly_detection/capsule/test/faulty_imprint/017.png,0.5048138499259949,0.4783715009689331,0.485262955725193,0.4911629855632782,0.4875630736351013,0.9823553291020313,0.010026305913925171,cone_contrastive
1,0.031214486807584763,0.003326024627313018,capsule,/Users/bytedance/Downloads/mvtec_anomaly_detection/capsule/test/faulty_imprint/018.png,0.9651015996932983,0.0033860993571579456,0.012964577786624402,0.030469197779893875,0.020012281835079193,0.9908556266866261,0.027888462180271745,cosine
1,0.6946869492530823,0.6870809197425842,capsule,/Users/bytedance/Downloads/mvtec_anomaly_detection/capsule/test/faulty_imprint/018.png,0.7144742608070374,0.6870973110198975,0.6928347080945969,0.6945424675941467,0.693634569644928,0.9948067743386498,0.007606029510498047,cone_normal_only
1,0.4864419102668762,0.4781653583049774,capsule,/Users/bytedance/Downloads/mvtec_anomaly_detection/capsule/test/faulty_imprint/018.png,0.5047756433486938,0.47818315029144287,0.48403398394584657,0.4865087568759918,0.48518064618110657,0.9927826001852657,0.008276551961898804,cone_contrastive
1,0.015659647062420845,0.003559976117685437,capsule,/Users/bytedance/Downloads/mvtec_anomaly_detection/capsule/test/faulty_imprint/019.png,0.9710435271263123,0.0035795012954622507,0.0142589945346117,0.057300057262182236,0.02776811644434929,0.9405692370676803,0.012099670944735408,cosine
1,0.6933504939079285,0.6868528723716736,capsule,/Users/bytedance/Downloads/mvtec_anomaly_detection/capsule/test/faulty_imprint/019.png,0.7147879004478455,0.686863362789154,0.6929766327142716,0.6956278681755066,0.6941259503364563,0.9588697845405274,0.006497621536254883,cone_normal_only
1,0.48446494340896606,0.47785454988479614,capsule,/Users/bytedance/Downloads/mvtec_anomaly_detection/capsule/test/faulty_imprint/019.png,0.5052019953727722,0.47786521911621094,0.48419962972402575,0.48756447434425354,0.48569077253341675,0.9534216602504122,0.006610393524169922,cone_contrastive
1,0.022498616948723793,0.003919646609574556,capsule,/Users/bytedance/Downloads/mvtec_anomaly_detection/capsule/test/faulty_imprint/020.png,0.9609698057174683,0.003983556292951107,0.015996985323727127,0.07523132115602493,0.033677466213703156,0.9653925544514459,0.018578970339149237,cosine
1,0.6933643817901611,0.6867316961288452,capsule,/Users/bytedance/Downloads/mvtec_anomaly_detection/capsule/test/faulty_imprint/020.png,0.714097797870636,0.686754584312439,0.6927948832511902,0.6956637501716614,0.6939897537231445,0.9640636475690765,0.006632685661315918,cone_normal_only
1,0.48548969626426697,0.4778815805912018,capsule,/Users/bytedance/Downloads/mvtec_anomaly_detection/capsule/test/faulty_imprint/020.png,0.5045039057731628,0.4779077470302582,0.4843153655529022,0.4879564940929413,0.485893189907074,0.9724652279954175,0.0076081156730651855,cone_contrastive
1,0.2580508291721344,0.009774016216397285,capsule,/Users/bytedance/Downloads/mvtec_anomaly_detection/capsule/test/faulty_imprint/021.png,0.9700630903244019,0.010564210824668407,0.04003648422658439,0.3750932216644287,0.1482001543045044,0.9859620777361361,0.24827681295573711,cosine
1,0.6983252167701721,0.6869757175445557,capsule,/Users/bytedance/Downloads/mvtec_anomaly_detection/capsule/test/faulty_imprint/021.png,0.713037371635437,0.6870116591453552,0.694200336933136,0.7011433243751526,0.6967547535896301,0.9786516056562277,0.011349499225616455,cone_normal_only
1,0.4915183186531067,0.47812333703041077,capsule,/Users/bytedance/Downloads/mvtec_anomaly_detection/capsule/test/faulty_imprint/021.png,0.5053337812423706,0.47816595435142517,0.4862362653017044,0.49432042241096497,0.48929643630981445,0.9827550906582445,0.013394981622695923,cone_contrastive
1,0.25000929832458496,0.009356477297842503,capsule,/Users/bytedance/Downloads/mvtec_anomaly_detection/capsule/test/squeeze/000.png,0.9844673871994019,0.0278841033577919,0.12157921902835285,0.8433776497840881,0.4203537404537201,0.9692406105707073,0.24065282102674246,cosine
1,0.6988707184791565,0.6873160600662231,capsule,/Users/bytedance/Downloads/mvtec_anomaly_detection/capsule/test/squeeze/000.png,0.715983510017395,0.6882055997848511,0.6965950727462769,0.7096294164657593,0.7021896839141846,0.9810171785475714,0.01155465841293335,cone_normal_only
1,0.49124470353126526,0.47852033376693726,capsule,/Users/bytedance/Downloads/mvtec_anomaly_detection/capsule/test/squeeze/000.png,0.5067620873451233,0.4794999957084656,0.48881109356880187,0.504125714302063,0.4953228533267975,0.9781410812972527,0.012724369764328003,cone_contrastive
1,0.14097999036312103,0.028361503034830093,capsule,/Users/bytedance/Downloads/mvtec_anomaly_detection/capsule/test/squeeze/001.png,0.9923650026321411,0.03400283679366112,0.18715616241097427,0.4801499545574188,0.3131837248802185,0.8785566950179988,0.11261848732829094,cosine
1,0.6976239681243896,0.6892465353012085,capsule,/Users/bytedance/Downloads/mvtec_anomaly_detection/capsule/test/squeeze/001.png,0.7169131636619568,0.6896661520004272,0.6988797008991241,0.7037425637245178,0.7010840177536011,0.9104053325849084,0.008377432823181152,cone_normal_only
1,0.48987066745758057,0.4805770516395569,capsule,/Users/bytedance/Downloads/mvtec_anomaly_detection/capsule/test/squeeze/001.png,0.5087859630584717,0.4810425937175751,0.4915319666266441,0.4969635307788849,0.4939740002155304,0.9020165771872235,0.009293615818023682,cone_contrastive
1,0.05177970230579376,0.007887848652899265,capsule,/Users/bytedance/Downloads/mvtec_anomaly_detection/capsule/test/squeeze/002.png,0.9731132388114929,0.00796653050929308,0.022725157812237703,0.23210489749908447,0.0877690464258194,0.9466782069239479,0.0438918536528945,cosine
1,0.6929606199264526,0.6877183318138123,capsule,/Users/bytedance/Downloads/mvtec_anomaly_detection/capsule/test/squeeze/002.png,0.7147878408432007,0.6877278685569763,0.6939378887414932,0.6991419196128845,0.6955930590629578,0.8956000793681823,0.005242288112640381,cone_normal_only
1,0.484517365694046,0.47878748178482056,capsule,/Users/bytedance/Downloads/mvtec_anomaly_detection/capsule/test/squeeze/002.png,0.5053489804267883,0.4787977337837219,0.48522530645132067,0.49115389585494995,0.4871349632740021,0.9075491659972121,0.005729883909225464,cone_contrastive
1,0.14438188076019287,0.0037706184666603804,capsule,/Users/bytedance/Downloads/mvtec_anomaly_detection/capsule/test/squeeze/003.png,0.9612249135971069,0.004252206534147263,0.014915494574233882,0.09810993075370789,0.03627295419573784,0.9995889441500576,0.1406112622935325,cosine
1,0.6979746222496033,0.6867084503173828,capsule,/Users/bytedance/Downloads/mvtec_anomaly_detection/capsule/test/squeeze/003.png,0.71346515417099,0.6867470145225525,0.6932141095399856,0.6964497566223145,0.6943309903144836,0.9990545756143879,0.011266171932220459,cone_normal_only
1,0.4908371567726135,0.47770586609840393,capsule,/Users/bytedance/Downloads/mvtec_anomaly_detection/capsule/test/squeeze/003.png,0.5045119524002075,0.4777507781982422,0.484280526638031,0.48879554867744446,0.4858703315258026,0.9993527869385198,0.013131290674209595,cone_contrastive
1,0.12595845758914948,0.004292033612728119,capsule,/Users/bytedance/Downloads/mvtec_anomaly_detection/capsule/test/squeeze/004.png,0.959047257900238,0.005004374776035547,0.01708765663206576,0.1375337690114975,0.0488145649433136,0.9841611355503797,0.12166642397642136,cosine
1,0.6943488121032715,0.6869915723800659,capsule,/Users/bytedance/Downloads/mvtec_anomaly_detection/capsule/test/squeeze/004.png,0.7149325609207153,0.6870347261428833,0.6932274609804153,0.6961660385131836,0.6943983435630798,0.9411915921342044,0.007357239723205566,cone_normal_only
1,0.4865711033344269,0.47812166810035706,capsule,/Users/bytedance/Downloads/mvtec_anomaly_detection/capsule/test/squeeze/004.png,0.5042325258255005,0.47817113995552063,0.4844516083598137,0.48847460746765137,0.4860871434211731,0.9509007280026128,0.008449435234069824,cone_contrastive
1,0.1337238997220993,0.009103073738515377,capsule,/Users/bytedance/Downloads/mvtec_anomaly_detection/capsule/test/squeeze/005.png,0.9761713147163391,0.00980809424072504,0.025714684184640645,0.3646208345890045,0.1340278685092926,0.9695933738751937,0.12462082598358393,cosine
1,0.6958888173103333,0.6873199343681335,capsule,/Users/bytedance/Downloads/mvtec_anomaly_detection/capsule/test/squeeze/005.png,0.7147241830825806,0.6873683333396912,0.6942634493112564,0.7005921602249146,0.6963493227958679,0.9631920471257326,0.008568882942199707,cone_normal_only
1,0.4880482852458954,0.4784398376941681,capsule,/Users/bytedance/Downloads/mvtec_anomaly_detection/capsule/test/squeeze/005.png,0.5056994557380676,0.47849419713020325,0.4855788961052894,0.4931882619857788,0.4882710874080658,0.9688540479694221,0.009608447551727295,cone_contrastive
1,0.11568982154130936,0.00904922466725111,capsule,/Users/bytedance/Downloads/mvtec_anomaly_detection/capsule/test/squeeze/006.png,0.9878584146499634,0.01657937280833721,0.07310403473675245,0.42701929807662964,0.20432008802890778,0.9549652647576627,0.10664059687405825,cosine
1,0.6968242526054382,0.6875000596046448,capsule,/Users/bytedance/Downloads/mvtec_anomaly_detection/capsule/test/squeeze/006.png,0.7165716886520386,0.688158392906189,0.6961918383836746,0.7026886940002441,0.6988491415977478,0.9729843343211325,0.009324193000793457,cone_normal_only
1,0.48890867829322815,0.47865328192710876,capsule,/Users/bytedance/Downloads/mvtec_anomaly_detection/capsule/test/squeeze/006.png,0.5074160695075989,0.4793773293495178,0.48840074241161346,0.496117502450943,0.4915948510169983,0.969236805581376,0.010255396366119385,cone_contrastive
1,0.09271319955587387,0.012246004305779934,capsule,/Users/bytedance/Downloads/mvtec_anomaly_detection/capsule/test/squeeze/007.png,0.986581563949585,0.01756991818547249,0.08906556479632828,0.3083655536174774,0.15968358516693115,0.9411702109828344,0.08046719525009394,cosine
1,0.6963880062103271,0.6878564357757568,capsule,/Users/bytedance/Downloads/mvtec_anomaly_detection/capsule/test/squeeze/007.png,0.715951681137085,0.6884209513664246,0.6969463735818863,0.7007277607917786,0.6985875368118286,0.940812700718276,0.008531570434570312,cone_normal_only
1,0.4886004626750946,0.4790571331977844,capsule,/Users/bytedance/Downloads/mvtec_anomaly_detection/capsule/test/squeeze/007.png,0.507193386554718,0.4796885550022125,0.48915958106517793,0.4934948682785034,0.4911564588546753,0.9412722809025102,0.00954332947731018,cone_contrastive
1,0.007424012757837772,0.00220668688416481,capsule,/Users/bytedance/Downloads/mvtec_anomaly_detection/capsule/test/squeeze/008.png,0.9459830522537231,0.00236894772388041,0.009001483488827941,0.015433511696755886,0.011544923298060894,0.9273545302321291,0.005217325873672962,cosine
1,0.6905580163002014,0.6862030625343323,capsule,/Users/bytedance/Downloads/mvtec_anomaly_detection/capsule/test/squeeze/008.png,0.7129831910133362,0.6863384246826172,0.6915535658597947,0.6933565735816956,0.6924697160720825,0.9152454971641935,0.004354953765869141,cone_normal_only
1,0.4820641279220581,0.47725439071655273,capsule,/Users/bytedance/Downloads/mvtec_anomaly_detection/capsule/test/squeeze/008.png,0.5036344528198242,0.4774039685726166,0.48295712769031524,0.48461195826530457,0.4836995601654053,0.9297982020490935,0.004809737205505371,cone_contrastive
1,0.043745849281549454,0.0029260313604027033,capsule,/Users/bytedance/Downloads/mvtec_anomaly_detection/capsule/test/squeeze/009.png,0.9343616366386414,0.004898685961961746,0.012431256892159574,0.16259315609931946,0.051396165043115616,0.9303203427080958,0.04081981792114675,cosine
1,0.6915685534477234,0.6866002082824707,capsule,/Users/bytedance/Downloads/mvtec_anomaly_detection/capsule/test/squeeze/009.png,0.7138635516166687,0.6868403553962708,0.6924788683652878,0.6959879398345947,0.6936354041099548,0.9064976979672724,0.0049683451652526855,cone_normal_only
1,0.48350146412849426,0.47775518894195557,capsule,/Users/bytedance/Downloads/mvtec_anomaly_detection/capsule/test/squeeze/009.png,0.5030559301376343,0.4780329763889313,0.4837135076522827,0.48892858624458313,0.4853374660015106,0.9218576300454091,0.005746275186538696,cone_contrastive
1,0.009095090441405773,0.004504367243498564,capsule,/Users/bytedance/Downloads/mvtec_anomaly_detection/capsule/test/squeeze/010.png,0.9648388624191284,0.0045584142208099365,0.01420073006302118,0.1326194405555725,0.04441719874739647,0.8748890533835757,0.004590723197907209,cosine
1,0.6906604766845703,0.6867567300796509,capsule,/Users/bytedance/Downloads/mvtec_anomaly_detection/capsule/test/squeeze/010.png,0.7140479683876038,0.6868026852607727,0.692831838130951,0.696387529373169,0.6940370798110962,0.8682887724222574,0.0039037466049194336,cone_normal_only
1,0.4822177588939667,0.47784584760665894,capsule,/Users/bytedance/Downloads/mvtec_anomaly_detection/capsule/test/squeeze/010.png,0.5047305822372437,0.4778972864151001,0.4839974597096443,0.4883577227592468,0.4855842888355255,0.882644496760655,0.004371911287307739,cone_contrastive
1,0.0973912924528122,0.01548013836145401,capsule,/Users/bytedance/Downloads/mvtec_anomaly_detection/capsule/test/squeeze/011.png,0.9793556332588196,0.020559823140501976,0.10451285317540136,0.5059351921081543,0.2496883124113083,0.9245732485162637,0.08191115409135818,cosine
1,0.6960378289222717,0.6876506805419922,capsule,/Users/bytedance/Downloads/mvtec_anomaly_detection/capsule/test/squeeze/011.png,0.7153151035308838,0.6881706118583679,0.6967861026525497,0.703522264957428,0.6996248960494995,0.9293490601395538,0.008387148380279541,cone_normal_only
1,0.4885643720626831,0.4789450168609619,capsule,/Users/bytedance/Downloads/mvtec_anomaly_detection/capsule/test/squeeze/011.png,0.506054162979126,0.47954148054122925,0.48924375623464583,0.4968799352645874,0.49264025688171387,0.9372591427270903,0.009619355201721191,cone_contrastive
1,0.05156029760837555,0.004622283391654491,capsule,/Users/bytedance/Downloads/mvtec_anomaly_detection/capsule/test/squeeze/012.png,0.9703984260559082,0.00763458339497447,0.022645048052072514,0.25708529353141785,0.08545016497373581,0.9398892442194781,0.04693801421672106,cosine
1,0.69417804479599,0.6870564222335815,capsule,/Users/bytedance/Downloads/mvtec_anomaly_detection/capsule/test/squeeze/012.png,0.7151891589164734,0.6875135898590088,0.6941015034914017,0.6993259191513062,0.6957396268844604,0.9528780891966674,0.007121622562408447,cone_normal_only
1,0.48554137349128723,0.4781206548213959,capsule,/Users/bytedance/Downloads/mvtec_anomaly_detection/capsule/test/squeeze/012.png,0.505187451839447,0.47859692573547363,0.48560023307800293,0.49209368228912354,0.48770850896835327,0.9462561713073211,0.007420718669891357,cone_contrastive
1,0.0824364721775055,0.004710225388407707,capsule,/Users/bytedance/Downloads/mvtec_anomaly_detection/capsule/test/squeeze/013.png,0.9750550389289856,0.00641668913885951,0.022748669981956467,0.17827406525611877,0.06894423067569733,0.9598003591094337,0.07772624678909779,cosine
1,0.6946818232536316,0.687001645565033,capsule,/Users/bytedance/Downloads/mvtec_anomaly_detection/capsule/test/squeeze/013.png,0.7158573865890503,0.6871702075004578,0.6936501771211624,0.6983376145362854,0.6954068541526794,0.9425811337363645,0.007680177688598633,cone_normal_only
1,0.48741665482521057,0.4781624972820282,capsule,/Users/bytedance/Downloads/mvtec_anomaly_detection/capsule/test/squeeze/013.png,0.5055263042449951,0.4783656895160675,0.4854060426354408,0.4915558099746704,0.487822026014328,0.9551836597391974,0.009254157543182373,cone_contrastive
1,0.036356113851070404,0.005816909018903971,capsule,/Users/bytedance/Downloads/mvtec_anomaly_detection/capsule/test/squeeze/014.png,0.97804856300354,0.00828464049845934,0.03468722887337205,0.1155293732881546,0.06208816170692444,0.9532500664224886,0.030539204832166433,cosine
1,0.6948093771934509,0.6870459914207458,capsule,/Users/bytedance/Downloads/mvtec_anomaly_detection/capsule/test/squeeze/014.png,0.7148481011390686,0.6876732707023621,0.6951655060052871,0.6973376870155334,0.696086049079895,0.9611223953127992,0.007763385772705078,cone_normal_only
1,0.48669010400772095,0.4781934320926666,capsule,/Users/bytedance/Downloads/mvtec_anomaly_detection/capsule/test/squeeze/014.png,0.5059590339660645,0.4788799583911896,0.48706267923116686,0.48962974548339844,0.48814526200294495,0.9599257448350459,0.008496671915054321,cone_contrastive
1,0.0518910214304924,0.009562146849930286,capsule,/Users/bytedance/Downloads/mvtec_anomaly_detection/capsule/test/squeeze/015.png,0.9840972423553467,0.01057081576436758,0.039490897022187686,0.2983100116252899,0.12008955329656601,0.9520255261283745,0.042328874580562115,cosine
1,0.6947598457336426,0.6873887181282043,capsule,/Users/bytedance/Downloads/mvtec_anomaly_detection/capsule/test/squeeze/015.png,0.7162607908248901,0.6875643730163574,0.6945519357919693,0.7002069354057312,0.6965799927711487,0.9443352621712642,0.007371127605438232,cone_normal_only
1,0.4869985282421112,0.47858926653862,capsule,/Users/bytedance/Downloads/mvtec_anomaly_detection/capsule/test/squeeze/015.png,0.5066125392913818,0.47878965735435486,0.4863561257719994,0.49276235699653625,0.48879125714302063,0.9546752451285524,0.008409261703491211,cone_contrastive
1,0.09872131049633026,0.003641285467892885,capsule,/Users/bytedance/Downloads/mvtec_anomaly_detection/capsule/test/squeeze/016.png,0.9738336801528931,0.011272165924310684,0.035221778973937024,0.40753909945487976,0.15959449112415314,0.9879168009770758,0.09508002502843738,cosine
1,0.6963226795196533,0.6866985559463501,capsule,/Users/bytedance/Downloads/mvtec_anomaly_detection/capsule/test/squeeze/016.png,0.7152014374732971,0.6874709129333496,0.6951486617326736,0.7025479674339294,0.6979238986968994,0.9919488451580623,0.009624123573303223,cone_normal_only
1,0.48825013637542725,0.47773274779319763,capsule,/Users/bytedance/Downloads/mvtec_anomaly_detection/capsule/test/squeeze/016.png,0.5054495930671692,0.4785769283771515,0.4869585648179054,0.4957749545574188,0.49026185274124146,0.9915818752843505,0.010517388582229614,cone_contrastive
1,0.1385355442762375,0.0059778024442493916,capsule,/Users/bytedance/Downloads/mvtec_anomaly_detection/capsule/test/squeeze/017.png,0.9723261594772339,0.006737606134265661,0.019069901946932075,0.22074002027511597,0.07370966672897339,0.962362609962211,0.1325577418319881,cosine
1,0.6956177353858948,0.6870728135108948,capsule,/Users/bytedance/Downloads/mvtec_anomaly_detection/capsule/test/squeeze/017.png,0.714821457862854,0.6871218085289001,0.6935745388269424,0.6987955570220947,0.6951925158500671,0.9449656454289371,0.008544921875,cone_normal_only
1,0.4879467785358429,0.478255033493042,capsule,/Users/bytedance/Downloads/mvtec_anomaly_detection/capsule/test/squeeze/017.png,0.5052385926246643,0.47831061482429504,0.48510958403348925,0.4913792908191681,0.4870010018348694,0.9512856073955019,0.009691745042800903,cone_contrastive
1,0.20255912840366364,0.006666201166808605,capsule,/Users/bytedance/Downloads/mvtec_anomaly_detection/capsule/test/squeeze/018.png,0.98101806640625,0.008889966644346714,0.030811352841556054,0.27757707238197327,0.09568458795547485,0.9759666561121967,0.19589292723685503,cosine
1,0.6977851390838623,0.6874976754188538,capsule,/Users/bytedance/Downloads/mvtec_anomaly_detection/capsule/test/squeeze/018.png,0.715882420539856,0.6876144409179688,0.6947273015975952,0.7000552415847778,0.6963034868240356,0.9658305724318087,0.010287463665008545,cone_normal_only
1,0.4909095764160156,0.47873687744140625,capsule,/Users/bytedance/Downloads/mvtec_anomaly_detection/capsule/test/squeeze/018.png,0.5062350034713745,0.478875070810318,0.4867096751928329,0.49359145760536194,0.4887554943561554,0.9730581369273004,0.012172698974609375,cone_contrastive
1,0.3432966470718384,0.004444236401468515,capsule,/Users/bytedance/Downloads/mvtec_anomaly_detection/capsule/test/squeeze/019.png,0.9636836647987366,0.007816039025783539,0.01463750759139656,0.41783612966537476,0.11573731154203415,0.9919224476860993,0.33885241067036986,cosine
1,0.6997600197792053,0.686415433883667,capsule,/Users/bytedance/Downloads/mvtec_anomaly_detection/capsule/test/squeeze/019.png,0.7139827609062195,0.6865482330322266,0.69286929666996,0.7015111446380615,0.6954537630081177,0.9924146863444266,0.01334458589553833,cone_normal_only
1,0.4924711287021637,0.4774269163608551,capsule,/Users/bytedance/Downloads/mvtec_anomaly_detection/capsule/test/squeeze/019.png,0.5046356916427612,0.4775765836238861,0.48404293358325956,0.4947020709514618,0.48732325434684753,0.9910203400503299,0.015044212341308594,cone_contrastive
1,0.48129233717918396,0.01283766608685255,pill,/Users/bytedance/Downloads/mvtec_anomaly_detection/pill/test/crack/000.png,0.9709799885749817,0.017635274678468704,0.06906313523650165,0.5208070874214172,0.21666450798511505,0.9979946351209634,0.4684546710923314,cosine
1,0.7038421630859375,0.6886067986488342,pill,/Users/bytedance/Downloads/mvtec_anomaly_detection/pill/test/crack/000.png,0.7161563038825989,0.6887627840042114,0.6960656255483627,0.7047121524810791,0.6994680762290955,0.9957025887079026,0.015235364437103271,cone_normal_only
1,0.4966083765029907,0.4794187545776367,pill,/Users/bytedance/Downloads/mvtec_anomaly_detection/pill/test/crack/000.png,0.5051276683807373,0.4795948565006256,0.48744733780622485,0.4975416660308838,0.4913201928138733,0.9966264539707578,0.017189621925354004,cone_contrastive
1,0.05097788944840431,0.008990498259663582,pill,/Users/bytedance/Downloads/mvtec_anomaly_detection/pill/test/crack/001.png,0.9380010366439819,0.00916700903326273,0.05033736936748019,0.17064861953258514,0.09839460253715515,0.9393301354656751,0.04198739118874073,cosine
1,0.6941931247711182,0.6876564621925354,pill,/Users/bytedance/Downloads/mvtec_anomaly_detection/pill/test/crack/001.png,0.7141237258911133,0.6876839399337769,0.6942803174257278,0.6996266841888428,0.696700930595398,0.9230291518277708,0.006536662578582764,cone_normal_only
1,0.4860348403453827,0.4783618748188019,pill,/Users/bytedance/Downloads/mvtec_anomaly_detection/pill/test/crack/001.png,0.5032365322113037,0.478394091129303,0.48550387769937514,0.4911535084247589,0.4880731403827667,0.9406540467305378,0.0076729655265808105,cone_contrastive
1,0.5213425159454346,0.017934298142790794,pill,/Users/bytedance/Downloads/mvtec_anomaly_detection/pill/test/crack/002.png,0.9446634650230408,0.022930407896637917,0.09681623578071567,0.6464313864707947,0.3125733733177185,0.9938207398372478,0.5034082178026438,cosine
1,0.7044589519500732,0.688687264919281,pill,/Users/bytedance/Downloads/mvtec_anomaly_detection/pill/test/crack/002.png,0.7149630188941956,0.6888437271118164,0.6970782011747361,0.7063541412353516,0.7011386156082153,0.9930917219875632,0.015771687030792236,cone_normal_only
1,0.49759915471076965,0.47948479652404785,pill,/Users/bytedance/Downloads/mvtec_anomaly_detection/pill/test/crack/002.png,0.503462553024292,0.47966456413269043,0.4884321793913841,0.499928742647171,0.49336904287338257,0.9935754395137051,0.018114358186721802,cone_contrastive
1,0.29494941234588623,0.009945116005837917,pill,/Users/bytedance/Downloads/mvtec_anomaly_detection/pill/test/crack/003.png,0.8980526924133301,0.0108150290325284,0.05239271186292142,0.2242540419101715,0.11431840807199478,0.9972300632998564,0.2850042963400483,cosine
1,0.7010876536369324,0.6882018446922302,pill,/Users/bytedance/Downloads/mvtec_anomaly_detection/pill/test/crack/003.png,0.7139338254928589,0.688241183757782,0.6945527791976929,0.7006275653839111,0.6972073912620544,0.9915238675374,0.012885808944702148,cone_normal_only
1,0.4935956597328186,0.4790151119232178,pill,/Users/bytedance/Downloads/mvtec_anomaly_detection/pill/test/crack/003.png,0.5018348097801208,0.4790595769882202,0.4859055936336517,0.4926263689994812,0.48880600929260254,0.9927378395743474,0.01458054780960083,cone_contrastive
1,0.5012330412864685,0.015881827101111412,pill,/Users/bytedance/Downloads/mvtec_anomaly_detection/pill/test/crack/004.png,0.9603502750396729,0.01941446028649807,0.09403505735099313,0.4933314025402069,0.23058603703975677,0.9973073937971428,0.4853512141853571,cosine
1,0.7032149434089661,0.6887253522872925,pill,/Users/bytedance/Downloads/mvtec_anomaly_detection/pill/test/crack/004.png,0.7153713703155518,0.6888309717178345,0.6961761265993118,0.7038319706916809,0.6993120908737183,0.99157387854398,0.014489591121673584,cone_normal_only
1,0.49638301134109497,0.47955620288848877,pill,/Users/bytedance/Downloads/mvtec_anomaly_detection/pill/test/crack/004.png,0.5043515563011169,0.479678750038147,0.4876546412706375,0.49671289324760437,0.49127861857414246,0.993770473004263,0.0168268084526062,cone_contrastive
1,0.31490185856819153,0.010700426064431667,pill,/Users/bytedance/Downloads/mvtec_anomaly_detection/pill/test/crack/005.png,0.9433830380439758,0.01523526106029749,0.06999120526015756,0.44815024733543396,0.18730545043945312,0.9885202299072351,0.30420143250375986,cosine
1,0.6993305683135986,0.6881272196769714,pill,/Users/bytedance/Downloads/mvtec_anomaly_detection/pill/test/crack/005.png,0.7141300439834595,0.6882944703102112,0.6949958622455596,0.7026971578598022,0.6981260180473328,0.9688192932726503,0.011203348636627197,cone_normal_only
1,0.49175480008125305,0.4789162874221802,pill,/Users/bytedance/Downloads/mvtec_anomaly_detection/pill/test/crack/005.png,0.503474771976471,0.4791076183319092,0.4862615630030632,0.4955690801143646,0.4899696409702301,0.970837561099257,0.012838512659072876,cone_contrastive
1,0.1911754310131073,0.009261338040232658,pill,/Users/bytedance/Downloads/mvtec_anomaly_detection/pill/test/crack/006.png,0.9398479461669922,0.009817947633564472,0.039309178851544814,0.2599853277206421,0.10296383500099182,0.9894709093453404,0.18191409297287464,cosine
1,0.6977592706680298,0.6881371140480042,pill,/Users/bytedance/Downloads/mvtec_anomaly_detection/pill/test/crack/006.png,0.714771568775177,0.6881665587425232,0.694716876745224,0.6999467015266418,0.6969290375709534,0.9726235906887937,0.009622156620025635,cone_normal_only
1,0.48973146080970764,0.4788987934589386,pill,/Users/bytedance/Downloads/mvtec_anomaly_detection/pill/test/crack/006.png,0.5032787919044495,0.4789319932460785,0.48581663966178895,0.4917828440666199,0.4882214665412903,0.977307729989919,0.010832667350769043,cone_contrastive
1,0.13410313427448273,0.015064697712659836,pill,/Users/bytedance/Downloads/mvtec_anomaly_detection/pill/test/crack/007.png,0.9332181215286255,0.015602385625243187,0.09109545461833472,0.2922798991203308,0.17127983272075653,0.9524338228920081,0.11903843656182289,cosine
1,0.695557713508606,0.6886763572692871,pill,/Users/bytedance/Downloads/mvtec_anomaly_detection/pill/test/crack/007.png,0.7146548628807068,0.6887073516845703,0.6957066565752029,0.7019972801208496,0.698585569858551,0.9228724709808876,0.006881356239318848,cone_normal_only
1,0.48734110593795776,0.47946277260780334,pill,/Users/bytedance/Downloads/mvtec_anomaly_detection/pill/test/crack/007.png,0.5029694437980652,0.47949835658073425,0.48700083196163174,0.4937542974948883,0.49012646079063416,0.9297965003641938,0.007878333330154419,cone_contrastive
1,0.1938413679599762,0.013808568939566612,pill,/Users/bytedance/Downloads/mvtec_anomaly_detection/pill/test/crack/008.png,0.9589967131614685,0.01569797471165657,0.08288220390677452,0.28856930136680603,0.16006550192832947,0.9757111704689261,0.18003279902040958,cosine
1,0.6989251971244812,0.688817024230957,pill,/Users/bytedance/Downloads/mvtec_anomaly_detection/pill/test/crack/008.png,0.7155346274375916,0.6889231204986572,0.6959918379783631,0.7021123766899109,0.6987023949623108,0.9650524421901514,0.01010817289352417,cone_normal_only
1,0.4910351037979126,0.47976598143577576,pill,/Users/bytedance/Downloads/mvtec_anomaly_detection/pill/test/crack/008.png,0.5042174458503723,0.47988417744636536,0.48738547414541245,0.4940968155860901,0.4903484284877777,0.9733395650176009,0.01126912236213684,cone_contrastive
1,0.6025487780570984,0.015166428871452808,pill,/Users/bytedance/Downloads/mvtec_anomaly_detection/pill/test/crack/009.png,0.9602291584014893,0.02338642068207264,0.07510806582868099,0.7832503318786621,0.328304260969162,0.9952629455341226,0.5873823491856456,cosine
1,0.7047473788261414,0.6887443661689758,pill,/Users/bytedance/Downloads/mvtec_anomaly_detection/pill/test/crack/009.png,0.7148612141609192,0.6889683604240417,0.6963074028491973,0.7083556652069092,0.7007885575294495,0.9834091689733059,0.016003012657165527,cone_normal_only
1,0.49796709418296814,0.47947636246681213,pill,/Users/bytedance/Downloads/mvtec_anomaly_detection/pill/test/crack/009.png,0.5044213533401489,0.4797350764274597,0.4876392722129822,0.502206027507782,0.4929777681827545,0.9849714360193059,0.018490731716156006,cone_contrastive
1,0.2934790253639221,0.016563037410378456,pill,/Users/bytedance/Downloads/mvtec_anomaly_detection/pill/test/crack/010.png,0.9190104603767395,0.022050293162465096,0.1278868593275546,0.4254221022129059,0.25118377804756165,0.9852245380002304,0.27691598795354366,cosine
1,0.7003745436668396,0.688896119594574,pill,/Users/bytedance/Downloads/mvtec_anomaly_detection/pill/test/crack/010.png,0.7138345837593079,0.6891237497329712,0.697461661696434,0.7034218311309814,0.7003294229507446,0.9768490555474918,0.011478424072265625,cone_normal_only
1,0.49300679564476013,0.4797726273536682,pill,/Users/bytedance/Downloads/mvtec_anomaly_detection/pill/test/crack/010.png,0.5024805665016174,0.48003488779067993,0.489163538813591,0.4963377118110657,0.4925757646560669,0.9807175564805515,0.013234168291091919,cone_contrastive
1,0.34877902269363403,0.012582914903759956,pill,/Users/bytedance/Downloads/mvtec_anomaly_detection/pill/test/crack/011.png,0.9482468366622925,0.016359301283955574,0.05445398222655057,0.4533573091030121,0.19247041642665863,0.9946703149302601,0.3361961077898741,cosine
1,0.7016614675521851,0.6888566613197327,pill,/Users/bytedance/Downloads/mvtec_anomaly_detection/pill/test/crack/011.png,0.7152112126350403,0.6890006065368652,0.6956227838993072,0.7035006880760193,0.6985876560211182,0.9942610317231784,0.012804806232452393,cone_normal_only
1,0.4944401979446411,0.4797707200050354,pill,/Users/bytedance/Downloads/mvtec_anomaly_detection/pill/test/crack/011.png,0.5035926103591919,0.47993549704551697,0.48704148828983307,0.4965685307979584,0.4905773997306824,0.995010282321263,0.014669477939605713,cone_contrastive
1,0.13368237018585205,0.007375349290668964,pill,/Users/bytedance/Downloads/mvtec_anomaly_detection/pill/test/crack/012.png,0.8929578065872192,0.007885616272687912,0.029608690179884385,0.1852811723947525,0.0750206932425499,0.9928875691709319,0.1263070208951831,cosine
1,0.6975441575050354,0.688119649887085,pill,/Users/bytedance/Downloads/mvtec_anomaly_detection/pill/test/crack/012.png,0.7139430642127991,0.6881577372550964,0.6938827961683274,0.6991617679595947,0.6961060166358948,0.9809376658680147,0.00942450761795044,cone_normal_only
1,0.48935216665267944,0.47888749837875366,pill,/Users/bytedance/Downloads/mvtec_anomaly_detection/pill/test/crack/012.png,0.5016863346099854,0.4789298176765442,0.48498295396566393,0.4907625913619995,0.48731139302253723,0.9846897764133681,0.010464668273925781,cone_contrastive
1,0.010287042707204819,0.006130344234406948,pill,/Users/bytedance/Downloads/mvtec_anomaly_detection/pill/test/crack/013.png,0.9476738572120667,0.0061423033475875854,0.022477729711681573,0.0892898365855217,0.04755406081676483,0.8503067250342851,0.004156698472797871,cosine
1,0.6911550164222717,0.6880766153335571,pill,/Users/bytedance/Downloads/mvtec_anomaly_detection/pill/test/crack/013.png,0.7149817943572998,0.6880854368209839,0.6937013179063797,0.6977217197418213,0.695314884185791,0.8078625207833309,0.0030784010887145996,cone_normal_only
1,0.4827691614627838,0.4788965582847595,pill,/Users/bytedance/Downloads/mvtec_anomaly_detection/pill/test/crack/013.png,0.503585934638977,0.4789077341556549,0.4844633162021637,0.4890143871307373,0.48636147379875183,0.8467346093934459,0.003872603178024292,cone_contrastive
1,0.09904995560646057,0.01169799454510212,pill,/Users/bytedance/Downloads/mvtec_anomaly_detection/pill/test/crack/014.png,0.9320480823516846,0.011983823962509632,0.06417572759091841,0.22901864349842072,0.1338561773300171,0.9461226047513953,0.08735196106135845,cosine
1,0.695414125919342,0.6882311701774597,pill,/Users/bytedance/Downloads/mvtec_anomaly_detection/pill/test/crack/014.png,0.7147642970085144,0.6882545948028564,0.6942810744047165,0.7007217407226562,0.6971768736839294,0.9474856521394811,0.007182955741882324,cone_normal_only
1,0.48741888999938965,0.47915011644363403,pill,/Users/bytedance/Downloads/mvtec_anomaly_detection/pill/test/crack/014.png,0.5029032230377197,0.4791771471500397,0.48578353226184845,0.49278023838996887,0.488949179649353,0.9576044086612456,0.008268773555755615,cone_contrastive
1,0.03766323998570442,0.007975708693265915,pill,/Users/bytedance/Downloads/mvtec_anomaly_detection/pill/test/crack/015.png,0.9654785990715027,0.008085021749138832,0.03588618226349321,0.1154932826757431,0.06592206656932831,0.9467143630923629,0.029687531292438507,cosine
1,0.6948868632316589,0.6882898211479187,pill,/Users/bytedance/Downloads/mvtec_anomaly_detection/pill/test/crack/015.png,0.7154839634895325,0.6883141994476318,0.6944232136011124,0.6988855004310608,0.6963287591934204,0.9421355522638178,0.006597042083740234,cone_normal_only
1,0.48649218678474426,0.47911739349365234,pill,/Users/bytedance/Downloads/mvtec_anomaly_detection/pill/test/crack/015.png,0.5046985745429993,0.47914454340934753,0.4854760929942131,0.4901004731655121,0.4874832034111023,0.9513606487897563,0.007374793291091919,cone_contrastive
1,0.022440535947680473,0.009592793881893158,pill,/Users/bytedance/Downloads/mvtec_anomaly_detection/pill/test/crack/016.png,0.9212273955345154,0.009635024704039097,0.03791068270802495,0.2165946215391159,0.08930147439241409,0.8834321289931157,0.012847742065787315,cosine
1,0.6921550631523132,0.6886111497879028,pill,/Users/bytedance/Downloads/mvtec_anomaly_detection/pill/test/crack/016.png,0.7143106460571289,0.6886228322982788,0.694123488664627,0.6993931531906128,0.6962669491767883,0.8199144639172491,0.0035439133644104004,cone_normal_only
1,0.4840085208415985,0.4795716106891632,pill,/Users/bytedance/Downloads/mvtec_anomaly_detection/pill/test/crack/016.png,0.5025256872177124,0.4795862138271332,0.4856148898601532,0.4914275109767914,0.4879433214664459,0.8505810787957144,0.004436910152435303,cone_contrastive
1,0.5836800932884216,0.010014060884714127,pill,/Users/bytedance/Downloads/mvtec_anomaly_detection/pill/test/crack/017.png,0.8884798884391785,0.016291113570332527,0.04023919217288481,0.6717116832733154,0.230339914560318,0.9980200683445377,0.5736660324037075,cosine
1,0.7051160335540771,0.6882046461105347,pill,/Users/bytedance/Downloads/mvtec_anomaly_detection/pill/test/crack/017.png,0.7136836051940918,0.6883896589279175,0.694055438041687,0.7067549228668213,0.6982976794242859,0.9962740931492665,0.01691138744354248,cone_normal_only
1,0.4981180429458618,0.4790205657482147,pill,/Users/bytedance/Downloads/mvtec_anomaly_detection/pill/test/crack/017.png,0.50156569480896,0.47922950983047485,0.48529338389635085,0.5000442266464233,0.4901362955570221,0.9965248608905314,0.019097477197647095,cone_contrastive
1,0.590328574180603,0.01558193564414978,pill,/Users/bytedance/Downloads/mvtec_anomaly_detection/pill/test/crack/018.png,0.9497036337852478,0.02218782715499401,0.08402448557317244,0.6671043634414673,0.27758103609085083,0.9982808010697699,0.5747466385364532,cosine
1,0.7049263119697571,0.6890634894371033,pill,/Users/bytedance/Downloads/mvtec_anomaly_detection/pill/test/crack/018.png,0.7151371836662292,0.6892458200454712,0.6968532532453537,0.7063292264938354,0.7004621028900146,0.9968360128438117,0.01586282253265381,cone_normal_only
1,0.49842584133148193,0.48001983761787415,pill,/Users/bytedance/Downloads/mvtec_anomaly_detection/pill/test/crack/018.png,0.5037299394607544,0.480231374502182,0.48851551711559293,0.5000030398368835,0.4927573502063751,0.997581956463187,0.018406003713607788,cone_contrastive
1,0.4060017764568329,0.014348029159009457,pill,/Users/bytedance/Downloads/mvtec_anomaly_detection/pill/test/crack/019.png,0.9483110904693604,0.01879260316491127,0.05970963649451732,0.616844654083252,0.26185619831085205,0.9877619220130053,0.39165374729782343,cosine
1,0.7009953260421753,0.6883116364479065,pill,/Users/bytedance/Downloads/mvtec_anomaly_detection/pill/test/crack/019.png,0.7153700590133667,0.6884557008743286,0.6953935772180557,0.7054102420806885,0.6993487477302551,0.9776155507894155,0.012683689594268799,cone_normal_only
1,0.49362635612487793,0.47917458415031433,pill,/Users/bytedance/Downloads/mvtec_anomaly_detection/pill/test/crack/019.png,0.50358647108078,0.4793386161327362,0.4867033913731575,0.49879685044288635,0.4913730323314667,0.979234097068086,0.014451771974563599,cone_contrastive
1,0.11881199479103088,0.008911372162401676,pill,/Users/bytedance/Downloads/mvtec_anomaly_detection/pill/test/crack/020.png,0.9358148574829102,0.009624453261494637,0.05088391862809648,0.1294204592704773,0.08470001816749573,0.9901187460374423,0.10990062262862921,cosine
1,0.6979448199272156,0.688273549079895,pill,/Users/bytedance/Downloads/mvtec_anomaly_detection/pill/test/crack/020.png,0.7140737175941467,0.6883363127708435,0.6953120976686478,0.6995528936386108,0.6973838806152344,0.979254383150594,0.009671270847320557,cone_normal_only
1,0.4899725615978241,0.47913119196891785,pill,/Users/bytedance/Downloads/mvtec_anomaly_detection/pill/test/crack/020.png,0.5031301379203796,0.4792015552520752,0.48653426170349123,0.49112290143966675,0.48873093724250793,0.9851562696894369,0.01084136962890625,cone_contrastive
1,0.1800479292869568,0.005281459074467421,pill,/Users/bytedance/Downloads/mvtec_anomaly_detection/pill/test/crack/021.png,0.8683805465698242,0.00603178795427084,0.021640929114073452,0.14813321828842163,0.056241344660520554,0.9976803462646617,0.17476647021248937,cosine
1,0.6982371807098389,0.6875778436660767,pill,/Users/bytedance/Downloads/mvtec_anomaly_detection/pill/test/crack/021.png,0.713005542755127,0.6876236200332642,0.693101167678833,0.6975764036178589,0.6946514248847961,0.9951041116927173,0.010659337043762207,cone_normal_only
1,0.49022865295410156,0.47839245200157166,pill,/Users/bytedance/Downloads/mvtec_anomaly_detection/pill/test/crack/021.png,0.5011393427848816,0.47844329476356506,0.48377580046653745,0.48926401138305664,0.48588132858276367,0.9958087302166561,0.011836200952529907,cone_contrastive
1,0.1415199488401413,0.013326585292816162,pill,/Users/bytedance/Downloads/mvtec_anomaly_detection/pill/test/crack/022.png,0.9709618091583252,0.014215209521353245,0.0658514697104689,0.36345091462135315,0.18026119470596313,0.9698641844818191,0.12819336354732513,cosine
1,0.6979029774665833,0.6880742907524109,pill,/Users/bytedance/Downloads/mvtec_anomaly_detection/pill/test/crack/022.png,0.715959370136261,0.6881425976753235,0.6948209911584854,0.7021896839141846,0.6981440186500549,0.9745879106023804,0.009828686714172363,cone_normal_only
1,0.49038273096084595,0.47888752818107605,pill,/Users/bytedance/Downloads/mvtec_anomaly_detection/pill/test/crack/022.png,0.5052338242530823,0.47896721959114075,0.48624172508716584,0.4943350851535797,0.48990610241889954,0.9798598658770988,0.011495202779769897,cone_contrastive
1,0.5376340746879578,0.01805398054420948,pill,/Users/bytedance/Downloads/mvtec_anomaly_detection/pill/test/crack/023.png,0.9379940032958984,0.024897178635001183,0.13006656765937805,0.6576336622238159,0.3045262396335602,0.9942772409387944,0.5195800941437483,cosine
1,0.7041392922401428,0.688919186592102,pill,/Users/bytedance/Downloads/mvtec_anomaly_detection/pill/test/crack/023.png,0.7143439650535583,0.6891196370124817,0.6976049244403839,0.706413984298706,0.7012906074523926,0.9880642171232511,0.015220105648040771,cone_normal_only
1,0.49731767177581787,0.47977158427238464,pill,/Users/bytedance/Downloads/mvtec_anomaly_detection/pill/test/crack/023.png,0.5032093524932861,0.4800027012825012,0.48920273333787917,0.49986058473587036,0.4934197664260864,0.9902070471836893,0.017546087503433228,cone_contrastive
1,0.04004119709134102,0.009037778712809086,pill,/Users/bytedance/Downloads/mvtec_anomaly_detection/pill/test/crack/024.png,0.929827094078064,0.009225190617144108,0.039196078106760894,0.18684886395931244,0.09091553837060928,0.9458856731538559,0.031003418378531933,cosine
1,0.6950609087944031,0.6884946823120117,pill,/Users/bytedance/Downloads/mvtec_anomaly_detection/pill/test/crack/024.png,0.7141395211219788,0.6885343790054321,0.6942195802927017,0.6999644637107849,0.6966560482978821,0.9431993887505343,0.006566226482391357,cone_normal_only
1,0.4865618050098419,0.47936302423477173,pill,/Users/bytedance/Downloads/mvtec_anomaly_detection/pill/test/crack/024.png,0.5028862953186035,0.47940653562545776,0.48561513125896455,0.49165475368499756,0.4881640672683716,0.9482853494168496,0.00719878077507019,cone_contrastive
1,0.029194535687565804,0.011014938354492188,pill,/Users/bytedance/Downloads/mvtec_anomaly_detection/pill/test/crack/025.png,0.9402678608894348,0.01104942336678505,0.048582360148429794,0.1442081183195114,0.08776191622018814,0.9026292744452697,0.018179597333073616,cosine
1,0.6942728757858276,0.6888062357902527,pill,/Users/bytedance/Downloads/mvtec_anomaly_detection/pill/test/crack/025.png,0.7139696478843689,0.6888166666030884,0.69571573138237,0.6998395323753357,0.697512686252594,0.8866871711981048,0.005466639995574951,cone_normal_only
1,0.48612844944000244,0.4796677529811859,pill,/Users/bytedance/Downloads/mvtec_anomaly_detection/pill/test/crack/025.png,0.5033420324325562,0.47968006134033203,0.48697034269571304,0.4912409782409668,0.4888431131839752,0.9172324443092865,0.006460696458816528,cone_contrastive
1,0.5226320028305054,0.016149841248989105,pill,/Users/bytedance/Downloads/mvtec_anomaly_detection/pill/test/color/000.png,0.9613638520240784,0.01648205704987049,0.07997042909264511,0.41971439123153687,0.2112295925617218,0.9987795494889524,0.5064821615815163,cosine
1,0.7046332359313965,0.6886609792709351,pill,/Users/bytedance/Downloads/mvtec_anomaly_detection/pill/test/color/000.png,0.7154679298400879,0.6886714100837708,0.6943306744098663,0.7023594379425049,0.6975754499435425,0.9986363428710332,0.015972256660461426,cone_normal_only
1,0.4970654249191284,0.47960779070854187,pill,/Users/bytedance/Downloads/mvtec_anomaly_detection/pill/test/color/000.png,0.504403829574585,0.47961926460266113,0.485849903523922,0.4946027100086212,0.48937442898750305,0.9986185228272852,0.017457634210586548,cone_contrastive
1,0.6816455721855164,0.015005101449787617,pill,/Users/bytedance/Downloads/mvtec_anomaly_detection/pill/test/color/001.png,0.9460951089859009,0.018023718148469925,0.06656802035868156,0.6285716891288757,0.24705585837364197,0.9986185938765432,0.6666404707357287,cosine
1,0.7071904540061951,0.6882431507110596,pill,/Users/bytedance/Downloads/mvtec_anomaly_detection/pill/test/color/001.png,0.7153067588806152,0.6883289813995361,0.6954338699579239,0.7061664462089539,0.6995052099227905,0.9986790506925649,0.018947303295135498,cone_normal_only
1,0.5004324913024902,0.4791676998138428,pill,/Users/bytedance/Downloads/mvtec_anomaly_detection/pill/test/color/001.png,0.5035057067871094,0.47926390171051025,0.4868863582611084,0.49928560853004456,0.4915102422237396,0.9986388057205172,0.02126479148864746,cone_contrastive
1,0.11646958440542221,0.009292935952544212,pill,/Users/bytedance/Downloads/mvtec_anomaly_detection/pill/test/color/002.png,0.8981549143791199,0.009874106384813786,0.04923680126666974,0.17639802396297455,0.096432164311409,0.982827720188956,0.107176648452878,cosine
1,0.6965083479881287,0.6880374550819397,pill,/Users/bytedance/Downloads/mvtec_anomaly_detection/pill/test/color/002.png,0.7134872078895569,0.6880833506584167,0.6942117691040038,0.6991939544677734,0.6965711712837219,0.9761490286255613,0.008470892906188965,cone_normal_only
1,0.4886071979999542,0.4789598286151886,pill,/Users/bytedance/Downloads/mvtec_anomaly_detection/pill/test/color/002.png,0.5018643140792847,0.4790121912956238,0.48582022488117216,0.4912128448486328,0.4883269667625427,0.9792878352004025,0.009647369384765625,cone_contrastive
1,0.32233431935310364,0.011066865175962448,pill,/Users/bytedance/Downloads/mvtec_anomaly_detection/pill/test/color/003.png,0.9407207369804382,0.012783730402588844,0.05473596416413766,0.3114491403102875,0.13984547555446625,0.9979673415827124,0.3112674541771412,cosine
1,0.7016030550003052,0.6883740425109863,pill,/Users/bytedance/Downloads/mvtec_anomaly_detection/pill/test/color/003.png,0.7150973081588745,0.6884469985961914,0.6951321959495544,0.7013573050498962,0.6977719664573669,0.9977707835269276,0.013229012489318848,cone_normal_only
1,0.49386265873908997,0.4793008267879486,pill,/Users/bytedance/Downloads/mvtec_anomaly_detection/pill/test/color/003.png,0.5032525658607483,0.47938114404678345,0.48655821830034257,0.4935660660266876,0.4894672632217407,0.9978259402598624,0.014561831951141357,cone_contrastive
1,0.7842814922332764,0.013534076511859894,pill,/Users/bytedance/Downloads/mvtec_anomaly_detection/pill/test/color/004.png,0.8922057747840881,0.016484085470438004,0.06670867130160323,0.6121360659599304,0.22716140747070312,0.9995272081168285,0.7707474157214165,cosine
1,0.7088554501533508,0.6879174709320068,pill,/Users/bytedance/Downloads/mvtec_anomaly_detection/pill/test/color/004.png,0.7136309742927551,0.6879976391792297,0.6948172956705093,0.7059234976768494,0.6989579200744629,0.9995117735681105,0.020937979221343994,cone_normal_only
1,0.501900851726532,0.4787220060825348,pill,/Users/bytedance/Downloads/mvtec_anomaly_detection/pill/test/color/004.png,0.5016962289810181,0.47881069779396057,0.4862248241901398,0.49854156374931335,0.49074697494506836,0.9995109812588479,0.023178845643997192,cone_contrastive
1,0.22991451621055603,0.011198945343494415,pill,/Users/bytedance/Downloads/mvtec_anomaly_detection/pill/test/color/005.png,0.9598802924156189,0.012806355953216553,0.06479635424911966,0.2509865164756775,0.12974582612514496,0.9945000072194724,0.21871557086706161,cosine
1,0.6984317302703857,0.6884103417396545,pill,/Users/bytedance/Downloads/mvtec_anomaly_detection/pill/test/color/005.png,0.7153703570365906,0.6884840130805969,0.6951695322990418,0.6999433636665344,0.6973342895507812,0.98320569774616,0.010021388530731201,cone_normal_only
1,0.49061378836631775,0.47932466864585876,pill,/Users/bytedance/Downloads/mvtec_anomaly_detection/pill/test/color/005.png,0.5042967200279236,0.4794076383113861,0.48670573383569715,0.49217987060546875,0.4891381859779358,0.9848089889071132,0.011289119720458984,cone_contrastive
1,0.5408778190612793,0.016567859798669815,pill,/Users/bytedance/Downloads/mvtec_anomaly_detection/pill/test/color/006.png,0.9617993235588074,0.01814865693449974,0.07475028298795222,0.6014392375946045,0.2597200274467468,0.9943407953719172,0.5243099592626095,cosine
1,0.7058725357055664,0.688090443611145,pill,/Users/bytedance/Downloads/mvtec_anomaly_detection/pill/test/color/006.png,0.7159920930862427,0.6881442666053772,0.6949456632137299,0.7061735987663269,0.6994514465332031,0.9960334167461283,0.017782092094421387,cone_normal_only
1,0.49835455417633057,0.4789001941680908,pill,/Users/bytedance/Downloads/mvtec_anomaly_detection/pill/test/color/006.png,0.5044026970863342,0.47895878553390503,0.4862604603171349,0.4988570511341095,0.49128344655036926,0.9957672486602244,0.019454360008239746,cone_contrastive
1,0.7643600106239319,0.014934523962438107,pill,/Users/bytedance/Downloads/mvtec_anomaly_detection/pill/test/color/007.png,0.9659286141395569,0.01588134840130806,0.06587349139153949,0.5159359574317932,0.19725820422172546,0.9991994554795834,0.7494254866614938,cosine
1,0.708603024482727,0.688456118106842,pill,/Users/bytedance/Downloads/mvtec_anomaly_detection/pill/test/color/007.png,0.7154454588890076,0.6884816288948059,0.6949712455272674,0.7041230201721191,0.6982349157333374,0.9990894682554713,0.02014690637588501,cone_normal_only
1,0.5012561678886414,0.47934433817863464,pill,/Users/bytedance/Downloads/mvtec_anomaly_detection/pill/test/color/007.png,0.5047707557678223,0.4793720841407776,0.4863681524991989,0.49627164006233215,0.4898473024368286,0.9990877235622145,0.021911829710006714,cone_contrastive
1,0.7143115997314453,0.022539781406521797,pill,/Users/bytedance/Downloads/mvtec_anomaly_detection/pill/test/color/008.png,0.9818270802497864,0.023099232465028763,0.13986645489931082,0.430505633354187,0.2522755265235901,0.9998812118808263,0.6917718183249235,cosine
1,0.7068516612052917,0.6889940500259399,pill,/Users/bytedance/Downloads/mvtec_anomaly_detection/pill/test/color/008.png,0.7172121405601501,0.6890084743499756,0.697036835551262,0.7031137347221375,0.6998218894004822,0.9999013135600876,0.017857611179351807,cone_normal_only
1,0.5002543926239014,0.479905366897583,pill,/Users/bytedance/Downloads/mvtec_anomaly_detection/pill/test/color/008.png,0.5063298940658569,0.4799219071865082,0.48877789080142975,0.49554139375686646,0.49184662103652954,0.9999114632322582,0.02034902572631836,cone_contrastive
1,0.413700670003891,0.02265815995633602,pill,/Users/bytedance/Downloads/mvtec_anomaly_detection/pill/test/color/009.png,0.9641615748405457,0.022859271615743637,0.13704051002860052,0.4501973092556,0.2678992748260498,0.9936461197112062,0.39104251004755497,cosine
1,0.7024458646774292,0.6888745427131653,pill,/Users/bytedance/Downloads/mvtec_anomaly_detection/pill/test/color/009.png,0.7155726552009583,0.6888815760612488,0.6961576253175735,0.7033137083053589,0.699276864528656,0.9927043387689941,0.013571321964263916,cone_normal_only
1,0.4944429397583008,0.47974854707717896,pill,/Users/bytedance/Downloads/mvtec_anomaly_detection/pill/test/color/009.png,0.5046653151512146,0.47975611686706543,0.487566764652729,0.4955165684223175,0.4910575747489929,0.9923819365253425,0.014694392681121826,cone_contrastive
1,0.1297062635421753,0.015021044760942459,pill,/Users/bytedance/Downloads/mvtec_anomaly_detection/pill/test/color/010.png,0.9691307544708252,0.015181323513388634,0.07799908407032465,0.27028563618659973,0.14752066135406494,0.9773734354920776,0.11468521878123283,cosine
1,0.6983610987663269,0.6889994144439697,pill,/Users/bytedance/Downloads/mvtec_anomaly_detection/pill/test/color/010.png,0.716235876083374,0.6890124678611755,0.6958463013172149,0.7012278437614441,0.6981993913650513,0.9804429151318597,0.009361684322357178,cone_normal_only
1,0.49038800597190857,0.47991663217544556,pill,/Users/bytedance/Downloads/mvtec_anomaly_detection/pill/test/color/010.png,0.5049718618392944,0.4799312353134155,0.48731768131256104,0.4930899143218994,0.48985767364501953,0.9831381145914584,0.010471373796463013,cone_contrastive
1,0.8215926289558411,0.033493708819150925,pill,/Users/bytedance/Downloads/mvtec_anomaly_detection/pill/test/color/011.png,0.9527111053466797,0.03426617011427879,0.2087856717407701,0.6475194096565247,0.3817155659198761,0.9991071920339112,0.7880989201366901,cosine
1,0.7096753716468811,0.6896409392356873,pill,/Users/bytedance/Downloads/mvtec_anomaly_detection/pill/test/color/011.png,0.7153213620185852,0.6896606087684631,0.698549234867096,0.7068228125572205,0.7020701766014099,0.9990208942142064,0.020034432411193848,cone_normal_only
1,0.5029381513595581,0.48055925965309143,pill,/Users/bytedance/Downloads/mvtec_anomaly_detection/pill/test/color/011.png,0.5038787722587585,0.4805811643600464,0.4904006525874138,0.4996468424797058,0.49430492520332336,0.9990183693930513,0.022378891706466675,cone_contrastive
1,0.6114855408668518,0.018298223614692688,pill,/Users/bytedance/Downloads/mvtec_anomaly_detection/pill/test/color/012.png,0.9571840763092041,0.018824368715286255,0.10249849073588821,0.46917951107025146,0.23366747796535492,0.9983182682441613,0.5931873172521591,cosine
1,0.7065290212631226,0.6886509656906128,pill,/Users/bytedance/Downloads/mvtec_anomaly_detection/pill/test/color/012.png,0.7150546312332153,0.688666820526123,0.6955703914165496,0.7042049169540405,0.6992538571357727,0.998581204375844,0.017878055572509766,cone_normal_only
1,0.49908575415611267,0.47957268357276917,pill,/Users/bytedance/Downloads/mvtec_anomaly_detection/pill/test/color/012.png,0.5042150020599365,0.47958990931510925,0.48715450167655944,0.49654489755630493,0.49117666482925415,0.9985564333833172,0.019513070583343506,cone_contrastive
1,0.5255935192108154,0.014288940466940403,pill,/Users/bytedance/Downloads/mvtec_anomaly_detection/pill/test/color/013.png,0.9584378004074097,0.014723405241966248,0.07463600113987919,0.2865228056907654,0.14190511405467987,0.9993123699078204,0.511304578743875,cosine
1,0.7045336365699768,0.68885338306427,pill,/Users/bytedance/Downloads/mvtec_anomaly_detection/pill/test/color/013.png,0.7150740623474121,0.6888667941093445,0.6957686543464661,0.701261579990387,0.6980514526367188,0.9983194109180058,0.015680253505706787,cone_normal_only
1,0.49694550037384033,0.4796901345252991,pill,/Users/bytedance/Downloads/mvtec_anomaly_detection/pill/test/color/013.png,0.5042930841445923,0.4797048270702362,0.48729230612516405,0.4933292269706726,0.48979082703590393,0.9983837208221826,0.01725536584854126,cone_contrastive
1,0.718778669834137,0.020421132445335388,pill,/Users/bytedance/Downloads/mvtec_anomaly_detection/pill/test/color/014.png,0.969882607460022,0.022438205778598785,0.10392698980867855,0.6440417170524597,0.27546247839927673,0.9985017926773498,0.6983575373888016,cosine
1,0.7077502608299255,0.6888560652732849,pill,/Users/bytedance/Downloads/mvtec_anomaly_detection/pill/test/color/014.png,0.7164952754974365,0.6889106631278992,0.6964712053537369,0.7059925198554993,0.6999603509902954,0.9987907358302411,0.018894195556640625,cone_normal_only
1,0.500583827495575,0.4798051416873932,pill,/Users/bytedance/Downloads/mvtec_anomaly_detection/pill/test/color/014.png,0.5050147771835327,0.4798651337623596,0.48801492154598236,0.4986359775066376,0.49181053042411804,0.9987398075649453,0.020778685808181763,cone_contrastive
1,0.5715398192405701,0.02675762213766575,pill,/Users/bytedance/Downloads/mvtec_anomaly_detection/pill/test/color/015.png,0.9752146005630493,0.027129169553518295,0.16417992115020721,0.5307762622833252,0.3161907494068146,0.997467179560513,0.5447821971029043,cosine
1,0.7059863805770874,0.68914395570755,pill,/Users/bytedance/Downloads/mvtec_anomaly_detection/pill/test/color/015.png,0.7159749865531921,0.6891553401947021,0.6973611354827881,0.7047877311706543,0.7005691528320312,0.998040678907963,0.016842424869537354,cone_normal_only
1,0.4985141456127167,0.4799950122833252,pill,/Users/bytedance/Downloads/mvtec_anomaly_detection/pill/test/color/015.png,0.5056280493736267,0.48000770807266235,0.48895512968301774,0.4971809685230255,0.49249303340911865,0.9980426353046495,0.01851913332939148,cone_contrastive
1,0.7002073526382446,0.02197933942079544,pill,/Users/bytedance/Downloads/mvtec_anomaly_detection/pill/test/color/016.png,0.9513970017433167,0.022798292338848114,0.12633568644523585,0.5472224354743958,0.28391602635383606,0.9991791735765616,0.6782280132174492,cosine
1,0.7074375152587891,0.688545286655426,pill,/Users/bytedance/Downloads/mvtec_anomaly_detection/pill/test/color/016.png,0.7150205373764038,0.688568115234375,0.6959939420223236,0.7045633792877197,0.6996493339538574,0.9992307674590013,0.018892228603363037,cone_normal_only
1,0.5003220438957214,0.4794895648956299,pill,/Users/bytedance/Downloads/mvtec_anomaly_detection/pill/test/color/016.png,0.5038394927978516,0.4795147478580475,0.4877640262246132,0.49707549810409546,0.4917012155056,0.9992664743412566,0.020832479000091553,cone_contrastive
1,0.5500916242599487,0.01615070179104805,pill,/Users/bytedance/Downloads/mvtec_anomaly_detection/pill/test/color/017.png,0.958197832107544,0.01692875847220421,0.09030084572732439,0.38287657499313354,0.18841272592544556,0.9986608382446415,0.5339409224689007,cosine
1,0.7040047645568848,0.6888599395751953,pill,/Users/bytedance/Downloads/mvtec_anomaly_detection/pill/test/color/017.png,0.7156850695610046,0.688882052898407,0.696289700269699,0.7028843760490417,0.6990950107574463,0.994833446117761,0.015144824981689453,cone_normal_only
1,0.4963776171207428,0.47968077659606934,pill,/Users/bytedance/Downloads/mvtec_anomaly_detection/pill/test/color/017.png,0.504159688949585,0.4797051250934601,0.48775022476911545,0.49481427669525146,0.49070632457733154,0.9951737084937341,0.016696840524673462,cone_contrastive
1,0.617426872253418,0.011856116354465485,pill,/Users/bytedance/Downloads/mvtec_anomaly_detection/pill/test/color/018.png,0.9589422345161438,0.012955209240317345,0.059289992228150325,0.3398841619491577,0.15505972504615784,0.9999455367667878,0.6055707558989525,cosine
1,0.7059769630432129,0.6883725523948669,pill,/Users/bytedance/Downloads/mvtec_anomaly_detection/pill/test/color/018.png,0.7150968313217163,0.6884045004844666,0.6947755128145218,0.7022107243537903,0.6980871558189392,0.9999589340781672,0.017604410648345947,cone_normal_only
1,0.49874991178512573,0.4792584180831909,pill,/Users/bytedance/Downloads/mvtec_anomaly_detection/pill/test/color/018.png,0.5043148398399353,0.4792938232421875,0.4860678568482399,0.494105726480484,0.48957565426826477,0.9999593480723384,0.019491493701934814,cone_contrastive
1,0.4262014925479889,0.011009990237653255,pill,/Users/bytedance/Downloads/mvtec_anomaly_detection/pill/test/color/019.png,0.9592355489730835,0.012834315188229084,0.057544424198567645,0.3351944386959076,0.14219450950622559,0.9995196783708155,0.41519150231033564,cosine
1,0.7037878632545471,0.6884790062904358,pill,/Users/bytedance/Downloads/mvtec_anomaly_detection/pill/test/color/019.png,0.7153742909431458,0.6885462403297424,0.6952209502458572,0.702180027961731,0.6981934905052185,0.9997793160172884,0.015308856964111328,cone_normal_only
1,0.49630942940711975,0.4793965220451355,pill,/Users/bytedance/Downloads/mvtec_anomaly_detection/pill/test/color/019.png,0.5042837858200073,0.4794708788394928,0.4866499677300453,0.4943658411502838,0.48984113335609436,0.9997624664701711,0.016912907361984253,cone_contrastive
1,0.547398030757904,0.013979202136397362,pill,/Users/bytedance/Downloads/mvtec_anomaly_detection/pill/test/color/020.png,0.9723874926567078,0.014887702651321888,0.06185561604797827,0.47142770886421204,0.1815386861562729,0.9978344808581358,0.5334188286215067,cosine
1,0.7059390544891357,0.6884254813194275,pill,/Users/bytedance/Downloads/mvtec_anomaly_detection/pill/test/color/020.png,0.7160065174102783,0.6884551644325256,0.6953975558280945,0.7038192749023438,0.6986728310585022,0.9988063330589638,0.017513573169708252,cone_normal_only
1,0.49849510192871094,0.47935575246810913,pill,/Users/bytedance/Downloads/mvtec_anomaly_detection/pill/test/color/020.png,0.5053104162216187,0.47938838601112366,0.487030217051506,0.4960867464542389,0.49048516154289246,0.9988070519238298,0.019139349460601807,cone_contrastive
1,0.7564049959182739,0.023841537535190582,pill,/Users/bytedance/Downloads/mvtec_anomaly_detection/pill/test/color/021.png,0.9784619808197021,0.02514382265508175,0.14187040179967864,0.6042153835296631,0.2954900860786438,0.9989390122348314,0.7325634583830833,cosine
1,0.708929717540741,0.6891711950302124,pill,/Users/bytedance/Downloads/mvtec_anomaly_detection/pill/test/color/021.png,0.717120349407196,0.6892063021659851,0.6972356587648392,0.7064634561538696,0.7008150815963745,0.998851803901096,0.019758522510528564,cone_normal_only
1,0.5017768740653992,0.4800707995891571,pill,/Users/bytedance/Downloads/mvtec_anomaly_detection/pill/test/color/021.png,0.5058805346488953,0.4801093339920044,0.488983191549778,0.4990832209587097,0.49287843704223633,0.9988449396299879,0.021706074476242065,cone_contrastive
1,0.7885991930961609,0.012573677115142345,pill,/Users/bytedance/Downloads/mvtec_anomaly_detection/pill/test/color/022.png,0.9686973094940186,0.017947234213352203,0.0655605517327785,0.7157737612724304,0.24679768085479736,0.9997383647448742,0.7760255159810185,cosine
1,0.7086816430091858,0.6881793737411499,pill,/Users/bytedance/Downloads/mvtec_anomaly_detection/pill/test/color/022.png,0.7167471051216125,0.6883213520050049,0.6952588617801666,0.7071956992149353,0.6995412111282349,0.9997338989247105,0.02050226926803589,cone_normal_only
1,0.5021183490753174,0.4790448546409607,pill,/Users/bytedance/Downloads/mvtec_anomaly_detection/pill/test/color/022.png,0.5048726797103882,0.4792046844959259,0.4866640642285347,0.5004006624221802,0.49145326018333435,0.9997377739477697,0.02307349443435669,cone_contrastive
1,0.4881736636161804,0.0188041552901268,pill,/Users/bytedance/Downloads/mvtec_anomaly_detection/pill/test/color/023.png,0.9547351002693176,0.021363327279686928,0.10492299906909457,0.49932366609573364,0.24376215040683746,0.9968992781916877,0.4693695083260536,cosine
1,0.7037125825881958,0.689115583896637,pill,/Users/bytedance/Downloads/mvtec_anomaly_detection/pill/test/color/023.png,0.7161478400230408,0.6891952157020569,0.6966969281435013,0.704203724861145,0.699755072593689,0.9945855635934977,0.014596998691558838,cone_normal_only
1,0.49608132243156433,0.48011890053749084,pill,/Users/bytedance/Downloads/mvtec_anomaly_detection/pill/test/color/023.png,0.503917396068573,0.4802058935165405,0.48844638019800185,0.49659204483032227,0.4917481243610382,0.994794505226804,0.015962421894073486,cone_contrastive
1,0.6754939556121826,0.023494362831115723,pill,/Users/bytedance/Downloads/mvtec_anomaly_detection/pill/test/color/024.png,0.957736074924469,0.02437155693769455,0.1436944186687464,0.501851499080658,0.28663840889930725,0.9994992486817778,0.6519995927810669,cosine
1,0.7061483263969421,0.6889057159423828,pill,/Users/bytedance/Downloads/mvtec_anomaly_detection/pill/test/color/024.png,0.7156277894973755,0.6889290809631348,0.6963996976613999,0.7036992907524109,0.6995853781700134,0.9988229294442116,0.017242610454559326,cone_normal_only
1,0.4992881119251251,0.47981226444244385,pill,/Users/bytedance/Downloads/mvtec_anomaly_detection/pill/test/color/024.png,0.504152238368988,0.479838490486145,0.48804688453674316,0.4961194097995758,0.4915388226509094,0.9990555761910446,0.019475847482681274,cone_contrastive
1,0.3750605583190918,0.009259216487407684,pill,/Users/bytedance/Downloads/mvtec_anomaly_detection/pill/test/scratch/000.png,0.9409192800521851,0.012019861489534378,0.04228649400174616,0.3792428970336914,0.1406169980764389,0.997102977953075,0.3658013418316841,cosine
1,0.7015926241874695,0.6883045434951782,pill,/Users/bytedance/Downloads/mvtec_anomaly_detection/pill/test/scratch/000.png,0.7143336534500122,0.6884047985076904,0.6949798941612244,0.7020313143730164,0.6976962089538574,0.9951332492266305,0.01328808069229126,cone_normal_only
1,0.4944705665111542,0.47917723655700684,pill,/Users/bytedance/Downloads/mvtec_anomaly_detection/pill/test/scratch/000.png,0.5033137202262878,0.4792926609516144,0.486263507604599,0.49466249346733093,0.48936727643013,0.9964765429595314,0.015293329954147339,cone_contrastive
1,0.048952244222164154,0.011391108855605125,pill,/Users/bytedance/Downloads/mvtec_anomaly_detection/pill/test/scratch/001.png,0.9411562085151672,0.011544953100383282,0.054553227685391885,0.2245437651872635,0.11748320609331131,0.9223433732483395,0.03756113536655903,cosine
1,0.6948376297950745,0.6884017586708069,pill,/Users/bytedance/Downloads/mvtec_anomaly_detection/pill/test/scratch/001.png,0.7146615982055664,0.6884281635284424,0.6950993239879608,0.7012104392051697,0.6975889801979065,0.9271766209017613,0.006435871124267578,cone_normal_only
1,0.48638033866882324,0.47918975353240967,pill,/Users/bytedance/Downloads/mvtec_anomaly_detection/pill/test/scratch/001.png,0.5033076405525208,0.4792191684246063,0.48638066202402114,0.49276119470596313,0.4889751672744751,0.9348956377815977,0.007190585136413574,cone_contrastive
1,0.01552211306989193,0.006426132284104824,pill,/Users/bytedance/Downloads/mvtec_anomaly_detection/pill/test/scratch/002.png,0.9389662742614746,0.006723328027874231,0.02659301711246369,0.08108756691217422,0.04794776439666748,0.8840025681436979,0.009095980785787106,cosine
1,0.6921106576919556,0.688084602355957,pill,/Users/bytedance/Downloads/mvtec_anomaly_detection/pill/test/scratch/002.png,0.7137411832809448,0.6882160902023315,0.6941547125577927,0.6983250975608826,0.6959025263786316,0.8425789185384089,0.004026055335998535,cone_normal_only
1,0.48409923911094666,0.47891053557395935,pill,/Users/bytedance/Downloads/mvtec_anomaly_detection/pill/test/scratch/002.png,0.503329873085022,0.47908005118370056,0.48539515435695646,0.4895398020744324,0.4871223568916321,0.8899649001807428,0.005188703536987305,cone_contrastive
1,0.058339688926935196,0.009604433551430702,pill,/Users/bytedance/Downloads/mvtec_anomaly_detection/pill/test/scratch/003.png,0.9648236632347107,0.009926825761795044,0.04292258471250532,0.13908962905406952,0.07855622470378876,0.9460071295191397,0.048735255375504494,cosine
1,0.6962461471557617,0.6886357665061951,pill,/Users/bytedance/Downloads/mvtec_anomaly_detection/pill/test/scratch/003.png,0.7150370478630066,0.6886860728263855,0.6954493761062622,0.6994502544403076,0.6969997882843018,0.9614655044002955,0.00761038064956665,cone_normal_only
1,0.4878504276275635,0.47941744327545166,pill,/Users/bytedance/Downloads/mvtec_anomaly_detection/pill/test/scratch/003.png,0.5047410726547241,0.47947317361831665,0.4867339387536049,0.49103471636772156,0.4884500801563263,0.9597423437035254,0.008432984352111816,cone_contrastive
1,0.04199455678462982,0.013194630853831768,pill,/Users/bytedance/Downloads/mvtec_anomaly_detection/pill/test/scratch/004.png,0.9589505791664124,0.014234683476388454,0.07885596193373169,0.21264980733394623,0.13184213638305664,0.8415551685523337,0.028799925930798054,cosine
1,0.6938031315803528,0.6887298226356506,pill,/Users/bytedance/Downloads/mvtec_anomaly_detection/pill/test/scratch/004.png,0.7159594893455505,0.6889130473136902,0.6962816268205643,0.7005808353424072,0.698339581489563,0.8495180320361067,0.0050733089447021484,cone_normal_only
1,0.48531362414360046,0.4794602692127228,pill,/Users/bytedance/Downloads/mvtec_anomaly_detection/pill/test/scratch/004.png,0.5041540861129761,0.4796715974807739,0.4875538185238838,0.4921611249446869,0.4897410571575165,0.8624208739760335,0.0058533549308776855,cone_contrastive
1,0.006621287204325199,0.007603486534208059,pill,/Users/bytedance/Downloads/mvtec_anomaly_detection/pill/test/scratch/005.png,0.904270589351654,0.007598870433866978,0.031413496099412415,0.14559070765972137,0.07502840459346771,0.7542294720261068,-0.0009821993298828602,cosine
1,0.6906147003173828,0.6881410479545593,pill,/Users/bytedance/Downloads/mvtec_anomaly_detection/pill/test/scratch/005.png,0.7138946056365967,0.688152551651001,0.6934367746114731,0.6989067196846008,0.6957231760025024,0.766852172679212,0.0024736523628234863,cone_normal_only
1,0.48173844814300537,0.47897106409072876,pill,/Users/bytedance/Downloads/mvtec_anomaly_detection/pill/test/scratch/005.png,0.502008855342865,0.4789840877056122,0.4847004726529121,0.4905441999435425,0.4871552884578705,0.7724466790178378,0.0027673840522766113,cone_contrastive
1,0.04292551428079605,0.011165594682097435,pill,/Users/bytedance/Downloads/mvtec_anomaly_detection/pill/test/scratch/006.png,0.9473703503608704,0.011282536201179028,0.053378554992377654,0.17986832559108734,0.10064277797937393,0.9257194887441833,0.031759919598698616,cosine
1,0.6961870193481445,0.6887097954750061,pill,/Users/bytedance/Downloads/mvtec_anomaly_detection/pill/test/scratch/006.png,0.7149463295936584,0.688737154006958,0.6953325003385544,0.6996278762817383,0.6972132325172424,0.9643978368848846,0.007477223873138428,cone_normal_only
1,0.48718878626823425,0.47955405712127686,pill,/Users/bytedance/Downloads/mvtec_anomaly_detection/pill/test/scratch/006.png,0.5035980343818665,0.47958216071128845,0.48665582686662673,0.4914349615573883,0.4887254238128662,0.9577601812315462,0.0076347291469573975,cone_contrastive
1,0.5090163946151733,0.019434290006756783,pill,/Users/bytedance/Downloads/mvtec_anomaly_detection/pill/test/scratch/007.png,0.9658305048942566,0.037964869290590286,0.19691923931241012,0.8220357894897461,0.47336503863334656,0.9865776788196294,0.48958210460841656,cosine
1,0.703970730304718,0.6892790794372559,pill,/Users/bytedance/Downloads/mvtec_anomaly_detection/pill/test/scratch/007.png,0.7154439687728882,0.689835250377655,0.699417233467102,0.7103019952774048,0.7043147683143616,0.9749230555593288,0.014691650867462158,cone_normal_only
1,0.4966529905796051,0.4800138473510742,pill,/Users/bytedance/Downloads/mvtec_anomaly_detection/pill/test/scratch/007.png,0.504801869392395,0.48064368963241577,0.4911021217703819,0.5038161873817444,0.4968036115169525,0.978243060910086,0.016639143228530884,cone_contrastive
1,0.4132131040096283,0.03136640414595604,pill,/Users/bytedance/Downloads/mvtec_anomaly_detection/pill/test/scratch/008.png,0.9513080716133118,0.0532974973320961,0.3581528499722479,0.7998442053794861,0.5592417120933533,0.9615262584016486,0.38184669986367226,cosine
1,0.7014893293380737,0.6896656155586243,pill,/Users/bytedance/Downloads/mvtec_anomaly_detection/pill/test/scratch/008.png,0.7151726484298706,0.6903446912765503,0.7019217371940613,0.709581732749939,0.7053504586219788,0.9437374359091479,0.011823713779449463,cone_normal_only
1,0.49395984411239624,0.4805107116699219,pill,/Users/bytedance/Downloads/mvtec_anomaly_detection/pill/test/scratch/008.png,0.503818154335022,0.48128312826156616,0.4941491261124611,0.5031563639640808,0.4981004595756531,0.9471355766758607,0.013449132442474365,cone_contrastive
1,0.0748618096113205,0.00955569464713335,pill,/Users/bytedance/Downloads/mvtec_anomaly_detection/pill/test/scratch/009.png,0.9530802369117737,0.015842093154788017,0.08706626109778873,0.17501702904701233,0.12268757820129395,0.9489259188066453,0.06530611496418715,cosine
1,0.6960583329200745,0.6887428164482117,pill,/Users/bytedance/Downloads/mvtec_anomaly_detection/pill/test/scratch/009.png,0.7147791385650635,0.6894469857215881,0.6973453134298324,0.7006551027297974,0.6988715529441833,0.9328221473770948,0.007315516471862793,cone_normal_only
1,0.48762017488479614,0.47941720485687256,pill,/Users/bytedance/Downloads/mvtec_anomaly_detection/pill/test/scratch/009.png,0.503937840461731,0.48020681738853455,0.4889154717326164,0.4925552010536194,0.4905804991722107,0.9384852630970307,0.008202970027923584,cone_contrastive
1,0.3933839499950409,0.017337068915367126,pill,/Users/bytedance/Downloads/mvtec_anomaly_detection/pill/test/scratch/010.png,0.9641517400741577,0.02146158181130886,0.10525814406573694,0.5656529068946838,0.2484317272901535,0.9588365349099899,0.37604688107967377,cosine
1,0.7021020650863647,0.6887848973274231,pill,/Users/bytedance/Downloads/mvtec_anomaly_detection/pill/test/scratch/010.png,0.7147576808929443,0.688930869102478,0.6972123801708221,0.7053574323654175,0.7003579139709473,0.9712680087618608,0.01331716775894165,cone_normal_only
1,0.4948557913303375,0.4796258211135864,pill,/Users/bytedance/Downloads/mvtec_anomaly_detection/pill/test/scratch/010.png,0.5046703815460205,0.47979286313056946,0.48888600170612334,0.4988362491130829,0.49241331219673157,0.971744825325236,0.015229970216751099,cone_contrastive
1,0.05967347323894501,0.010441742837429047,pill,/Users/bytedance/Downloads/mvtec_anomaly_detection/pill/test/scratch/011.png,0.9599127173423767,0.010925759561359882,0.04704038556665182,0.15202638506889343,0.08844058960676193,0.9122385527668069,0.04923173040151596,cosine
1,0.6949973702430725,0.6888659596443176,pill,/Users/bytedance/Downloads/mvtec_anomaly_detection/pill/test/scratch/011.png,0.715255856513977,0.6889263391494751,0.695160549879074,0.6991250514984131,0.6968968510627747,0.912236084440104,0.006131410598754883,cone_normal_only
1,0.4865953028202057,0.47970202565193176,pill,/Users/bytedance/Downloads/mvtec_anomaly_detection/pill/test/scratch/011.png,0.5043229460716248,0.47976982593536377,0.48643462508916857,0.49070054292678833,0.48828044533729553,0.9244332973003292,0.006893277168273926,cone_contrastive
1,0.26279228925704956,0.02107252925634384,pill,/Users/bytedance/Downloads/mvtec_anomaly_detection/pill/test/scratch/012.png,0.9460058808326721,0.024892138317227364,0.14192980378866143,0.5269669890403748,0.301472008228302,0.9734069400230859,0.24171976000070572,cosine
1,0.6994128823280334,0.689110517501831,pill,/Users/bytedance/Downloads/mvtec_anomaly_detection/pill/test/scratch/012.png,0.714724063873291,0.6892733573913574,0.6965076893568038,0.7046347856521606,0.7001177668571472,0.9713541622012494,0.010302364826202393,cone_normal_only
1,0.4919506013393402,0.48010265827178955,pill,/Users/bytedance/Downloads/mvtec_anomaly_detection/pill/test/scratch/012.png,0.5035817623138428,0.48028990626335144,0.4883384361863136,0.4974507689476013,0.4924168586730957,0.9749495358716623,0.01184794306755066,cone_contrastive
1,0.5173904895782471,0.012597219087183475,pill,/Users/bytedance/Downloads/mvtec_anomaly_detection/pill/test/scratch/013.png,0.946038007736206,0.03584234416484833,0.17879727035760848,0.7392648458480835,0.5083820223808289,0.9978759818358142,0.5047932704910636,cosine
1,0.7043653726577759,0.6887525320053101,pill,/Users/bytedance/Downloads/mvtec_anomaly_detection/pill/test/scratch/013.png,0.7145199179649353,0.6894714832305908,0.6995664358139038,0.7080344557762146,0.704450249671936,0.9960924527073958,0.01561284065246582,cone_normal_only
1,0.49724581837654114,0.4795355796813965,pill,/Users/bytedance/Downloads/mvtec_anomaly_detection/pill/test/scratch/013.png,0.503575325012207,0.48035115003585815,0.4912413641810417,0.5016378164291382,0.49725213646888733,0.9966016323081276,0.017710238695144653,cone_contrastive
1,0.051348552107810974,0.012604910880327225,pill,/Users/bytedance/Downloads/mvtec_anomaly_detection/pill/test/scratch/014.png,0.9230551719665527,0.015581537038087845,0.08207538351416581,0.2384067326784134,0.14150086045265198,0.9162701786461944,0.03874364122748375,cosine
1,0.6950267553329468,0.6887324452400208,pill,/Users/bytedance/Downloads/mvtec_anomaly_detection/pill/test/scratch/014.png,0.7146986722946167,0.6892160773277283,0.6967208385467529,0.7011514902114868,0.6986061334609985,0.9114212838055997,0.006294310092926025,cone_normal_only
1,0.4864533841609955,0.47946178913116455,pill,/Users/bytedance/Downloads/mvtec_anomaly_detection/pill/test/scratch/014.png,0.5025334358215332,0.47999900579452515,0.4881772056221962,0.4928346574306488,0.4901832342147827,0.9197491941791247,0.006991595029830933,cone_contrastive
1,0.40449002385139465,0.010688935406506062,pill,/Users/bytedance/Downloads/mvtec_anomaly_detection/pill/test/scratch/015.png,0.9409885406494141,0.014365354552865028,0.04891490731388325,0.45585572719573975,0.16936002671718597,0.9968724407560834,0.3938010884448886,cosine
1,0.7020381689071655,0.6886872053146362,pill,/Users/bytedance/Downloads/mvtec_anomaly_detection/pill/test/scratch/015.png,0.7146300673484802,0.6888117790222168,0.6956028997898102,0.7029035091400146,0.6982378363609314,0.9940914194468722,0.013350963592529297,cone_normal_only
1,0.49522390961647034,0.47958752512931824,pill,/Users/bytedance/Downloads/mvtec_anomaly_detection/pill/test/scratch/015.png,0.5033413171768188,0.47973355650901794,0.48691612482070923,0.4961267411708832,0.4900558292865753,0.9962377668492763,0.0156363844871521,cone_contrastive
1,0.17431506514549255,0.011710438877344131,pill,/Users/bytedance/Downloads/mvtec_anomaly_detection/pill/test/scratch/016.png,0.9523680210113525,0.012750335037708282,0.06392546333372584,0.20155377686023712,0.12133876234292984,0.9909867430450084,0.16260462626814842,cosine
1,0.6988214254379272,0.688896656036377,pill,/Users/bytedance/Downloads/mvtec_anomaly_detection/pill/test/scratch/016.png,0.7150135040283203,0.688960075378418,0.6958308100700379,0.7004244327545166,0.6981009840965271,0.9814786121390762,0.009924769401550293,cone_normal_only
1,0.49130067229270935,0.47983163595199585,pill,/Users/bytedance/Downloads/mvtec_anomaly_detection/pill/test/scratch/016.png,0.5038719177246094,0.4799048900604248,0.48732626289129255,0.49238964915275574,0.48978543281555176,0.9876090298869248,0.011469036340713501,cone_contrastive
1,0.43026670813560486,0.013637292198836803,pill,/Users/bytedance/Downloads/mvtec_anomaly_detection/pill/test/scratch/017.png,0.9470923542976379,0.019071776419878006,0.07763818316161628,0.5092144012451172,0.2178150713443756,0.9984686832440737,0.41662941593676805,cosine
1,0.7033727765083313,0.6889951229095459,pill,/Users/bytedance/Downloads/mvtec_anomaly_detection/pill/test/scratch/017.png,0.7149479389190674,0.6891825795173645,0.6966192603111268,0.7047498226165771,0.6998607516288757,0.9965578421895297,0.0143776535987854,cone_normal_only
1,0.4962122142314911,0.4798957407474518,pill,/Users/bytedance/Downloads/mvtec_anomaly_detection/pill/test/scratch/017.png,0.5035474300384521,0.4801085889339447,0.48807580918073656,0.4977906346321106,0.49178433418273926,0.9971999861902892,0.016316473484039307,cone_contrastive
1,0.38630005717277527,0.015157822519540787,pill,/Users/bytedance/Downloads/mvtec_anomaly_detection/pill/test/scratch/018.png,0.9274863004684448,0.03550034388899803,0.20594818368554035,0.6941569447517395,0.45567619800567627,0.9822172731486435,0.3711422346532345,cosine
1,0.7014713287353516,0.6888312101364136,pill,/Users/bytedance/Downloads/mvtec_anomaly_detection/pill/test/scratch/018.png,0.714160144329071,0.6895241141319275,0.6995890110731124,0.7065163254737854,0.7031543850898743,0.9791512869669307,0.012640118598937988,cone_normal_only
1,0.4947148859500885,0.4796462655067444,pill,/Users/bytedance/Downloads/mvtec_anomaly_detection/pill/test/scratch/018.png,0.5027384757995605,0.4804721474647522,0.4917725712060928,0.5007906556129456,0.49645546078681946,0.9830615044483311,0.015068620443344116,cone_contrastive
1,0.028743581846356392,0.009777802042663097,pill,/Users/bytedance/Downloads/mvtec_anomaly_detection/pill/test/scratch/019.png,0.9208504557609558,0.009841063059866428,0.04418806172907349,0.21492773294448853,0.10521306097507477,0.9277321097975966,0.018965779803693295,cosine
1,0.6949353814125061,0.6880937814712524,pill,/Users/bytedance/Downloads/mvtec_anomaly_detection/pill/test/scratch/019.png,0.713836669921875,0.6881166100502014,0.6937058806419373,0.6996800303459167,0.6961525082588196,0.9688695152230766,0.006841599941253662,cone_normal_only
1,0.4864746034145355,0.47901055216789246,pill,/Users/bytedance/Downloads/mvtec_anomaly_detection/pill/test/scratch/019.png,0.5025420784950256,0.47903546690940857,0.48504769802093506,0.4914068877696991,0.4876647889614105,0.969954023822665,0.007464051246643066,cone_contrastive
1,0.8104813694953918,0.014470811001956463,pill,/Users/bytedance/Downloads/mvtec_anomaly_detection/pill/test/scratch/020.png,0.9330400824546814,0.0184282585978508,0.06278784945607173,0.7219575047492981,0.26695936918258667,0.999427222790717,0.7960105584934354,cosine
1,0.7106040120124817,0.6882968544960022,pill,/Users/bytedance/Downloads/mvtec_anomaly_detection/pill/test/scratch/020.png,0.7149604558944702,0.6884075403213501,0.6944713652133941,0.7087153196334839,0.6995400786399841,0.9992887615520304,0.022307157516479492,cone_normal_only
1,0.5055198669433594,0.4793199598789215,pill,/Users/bytedance/Downloads/mvtec_anomaly_detection/pill/test/scratch/020.png,0.5028942823410034,0.4794502258300781,0.48593809753656386,0.503256618976593,0.49191683530807495,0.9993029726756159,0.026199907064437866,cone_contrastive
1,0.8783487677574158,0.02849762886762619,pill,/Users/bytedance/Downloads/mvtec_anomaly_detection/pill/test/scratch/021.png,0.9786794185638428,0.03899075463414192,0.18162212520837603,0.9231966137886047,0.558030366897583,0.9986673351591556,0.8498511388897896,cosine
1,0.7119035124778748,0.6894035339355469,pill,/Users/bytedance/Downloads/mvtec_anomaly_detection/pill/test/scratch/021.png,0.7167045474052429,0.6896812915802002,0.698687669634819,0.7127689719200134,0.7053940892219543,0.9990684000140081,0.02249997854232788,cone_normal_only
1,0.5067458152770996,0.48042652010917664,pill,/Users/bytedance/Downloads/mvtec_anomaly_detection/pill/test/scratch/021.png,0.5058741569519043,0.4807514250278473,0.490587443113327,0.5077728033065796,0.4987305998802185,0.9991070750911075,0.026319295167922974,cone_contrastive
1,0.3857361972332001,0.03838939592242241,pill,/Users/bytedance/Downloads/mvtec_anomaly_detection/pill/test/scratch/022.png,0.9666305184364319,0.04077129438519478,0.2513324841856956,0.7172706127166748,0.4568982720375061,0.9607634429312342,0.34734680131077766,cosine
1,0.7025797367095947,0.6900877952575684,pill,/Users/bytedance/Downloads/mvtec_anomaly_detection/pill/test/scratch/022.png,0.7165794968605042,0.6901736855506897,0.6992119193077088,0.7079680562019348,0.7032386064529419,0.9704434341192195,0.012491941452026367,cone_normal_only
1,0.4950641691684723,0.48114633560180664,pill,/Users/bytedance/Downloads/mvtec_anomaly_detection/pill/test/scratch/022.png,0.5046668648719788,0.48124176263809204,0.4911757901310921,0.5009006261825562,0.4955909848213196,0.9711299617955691,0.01391783356666565,cone_contrastive
1,0.14970055222511292,0.0157222431153059,pill,/Users/bytedance/Downloads/mvtec_anomaly_detection/pill/test/scratch/023.png,0.9422741532325745,0.018867934122681618,0.10475232526659937,0.3460116684436798,0.2006753385066986,0.9340154497540273,0.13397830910980701,cosine
1,0.6966730952262878,0.6889088153839111,pill,/Users/bytedance/Downloads/mvtec_anomaly_detection/pill/test/scratch/023.png,0.7146697640419006,0.6890909075737,0.6967145711183548,0.7015783190727234,0.6990677714347839,0.9292979777933827,0.007764279842376709,cone_normal_only
1,0.4887337386608124,0.4798012375831604,pill,/Users/bytedance/Downloads/mvtec_anomaly_detection/pill/test/scratch/023.png,0.5033289790153503,0.4800109565258026,0.48829420655965805,0.49375125765800476,0.4909246861934662,0.9399926360798647,0.008932501077651978,cone_contrastive
0,nan,0.0068959868513047695,pill,/Users/bytedance/Downloads/mvtec_anomaly_detection/pill/test/good/000.png,0.9309282302856445,0.0068959868513047695,0.030232984945178024,0.08774121850728989,0.05441116914153099,nan,nan,cosine
0,nan,0.6882532238960266,pill,/Users/bytedance/Downloads/mvtec_anomaly_detection/pill/test/good/000.png,0.7145652770996094,0.6882532238960266,0.6940364062786102,0.6983088850975037,0.695986807346344,nan,nan,cone_normal_only
0,nan,0.47899648547172546,pill,/Users/bytedance/Downloads/mvtec_anomaly_detection/pill/test/good/000.png,0.5028702616691589,0.47899648547172546,0.4852387562394142,0.48954978585243225,0.48720136284828186,nan,nan,cone_contrastive
0,nan,0.012922476977109909,pill,/Users/bytedance/Downloads/mvtec_anomaly_detection/pill/test/good/001.png,0.9235777258872986,0.012922476977109909,0.056691428460180666,0.352110892534256,0.16465869545936584,nan,nan,cosine
0,nan,0.6883158087730408,pill,/Users/bytedance/Downloads/mvtec_anomaly_detection/pill/test/good/001.png,0.714119017124176,0.6883158087730408,0.6940885007381439,0.7020353078842163,0.6975585222244263,nan,nan,cone_normal_only
0,nan,0.47914445400238037,pill,/Users/bytedance/Downloads/mvtec_anomaly_detection/pill/test/good/001.png,0.5026326775550842,0.47914445400238037,0.4853683277964592,0.4939447045326233,0.48908472061157227,nan,nan,cone_contrastive
0,nan,0.007796917576342821,pill,/Users/bytedance/Downloads/mvtec_anomaly_detection/pill/test/good/002.png,0.938464343547821,0.007796917576342821,0.03574917819350948,0.1422249674797058,0.08022676408290863,nan,nan,cosine
0,nan,0.6879178285598755,pill,/Users/bytedance/Downloads/mvtec_anomaly_detection/pill/test/good/002.png,0.7142773866653442,0.6879178285598755,0.6933843493461609,0.6986788511276245,0.6957240104675293,nan,nan,cone_normal_only
0,nan,0.4787233769893646,pill,/Users/bytedance/Downloads/mvtec_anomaly_detection/pill/test/good/002.png,0.5032444000244141,0.4787233769893646,0.48452244848012926,0.49016502499580383,0.4870374798774719,nan,nan,cone_contrastive
0,nan,0.0068776668049395084,pill,/Users/bytedance/Downloads/mvtec_anomaly_detection/pill/test/good/003.png,0.941839337348938,0.0068776668049395084,0.03127502705901853,0.11097608506679535,0.06404083967208862,nan,nan,cosine
0,nan,0.6879216432571411,pill,/Users/bytedance/Downloads/mvtec_anomaly_detection/pill/test/good/003.png,0.7141942977905273,0.6879216432571411,0.6936828404664993,0.6985792517662048,0.6958080530166626,nan,nan,cone_normal_only
0,nan,0.4786625802516937,pill,/Users/bytedance/Downloads/mvtec_anomaly_detection/pill/test/good/003.png,0.5034319758415222,0.4786625802516937,0.4845656752586365,0.48986226320266724,0.48691073060035706,nan,nan,cone_contrastive
0,nan,0.008236292749643326,pill,/Users/bytedance/Downloads/mvtec_anomaly_detection/pill/test/good/004.png,0.9378369450569153,0.008236292749643326,0.03707441147416829,0.14642630517482758,0.08177468925714493,nan,nan,cosine
0,nan,0.6880056262016296,pill,/Users/bytedance/Downloads/mvtec_anomaly_detection/pill/test/good/004.png,0.7141788601875305,0.6880056262016296,0.693474879860878,0.6988859176635742,0.6957380175590515,nan,nan,cone_normal_only
0,nan,0.47890591621398926,pill,/Users/bytedance/Downloads/mvtec_anomaly_detection/pill/test/good/004.png,0.5032133460044861,0.47890591621398926,0.48474571406841277,0.4906066954135895,0.48726385831832886,nan,nan,cone_contrastive
0,nan,0.008231564424932003,pill,/Users/bytedance/Downloads/mvtec_anomaly_detection/pill/test/good/005.png,0.9363865852355957,0.008231564424932003,0.03981587365269655,0.1357809454202652,0.07716353237628937,nan,nan,cosine
0,nan,0.6880096197128296,pill,/Users/bytedance/Downloads/mvtec_anomaly_detection/pill/test/good/005.png,0.7145899534225464,0.6880096197128296,0.6940429717302322,0.6988369226455688,0.6960688233375549,nan,nan,cone_normal_only
0,nan,0.4787992238998413,pill,/Users/bytedance/Downloads/mvtec_anomaly_detection/pill/test/good/005.png,0.5031116008758545,0.4787992238998413,0.4852631002664566,0.49036017060279846,0.4874124228954315,nan,nan,cone_contrastive
0,nan,0.010696536861360073,pill,/Users/bytedance/Downloads/mvtec_anomaly_detection/pill/test/good/006.png,0.9477899074554443,0.010696536861360073,0.05662151034921384,0.16016951203346252,0.09837658703327179,nan,nan,cosine
0,nan,0.6884267926216125,pill,/Users/bytedance/Downloads/mvtec_anomaly_detection/pill/test/good/006.png,0.7151601910591125,0.6884267926216125,0.6950272232294082,0.7000069618225098,0.6973825097084045,nan,nan,cone_normal_only
0,nan,0.47927072644233704,pill,/Users/bytedance/Downloads/mvtec_anomaly_detection/pill/test/good/006.png,0.5036181807518005,0.47927072644233704,0.48641157150268555,0.4915921688079834,0.48887208104133606,nan,nan,cone_contrastive
0,nan,0.009808717295527458,pill,/Users/bytedance/Downloads/mvtec_anomaly_detection/pill/test/good/007.png,0.8777794241905212,0.009808717295527458,0.03779711425304396,0.25915664434432983,0.11394686996936798,nan,nan,cosine
0,nan,0.6881331205368042,pill,/Users/bytedance/Downloads/mvtec_anomaly_detection/pill/test/good/007.png,0.7125782370567322,0.6881331205368042,0.6941152215003967,0.7007178068161011,0.6968868374824524,nan,nan,cone_normal_only
0,nan,0.47891882061958313,pill,/Users/bytedance/Downloads/mvtec_anomaly_detection/pill/test/good/007.png,0.5013867616653442,0.47891882061958313,0.48540409505367277,0.49251994490623474,0.48834362626075745,nan,nan,cone_contrastive
0,nan,0.011763179674744606,pill,/Users/bytedance/Downloads/mvtec_anomaly_detection/pill/test/good/008.png,0.9325817227363586,0.011763179674744606,0.06366547383368001,0.23811092972755432,0.13470527529716492,nan,nan,cosine
0,nan,0.6883236169815063,pill,/Users/bytedance/Downloads/mvtec_anomaly_detection/pill/test/good/008.png,0.7142280340194702,0.6883236169815063,0.6947578191757202,0.7012279033660889,0.6978468894958496,nan,nan,cone_normal_only
0,nan,0.479128897190094,pill,/Users/bytedance/Downloads/mvtec_anomaly_detection/pill/test/good/008.png,0.5029842257499695,0.479128897190094,0.4860157072544098,0.4930233061313629,0.4893435537815094,nan,nan,cone_contrastive
0,nan,0.006697175558656454,pill,/Users/bytedance/Downloads/mvtec_anomaly_detection/pill/test/good/009.png,0.889521062374115,0.006697175558656454,0.026473278086632444,0.13274027407169342,0.06809809058904648,nan,nan,cosine
0,nan,0.6876871585845947,pill,/Users/bytedance/Downloads/mvtec_anomaly_detection/pill/test/good/009.png,0.7138873934745789,0.6876871585845947,0.693352997303009,0.698910117149353,0.6956425309181213,nan,nan,cone_normal_only
0,nan,0.4784992039203644,pill,/Users/bytedance/Downloads/mvtec_anomaly_detection/pill/test/good/009.png,0.5015621185302734,0.4784992039203644,0.4840044528245926,0.49029460549354553,0.4867982864379883,nan,nan,cone_contrastive
0,nan,0.011155773885548115,pill,/Users/bytedance/Downloads/mvtec_anomaly_detection/pill/test/good/010.png,0.9354212284088135,0.011155773885548115,0.04622412361204607,0.21039509773254395,0.11055878549814224,nan,nan,cosine
0,nan,0.688732385635376,pill,/Users/bytedance/Downloads/mvtec_anomaly_detection/pill/test/good/010.png,0.7137681841850281,0.688732385635376,0.6948615729808807,0.7005211710929871,0.6972599625587463,nan,nan,cone_normal_only
0,nan,0.47963353991508484,pill,/Users/bytedance/Downloads/mvtec_anomaly_detection/pill/test/good/010.png,0.503215491771698,0.47963353991508484,0.48634465634822843,0.49228036403656006,0.48886632919311523,nan,nan,cone_contrastive
0,nan,0.005659644026309252,pill,/Users/bytedance/Downloads/mvtec_anomaly_detection/pill/test/good/011.png,0.8823369145393372,0.005659644026309252,0.02498623197898267,0.08293692022562027,0.0473775677382946,nan,nan,cosine
0,nan,0.6878270506858826,pill,/Users/bytedance/Downloads/mvtec_anomaly_detection/pill/test/good/011.png,0.7129517793655396,0.6878270506858826,0.6935943096876145,0.6983303427696228,0.6955825686454773,nan,nan,cone_normal_only
0,nan,0.47856390476226807,pill,/Users/bytedance/Downloads/mvtec_anomaly_detection/pill/test/good/011.png,0.5014733672142029,0.47856390476226807,0.48430828005075455,0.4892922043800354,0.4865187704563141,nan,nan,cone_contrastive
0,nan,0.014711469411849976,pill,/Users/bytedance/Downloads/mvtec_anomaly_detection/pill/test/good/012.png,0.9286872148513794,0.014711469411849976,0.0803574170917271,0.4061339795589447,0.19421394169330597,nan,nan,cosine
0,nan,0.6878257393836975,pill,/Users/bytedance/Downloads/mvtec_anomaly_detection/pill/test/good/012.png,0.7140417695045471,0.6878257393836975,0.6943468004465103,0.7025499939918518,0.6978747248649597,nan,nan,cone_normal_only
0,nan,0.4786049425601959,pill,/Users/bytedance/Downloads/mvtec_anomaly_detection/pill/test/good/012.png,0.5028280019760132,0.4786049425601959,0.48549737632274625,0.4945230782032013,0.4893668591976166,nan,nan,cone_contrastive
0,nan,0.009113856591284275,pill,/Users/bytedance/Downloads/mvtec_anomaly_detection/pill/test/good/013.png,0.9316465258598328,0.009113856591284275,0.039379244856536356,0.19165363907814026,0.10310790687799454,nan,nan,cosine
0,nan,0.6880979537963867,pill,/Users/bytedance/Downloads/mvtec_anomaly_detection/pill/test/good/013.png,0.7140340209007263,0.6880979537963867,0.6939482510089874,0.70070880651474,0.6968950033187866,nan,nan,cone_normal_only
0,nan,0.4788726568222046,pill,/Users/bytedance/Downloads/mvtec_anomaly_detection/pill/test/good/013.png,0.5029522180557251,0.4788726568222046,0.48497461527585983,0.492258757352829,0.48817262053489685,nan,nan,cone_contrastive
0,nan,0.014684041030704975,pill,/Users/bytedance/Downloads/mvtec_anomaly_detection/pill/test/good/014.png,0.9276930689811707,0.014684041030704975,0.0696486018598078,0.32930269837379456,0.1631864607334137,nan,nan,cosine
0,nan,0.688521146774292,pill,/Users/bytedance/Downloads/mvtec_anomaly_detection/pill/test/good/014.png,0.7140908241271973,0.688521146774292,0.6955059081315994,0.7027201652526855,0.6986461877822876,nan,nan,cone_normal_only
0,nan,0.479387104511261,pill,/Users/bytedance/Downloads/mvtec_anomaly_detection/pill/test/good/014.png,0.5028071999549866,0.479387104511261,0.4869338870048523,0.494598925113678,0.4902174770832062,nan,nan,cone_contrastive
0,nan,0.006961190607398748,pill,/Users/bytedance/Downloads/mvtec_anomaly_detection/pill/test/good/015.png,0.8878276944160461,0.006961190607398748,0.030911955703049897,0.10213936865329742,0.060408640652894974,nan,nan,cosine
0,nan,0.6883145570755005,pill,/Users/bytedance/Downloads/mvtec_anomaly_detection/pill/test/good/015.png,0.7133281826972961,0.6883145570755005,0.6939408391714096,0.6988826394081116,0.6962512135505676,nan,nan,cone_normal_only
0,nan,0.47917744517326355,pill,/Users/bytedance/Downloads/mvtec_anomaly_detection/pill/test/good/015.png,0.5016070604324341,0.47917744517326355,0.48505099266767504,0.4901388883590698,0.4874463677406311,nan,nan,cone_contrastive
0,nan,0.005051684565842152,pill,/Users/bytedance/Downloads/mvtec_anomaly_detection/pill/test/good/016.png,0.9053698778152466,0.005051684565842152,0.02119513759389513,0.06583625823259354,0.03979043662548065,nan,nan,cosine
0,nan,0.6877692341804504,pill,/Users/bytedance/Downloads/mvtec_anomaly_detection/pill/test/good/016.png,0.7132082581520081,0.6877692341804504,0.6934038907289505,0.697131872177124,0.6949208974838257,nan,nan,cone_normal_only
0,nan,0.4785088002681732,pill,/Users/bytedance/Downloads/mvtec_anomaly_detection/pill/test/good/016.png,0.5021119713783264,0.4785088002681732,0.4839481323957443,0.48832014203071594,0.4859122335910797,nan,nan,cone_contrastive
0,nan,0.009828724898397923,pill,/Users/bytedance/Downloads/mvtec_anomaly_detection/pill/test/good/017.png,0.9232497215270996,0.009828724898397923,0.04337736126035449,0.19922636449337006,0.10053130984306335,nan,nan,cosine
0,nan,0.6886737942695618,pill,/Users/bytedance/Downloads/mvtec_anomaly_detection/pill/test/good/017.png,0.7146774530410767,0.6886737942695618,0.6940472722053528,0.7003355622291565,0.6968007683753967,nan,nan,cone_normal_only
0,nan,0.4796004295349121,pill,/Users/bytedance/Downloads/mvtec_anomaly_detection/pill/test/good/017.png,0.5025742053985596,0.4796004295349121,0.48526145666837694,0.49195200204849243,0.4882493019104004,nan,nan,cone_contrastive
0,nan,0.005882531404495239,pill,/Users/bytedance/Downloads/mvtec_anomaly_detection/pill/test/good/018.png,0.9046189188957214,0.005882531404495239,0.02458898052573202,0.06426966935396194,0.04144556447863579,nan,nan,cosine
0,nan,0.6882373094558716,pill,/Users/bytedance/Downloads/mvtec_anomaly_detection/pill/test/good/018.png,0.7133595943450928,0.6882373094558716,0.6931920051574707,0.6965436339378357,0.6946420669555664,nan,nan,cone_normal_only
0,nan,0.47907012701034546,pill,/Users/bytedance/Downloads/mvtec_anomaly_detection/pill/test/good/018.png,0.5020537376403809,0.47907012701034546,0.48416956663131716,0.48784396052360535,0.4858081340789795,nan,nan,cone_contrastive
0,nan,0.01841089129447937,pill,/Users/bytedance/Downloads/mvtec_anomaly_detection/pill/test/good/019.png,0.9797582626342773,0.01841089129447937,0.09568894356489155,0.3189184367656708,0.18529148399829865,nan,nan,cosine
0,nan,0.6892188191413879,pill,/Users/bytedance/Downloads/mvtec_anomaly_detection/pill/test/good/019.png,0.7165136933326721,0.6892188191413879,0.6970060884952545,0.7023738026618958,0.6992718577384949,nan,nan,cone_normal_only
0,nan,0.48009273409843445,pill,/Users/bytedance/Downloads/mvtec_anomaly_detection/pill/test/good/019.png,0.5061209201812744,0.48009273409843445,0.48834612518548964,0.4940730929374695,0.49076607823371887,nan,nan,cone_contrastive
0,nan,0.006850929465144873,pill,/Users/bytedance/Downloads/mvtec_anomaly_detection/pill/test/good/020.png,0.9292857050895691,0.006850929465144873,0.02963619874790305,0.09205133467912674,0.05667965114116669,nan,nan,cosine
0,nan,0.6882104873657227,pill,/Users/bytedance/Downloads/mvtec_anomaly_detection/pill/test/good/020.png,0.7142058610916138,0.6882104873657227,0.6941012144088745,0.6986035108566284,0.696000874042511,nan,nan,cone_normal_only
0,nan,0.47899317741394043,pill,/Users/bytedance/Downloads/mvtec_anomaly_detection/pill/test/good/020.png,0.5028620362281799,0.47899317741394043,0.4849545419216156,0.48982903361320496,0.48713305592536926,nan,nan,cone_contrastive
0,nan,0.012605985626578331,pill,/Users/bytedance/Downloads/mvtec_anomaly_detection/pill/test/good/021.png,0.9421185851097107,0.012605985626578331,0.066589781269431,0.23662395775318146,0.1389181762933731,nan,nan,cosine
0,nan,0.688572883605957,pill,/Users/bytedance/Downloads/mvtec_anomaly_detection/pill/test/good/021.png,0.7146304845809937,0.688572883605957,0.6955694556236267,0.7014259099960327,0.6982586979866028,nan,nan,cone_normal_only
0,nan,0.4793115258216858,pill,/Users/bytedance/Downloads/mvtec_anomaly_detection/pill/test/good/021.png,0.5034283995628357,0.4793115258216858,0.48671086579561235,0.4929865896701813,0.4895757734775543,nan,nan,cone_contrastive
0,nan,0.013182481750845909,pill,/Users/bytedance/Downloads/mvtec_anomaly_detection/pill/test/good/022.png,0.9433630704879761,0.013182481750845909,0.06671550087630733,0.31336721777915955,0.16153447329998016,nan,nan,cosine
0,nan,0.6883691549301147,pill,/Users/bytedance/Downloads/mvtec_anomaly_detection/pill/test/good/022.png,0.7143825888633728,0.6883691549301147,0.6949083536863327,0.7020983099937439,0.6981379389762878,nan,nan,cone_normal_only
0,nan,0.47914889454841614,pill,/Users/bytedance/Downloads/mvtec_anomaly_detection/pill/test/good/022.png,0.5034809112548828,0.47914889454841614,0.48612990528345107,0.49405762553215027,0.4896582365036011,nan,nan,cone_contrastive
0,nan,0.015937406569719315,pill,/Users/bytedance/Downloads/mvtec_anomaly_detection/pill/test/good/023.png,0.9564019441604614,0.015937406569719315,0.09067378975450972,0.2402733713388443,0.15361090004444122,nan,nan,cosine
0,nan,0.6888598203659058,pill,/Users/bytedance/Downloads/mvtec_anomaly_detection/pill/test/good/023.png,0.7150968313217163,0.6888598203659058,0.6964701831340789,0.7014895677566528,0.6988022327423096,nan,nan,cone_normal_only
0,nan,0.4796696901321411,pill,/Users/bytedance/Downloads/mvtec_anomaly_detection/pill/test/good/023.png,0.5041130781173706,0.4796696901321411,0.48776683062314985,0.4929646849632263,0.4901827573776245,nan,nan,cone_contrastive
0,nan,0.00972802471369505,pill,/Users/bytedance/Downloads/mvtec_anomaly_detection/pill/test/good/024.png,0.9152861833572388,0.00972802471369505,0.04481967668980343,0.21008850634098053,0.10144898295402527,nan,nan,cosine
0,nan,0.6881648898124695,pill,/Users/bytedance/Downloads/mvtec_anomaly_detection/pill/test/good/024.png,0.7135685682296753,0.6881648898124695,0.6941094309091568,0.699923038482666,0.6966220140457153,nan,nan,cone_normal_only
0,nan,0.4789706766605377,pill,/Users/bytedance/Downloads/mvtec_anomaly_detection/pill/test/good/024.png,0.502390444278717,0.4789706766605377,0.48551157861948013,0.4916740953922272,0.4881727993488312,nan,nan,cone_contrastive
0,nan,0.007798221427947283,pill,/Users/bytedance/Downloads/mvtec_anomaly_detection/pill/test/good/025.png,0.8982290029525757,0.007798221427947283,0.03619101587682948,0.14889509975910187,0.07925572991371155,nan,nan,cosine
0,nan,0.6878997087478638,pill,/Users/bytedance/Downloads/mvtec_anomaly_detection/pill/test/good/025.png,0.7138580083847046,0.6878997087478638,0.6939735919237137,0.6988835334777832,0.6961374878883362,nan,nan,cone_normal_only
0,nan,0.4786965548992157,pill,/Users/bytedance/Downloads/mvtec_anomaly_detection/pill/test/good/025.png,0.5018272995948792,0.4786965548992157,0.48513140678405764,0.4905585050582886,0.4875534474849701,nan,nan,cone_contrastive
1,0.06422743201255798,0.005321725737303495,pill,/Users/bytedance/Downloads/mvtec_anomaly_detection/pill/test/pill_type/000.png,0.9944643378257751,0.02921559289097786,0.12869455665349958,0.24766065180301666,0.17740315198898315,0.9770941474778302,0.05890570627525449,cosine
1,0.6945881843566895,0.6881051659584045,pill,/Users/bytedance/Downloads/mvtec_anomaly_detection/pill/test/pill_type/000.png,0.7190243601799011,0.6907349228858948,0.6979101806879043,0.7009077668190002,0.6991789937019348,0.9389484837509918,0.006483018398284912,cone_normal_only
1,0.4860263168811798,0.4788605868816376,pill,/Users/bytedance/Downloads/mvtec_anomaly_detection/pill/test/pill_type/000.png,0.50946444272995,0.4817672669887543,0.4896945595741272,0.49303558468818665,0.49112874269485474,0.9447777298262917,0.007165729999542236,cone_contrastive
1,0.09878073632717133,0.01170305535197258,pill,/Users/bytedance/Downloads/mvtec_anomaly_detection/pill/test/pill_type/001.png,0.9962354302406311,0.047329019755125046,0.16421911269426342,0.26256224513053894,0.20111709833145142,0.9661421439208226,0.08707768097519875,cosine
1,0.6963522434234619,0.6891915798187256,pill,/Users/bytedance/Downloads/mvtec_anomaly_detection/pill/test/pill_type/001.png,0.7179867625236511,0.6921212077140808,0.699779850244522,0.7015997171401978,0.700606644153595,0.9273909410279679,0.007160663604736328,cone_normal_only
1,0.488373339176178,0.48003217577934265,pill,/Users/bytedance/Downloads/mvtec_anomaly_detection/pill/test/pill_type/001.png,0.5108125805854797,0.4834448993206024,0.49210171550512316,0.4939189553260803,0.4928825795650482,0.9383617461019611,0.008341163396835327,cone_contrastive
1,0.07852818816900253,0.0021988837979733944,pill,/Users/bytedance/Downloads/mvtec_anomaly_detection/pill/test/pill_type/002.png,0.9542201161384583,0.033112477511167526,0.22319279015064236,0.557838499546051,0.3802385926246643,0.9806506216525397,0.07632930437102914,cosine
1,0.6929968595504761,0.6865943074226379,pill,/Users/bytedance/Downloads/mvtec_anomaly_detection/pill/test/pill_type/002.png,0.7154169678688049,0.6891873478889465,0.6976480811834336,0.7046502828598022,0.7010952830314636,0.9680513380633632,0.006402552127838135,cone_normal_only
1,0.4842870533466339,0.47734901309013367,pill,/Users/bytedance/Downloads/mvtec_anomaly_detection/pill/test/pill_type/002.png,0.5039615035057068,0.4801589846611023,0.4895054653286934,0.49741071462631226,0.4933755099773407,0.9708534621342259,0.006938040256500244,cone_contrastive
1,0.14650806784629822,0.004327649250626564,pill,/Users/bytedance/Downloads/mvtec_anomaly_detection/pill/test/pill_type/003.png,0.9834123849868774,0.06243995577096939,0.413796405494213,0.8160788416862488,0.5940253138542175,0.9706809136228449,0.14218041859567165,cosine
1,0.6953825354576111,0.6872997879981995,pill,/Users/bytedance/Downloads/mvtec_anomaly_detection/pill/test/pill_type/003.png,0.7172538042068481,0.6906033754348755,0.7017182260751724,0.7096118927001953,0.7053218483924866,0.9677613147706844,0.008082747459411621,cone_normal_only
1,0.48690083622932434,0.4780314862728119,pill,/Users/bytedance/Downloads/mvtec_anomaly_detection/pill/test/pill_type/003.png,0.5065945982933044,0.481656551361084,0.49398220628499984,0.5027832984924316,0.4979932904243469,0.9687038549101694,0.008869349956512451,cone_contrastive
1,0.1087917685508728,0.003151468699797988,pill,/Users/bytedance/Downloads/mvtec_anomaly_detection/pill/test/pill_type/004.png,0.9750760793685913,0.04637586325407028,0.32015852332115163,0.685651957988739,0.489584356546402,0.9740537015545477,0.10564029985107481,cosine
1,0.6938258409500122,0.6868942379951477,pill,/Users/bytedance/Downloads/mvtec_anomaly_detection/pill/test/pill_type/004.png,0.7170568108558655,0.6897304058074951,0.6993404448032379,0.7066912651062012,0.7028436064720154,0.9684665587457286,0.006931602954864502,cone_normal_only
1,0.4851931631565094,0.47764092683792114,pill,/Users/bytedance/Downloads/mvtec_anomaly_detection/pill/test/pill_type/004.png,0.5054285526275635,0.4807310700416565,0.49139182418584826,0.4997330605983734,0.49537479877471924,0.9688145481805001,0.007552236318588257,cone_contrastive
1,0.0614812858402729,0.005695406813174486,pill,/Users/bytedance/Downloads/mvtec_anomaly_detection/pill/test/pill_type/005.png,0.9948039650917053,0.02856452949345112,0.12125096432864654,0.2579995095729828,0.16871970891952515,0.969491701844547,0.05578587902709842,cosine
1,0.6946693658828735,0.6881815195083618,pill,/Users/bytedance/Downloads/mvtec_anomaly_detection/pill/test/pill_type/005.png,0.7189586758613586,0.6908411383628845,0.6980993658304214,0.7011096477508545,0.6993638873100281,0.9360222457183367,0.006487846374511719,cone_normal_only
1,0.4861861765384674,0.4789111912250519,pill,/Users/bytedance/Downloads/mvtec_anomaly_detection/pill/test/pill_type/005.png,0.5096216201782227,0.48189350962638855,0.49002778381109235,0.4936339557170868,0.4915047883987427,0.941770524884803,0.007274985313415527,cone_contrastive
1,0.06906142830848694,0.005465707741677761,pill,/Users/bytedance/Downloads/mvtec_anomaly_detection/pill/test/pill_type/006.png,0.9944185018539429,0.03130653500556946,0.14000717103481292,0.2722279131412506,0.19739918410778046,0.9801785510127048,0.06359572056680918,cosine
1,0.6950321793556213,0.6879626512527466,pill,/Users/bytedance/Downloads/mvtec_anomaly_detection/pill/test/pill_type/006.png,0.7183699607849121,0.6908352971076965,0.6982194513082505,0.7019397020339966,0.6998688578605652,0.9558073366854222,0.007069528102874756,cone_normal_only
1,0.4866892993450165,0.47859615087509155,pill,/Users/bytedance/Downloads/mvtec_anomaly_detection/pill/test/pill_type/006.png,0.5094513297080994,0.481884628534317,0.4901410847902298,0.49377158284187317,0.4917433559894562,0.9643300542588623,0.008093148469924927,cone_contrastive
1,0.08298401534557343,0.0031664061825722456,pill,/Users/bytedance/Downloads/mvtec_anomaly_detection/pill/test/pill_type/007.png,0.9732282757759094,0.03572092950344086,0.22044545486569386,0.5844842791557312,0.37572580575942993,0.9712557232472283,0.07981760916300118,cosine
1,0.6936861872673035,0.6873876452445984,pill,/Users/bytedance/Downloads/mvtec_anomaly_detection/pill/test/pill_type/007.png,0.7157767415046692,0.6899566054344177,0.6981429189443589,0.7052452564239502,0.7012165784835815,0.951657920602901,0.006298542022705078,cone_normal_only
1,0.4850338399410248,0.47823283076286316,pill,/Users/bytedance/Downloads/mvtec_anomaly_detection/pill/test/pill_type/007.png,0.5054221749305725,0.4810066521167755,0.4900760069489479,0.4981066584587097,0.493562251329422,0.9515851148282712,0.006801009178161621,cone_contrastive
1,0.12179254740476608,0.002615803387016058,pill,/Users/bytedance/Downloads/mvtec_anomaly_detection/pill/test/pill_type/008.png,0.9813870787620544,0.051412612199783325,0.35883927792310705,0.8051336407661438,0.580519437789917,0.9831478769658156,0.11917674401775002,cosine
1,0.6944942474365234,0.6871756911277771,pill,/Users/bytedance/Downloads/mvtec_anomaly_detection/pill/test/pill_type/008.png,0.7166696190834045,0.6901722550392151,0.700627663731575,0.7096609473228455,0.7050696611404419,0.963262957092079,0.007318556308746338,cone_normal_only
1,0.48588883876800537,0.47787365317344666,pill,/Users/bytedance/Downloads/mvtec_anomaly_detection/pill/test/pill_type/008.png,0.5063204169273376,0.48115548491477966,0.49277520328760144,0.5028963088989258,0.4977484941482544,0.9660258973319062,0.008015185594558716,cone_contrastive
1,0.03636685386300087,0.010687842033803463,pill,/Users/bytedance/Downloads/mvtec_anomaly_detection/pill/test/faulty_imprint/000.png,0.958024263381958,0.010915801860392094,0.056144061684608254,0.16030025482177734,0.10361610352993011,0.902920841827212,0.025679011829197407,cosine
1,0.6953587532043457,0.6884413957595825,pill,/Users/bytedance/Downloads/mvtec_anomaly_detection/pill/test/faulty_imprint/000.png,0.7147616147994995,0.688502848148346,0.6954602837562561,0.7002567052841187,0.6976426839828491,0.9450423583708375,0.006917357444763184,cone_normal_only
1,0.4862445890903473,0.4792312681674957,pill,/Users/bytedance/Downloads/mvtec_anomaly_detection/pill/test/faulty_imprint/000.png,0.5042559504508972,0.47929349541664124,0.48668849021196364,0.49172186851501465,0.4889773726463318,0.9378108561653573,0.0070133209228515625,cone_contrastive
1,0.03815121948719025,0.010249977000057697,pill,/Users/bytedance/Downloads/mvtec_anomaly_detection/pill/test/faulty_imprint/001.png,0.9425238966941833,0.010468236170709133,0.04528174214065073,0.1511097103357315,0.08873787522315979,0.871269807233285,0.02790124248713255,cosine
1,0.6948842406272888,0.68866366147995,pill,/Users/bytedance/Downloads/mvtec_anomaly_detection/pill/test/faulty_imprint/001.png,0.7142900824546814,0.6887122988700867,0.6955766588449478,0.6997528672218323,0.697338879108429,0.9069332882849248,0.006220579147338867,cone_normal_only
1,0.4859156906604767,0.4795462489128113,pill,/Users/bytedance/Downloads/mvtec_anomaly_detection/pill/test/faulty_imprint/001.png,0.5035304427146912,0.4795960485935211,0.48669198006391523,0.4912167489528656,0.48861783742904663,0.9023807928785338,0.006369441747665405,cone_contrastive
1,0.01822645589709282,0.009756081737577915,pill,/Users/bytedance/Downloads/mvtec_anomaly_detection/pill/test/faulty_imprint/002.png,0.9467528462409973,0.009879385121166706,0.040993972681462744,0.1716429442167282,0.09169900417327881,0.8838451280166547,0.008470374159514904,cosine
1,0.694469153881073,0.68852698802948,pill,/Users/bytedance/Downloads/mvtec_anomaly_detection/pill/test/faulty_imprint/002.png,0.7143804430961609,0.6886135339736938,0.694702011346817,0.6999005675315857,0.6969817876815796,0.9458090525003398,0.005942165851593018,cone_normal_only
1,0.4852586090564728,0.4793681204319,pill,/Users/bytedance/Downloads/mvtec_anomaly_detection/pill/test/faulty_imprint/002.png,0.503657877445221,0.4794539511203766,0.4858908161520958,0.49163544178009033,0.48839443922042847,0.9324492037555225,0.005890488624572754,cone_contrastive
1,0.02114020101726055,0.008944823406636715,pill,/Users/bytedance/Downloads/mvtec_anomaly_detection/pill/test/faulty_imprint/003.png,0.957290768623352,0.009124216623604298,0.040041697211563525,0.12227791547775269,0.06868232786655426,0.866246846218203,0.012195377610623837,cosine
1,0.6946873664855957,0.6884686946868896,pill,/Users/bytedance/Downloads/mvtec_anomaly_detection/pill/test/faulty_imprint/003.png,0.7146443724632263,0.6885603070259094,0.6953338623046875,0.6988178491592407,0.6967569589614868,0.9250981469245069,0.006218671798706055,cone_normal_only
1,0.4857860207557678,0.4793090224266052,pill,/Users/bytedance/Downloads/mvtec_anomaly_detection/pill/test/faulty_imprint/003.png,0.5042570233345032,0.47940441966056824,0.48667439371347426,0.4903215169906616,0.48820817470550537,0.9165262570110485,0.006476998329162598,cone_contrastive
1,0.18015789985656738,0.02075306698679924,pill,/Users/bytedance/Downloads/mvtec_anomaly_detection/pill/test/faulty_imprint/004.png,0.9543548226356506,0.02414761669933796,0.11423099413514125,0.49175959825515747,0.2580980360507965,0.9439034874423742,0.15940483286976814,cosine
1,0.6988379955291748,0.6892818808555603,pill,/Users/bytedance/Downloads/mvtec_anomaly_detection/pill/test/faulty_imprint/004.png,0.7140184044837952,0.689485490322113,0.6980263590812683,0.7036245465278625,0.7002883553504944,0.9588773390251707,0.009556114673614502,cone_normal_only
1,0.4903278946876526,0.4801024794578552,pill,/Users/bytedance/Downloads/mvtec_anomaly_detection/pill/test/faulty_imprint/004.png,0.5041364431381226,0.4803202450275421,0.4894915223121643,0.49633708596229553,0.49217483401298523,0.9550026435577901,0.010225415229797363,cone_contrastive
1,0.4823059141635895,0.018619589507579803,pill,/Users/bytedance/Downloads/mvtec_anomaly_detection/pill/test/faulty_imprint/005.png,0.9480156898498535,0.03942226245999336,0.19517465382814295,0.8699767589569092,0.5192892551422119,0.9819341766194845,0.4636863246560097,cosine
1,0.7036505341529846,0.6889612674713135,pill,/Users/bytedance/Downloads/mvtec_anomaly_detection/pill/test/faulty_imprint/005.png,0.7150198221206665,0.6896201968193054,0.6987286627292633,0.7115560173988342,0.7045993208885193,0.9784321970007659,0.014689266681671143,cone_normal_only
1,0.4961947202682495,0.47974634170532227,pill,/Users/bytedance/Downloads/mvtec_anomaly_detection/pill/test/faulty_imprint/005.png,0.5036383867263794,0.4804843068122864,0.4902850851416588,0.5055145025253296,0.4972701966762543,0.9782105817226328,0.016448378562927246,cone_contrastive
1,0.06109490990638733,0.014696438796818256,pill,/Users/bytedance/Downloads/mvtec_anomaly_detection/pill/test/faulty_imprint/006.png,0.9480996131896973,0.01590324193239212,0.07987618707120414,0.2184736430644989,0.13608357310295105,0.9001400396146938,0.04639847110956907,cosine
1,0.6961068511009216,0.689125657081604,pill,/Users/bytedance/Downloads/mvtec_anomaly_detection/pill/test/faulty_imprint/006.png,0.7145929932594299,0.6893070936203003,0.6966104328632354,0.7007654905319214,0.6985291242599487,0.9379745734362014,0.006981194019317627,cone_normal_only
1,0.4874153137207031,0.48003482818603516,pill,/Users/bytedance/Downloads/mvtec_anomaly_detection/pill/test/faulty_imprint/006.png,0.5036450028419495,0.4802267849445343,0.48820525556802746,0.49272310733795166,0.4902804493904114,0.9258128937310314,0.007380485534667969,cone_contrastive
1,0.21959993243217468,0.010461535304784775,pill,/Users/bytedance/Downloads/mvtec_anomaly_detection/pill/test/faulty_imprint/007.png,0.9758844375610352,0.02304924838244915,0.09663243182003485,0.5482332110404968,0.27390655875205994,0.982882781241445,0.2091383971273899,cosine
1,0.699161171913147,0.6885004639625549,pill,/Users/bytedance/Downloads/mvtec_anomaly_detection/pill/test/faulty_imprint/007.png,0.7159888744354248,0.6891421675682068,0.6975015223026275,0.7049176096916199,0.7003489136695862,0.9840618215576296,0.010660707950592041,cone_normal_only
1,0.49122801423072815,0.47931328415870667,pill,/Users/bytedance/Downloads/mvtec_anomaly_detection/pill/test/faulty_imprint/007.png,0.5055774450302124,0.4800304174423218,0.48913581371307374,0.49783676862716675,0.4925217628479004,0.9851669705626865,0.011914730072021484,cone_contrastive
1,0.08457914739847183,0.013447524048388004,pill,/Users/bytedance/Downloads/mvtec_anomaly_detection/pill/test/faulty_imprint/008.png,0.9656556248664856,0.0156247578561306,0.07553265281021594,0.3084046244621277,0.16057948768138885,0.9317212350298933,0.07113162335008383,cosine
1,0.6964195370674133,0.6886445879936218,pill,/Users/bytedance/Downloads/mvtec_anomaly_detection/pill/test/faulty_imprint/008.png,0.7150974869728088,0.6888826489448547,0.6963641464710235,0.7014955878257751,0.6986117959022522,0.947223824579648,0.007774949073791504,cone_normal_only
1,0.4880030155181885,0.4795404374599457,pill,/Users/bytedance/Downloads/mvtec_anomaly_detection/pill/test/faulty_imprint/008.png,0.5047730207443237,0.47979944944381714,0.487915512919426,0.49370357394218445,0.4904504120349884,0.94560937155714,0.008462578058242798,cone_contrastive
1,0.025743218138813972,0.008502165786921978,pill,/Users/bytedance/Downloads/mvtec_anomaly_detection/pill/test/faulty_imprint/009.png,0.971648097038269,0.008768182247877121,0.03866335768252611,0.11178180575370789,0.06961911171674728,0.917142599412121,0.017241052351891994,cosine
1,0.6955966353416443,0.6881098747253418,pill,/Users/bytedance/Downloads/mvtec_anomaly_detection/pill/test/faulty_imprint/009.png,0.7149016857147217,0.6882254481315613,0.6955741465091705,0.698860228061676,0.6969175338745117,0.9564013346502314,0.00748676061630249,cone_normal_only
1,0.4863794147968292,0.47889429330825806,pill,/Users/bytedance/Downloads/mvtec_anomaly_detection/pill/test/faulty_imprint/009.png,0.5053780674934387,0.47900983691215515,0.4865887239575386,0.49022039771080017,0.488077849149704,0.9484680441029171,0.007485121488571167,cone_contrastive
1,0.3855368196964264,0.017890295013785362,pill,/Users/bytedance/Downloads/mvtec_anomaly_detection/pill/test/faulty_imprint/010.png,0.9851744771003723,0.030432729050517082,0.1617551162838934,0.6626352667808533,0.37406426668167114,0.9882158099633853,0.36764652468264103,cosine
1,0.7022733092308044,0.6889196038246155,pill,/Users/bytedance/Downloads/mvtec_anomaly_detection/pill/test/faulty_imprint/010.png,0.7166042923927307,0.6893752813339233,0.698739892244339,0.7063648700714111,0.7020236253738403,0.9907902280257047,0.013353705406188965,cone_normal_only
1,0.4952227473258972,0.4799001216888428,pill,/Users/bytedance/Downloads/mvtec_anomaly_detection/pill/test/faulty_imprint/010.png,0.5069177746772766,0.4804227650165558,0.49059790223836897,0.5003212690353394,0.49482885003089905,0.9905756031955223,0.015322625637054443,cone_contrastive
1,0.30202072858810425,0.03065715916454792,pill,/Users/bytedance/Downloads/mvtec_anomaly_detection/pill/test/faulty_imprint/011.png,0.9750116467475891,0.04555806517601013,0.2782961666584007,0.6577808260917664,0.4446856379508972,0.9454241312212848,0.27136356942355633,cosine
1,0.6992141008377075,0.6895358562469482,pill,/Users/bytedance/Downloads/mvtec_anomaly_detection/pill/test/faulty_imprint/011.png,0.7161438465118408,0.6900672316551208,0.6998621702194214,0.7064918279647827,0.7028156518936157,0.9322476458097019,0.009678244590759277,cone_normal_only
1,0.4913715422153473,0.4804985523223877,pill,/Users/bytedance/Downloads/mvtec_anomaly_detection/pill/test/faulty_imprint/011.png,0.5055730938911438,0.481095552444458,0.49193661361932756,0.4996289610862732,0.4953136444091797,0.9331300257366254,0.010872989892959595,cone_contrastive
1,0.2704630196094513,0.01143270917236805,pill,/Users/bytedance/Downloads/mvtec_anomaly_detection/pill/test/faulty_imprint/012.png,0.9468219876289368,0.014387688599526882,0.06465515829622744,0.3426257371902466,0.15244629979133606,0.9835126269553763,0.25903031043708324,cosine
1,0.6997156739234924,0.6886998414993286,pill,/Users/bytedance/Downloads/mvtec_anomaly_detection/pill/test/faulty_imprint/012.png,0.7143930196762085,0.6888254284858704,0.6957698434591293,0.7016257047653198,0.6983481645584106,0.9845000981150729,0.011015832424163818,cone_normal_only
1,0.4919615089893341,0.47953906655311584,pill,/Users/bytedance/Downloads/mvtec_anomaly_detection/pill/test/faulty_imprint/012.png,0.5037093758583069,0.47968071699142456,0.4870892956852913,0.49401959776878357,0.48994430899620056,0.9856303226940603,0.012422442436218262,cone_contrastive
1,0.037894658744335175,0.007130899932235479,pill,/Users/bytedance/Downloads/mvtec_anomaly_detection/pill/test/faulty_imprint/013.png,0.9260391592979431,0.00783600565046072,0.03437641225755215,0.12753582000732422,0.06735754758119583,0.9148347752169307,0.030763758812099695,cosine
1,0.694969892501831,0.6879546046257019,pill,/Users/bytedance/Downloads/mvtec_anomaly_detection/pill/test/faulty_imprint/013.png,0.7137632966041565,0.6881154179573059,0.6947087556123733,0.698946475982666,0.6966099739074707,0.9518137138613523,0.00701528787612915,cone_normal_only
1,0.48590025305747986,0.4786972999572754,pill,/Users/bytedance/Downloads/mvtec_anomaly_detection/pill/test/faulty_imprint/013.png,0.5027584433555603,0.4788625240325928,0.48579042702913283,0.4902806878089905,0.48777589201927185,0.945414892647786,0.007202953100204468,cone_contrastive
1,0.31152719259262085,0.017448706552386284,pill,/Users/bytedance/Downloads/mvtec_anomaly_detection/pill/test/faulty_imprint/014.png,0.958119809627533,0.021397532895207405,0.09745224490761754,0.6132002472877502,0.26142987608909607,0.9347067273985828,0.29407848604023457,cosine
1,0.7011803984642029,0.6889863610267639,pill,/Users/bytedance/Downloads/mvtec_anomaly_detection/pill/test/faulty_imprint/014.png,0.7157472968101501,0.6891500949859619,0.6965121626853943,0.7069944143295288,0.7003788352012634,0.9692322216714754,0.012194037437438965,cone_normal_only
1,0.4930092990398407,0.4798758029937744,pill,/Users/bytedance/Downloads/mvtec_anomaly_detection/pill/test/faulty_imprint/014.png,0.5041278600692749,0.4800522029399872,0.4879553571343422,0.5002237558364868,0.4923063814640045,0.9606357695831131,0.013133496046066284,cone_contrastive
1,0.20249241590499878,0.007813486270606518,pill,/Users/bytedance/Downloads/mvtec_anomaly_detection/pill/test/faulty_imprint/015.png,0.919510543346405,0.011666812002658844,0.03108122171834109,0.44085878133773804,0.15579159557819366,0.9786570752284376,0.19467892963439226,cosine
1,0.6974623799324036,0.6876911520957947,pill,/Users/bytedance/Downloads/mvtec_anomaly_detection/pill/test/faulty_imprint/015.png,0.7133244872093201,0.687884509563446,0.6937065124511719,0.7017107009887695,0.6967287659645081,0.9845635998142732,0.009771227836608887,cone_normal_only
1,0.48912402987480164,0.47856763005256653,pill,/Users/bytedance/Downloads/mvtec_anomaly_detection/pill/test/faulty_imprint/015.png,0.5025618672370911,0.47877663373947144,0.48490095883607864,0.4944838285446167,0.48839476704597473,0.9807683681902436,0.010556399822235107,cone_contrastive
1,0.1115078553557396,0.011889006942510605,pill,/Users/bytedance/Downloads/mvtec_anomaly_detection/pill/test/faulty_imprint/016.png,0.9757212400436401,0.016000377014279366,0.07478446401655664,0.3709406554698944,0.17215415835380554,0.9555206304508954,0.09961884841322899,cosine
1,0.6975036859512329,0.6880190968513489,pill,/Users/bytedance/Downloads/mvtec_anomaly_detection/pill/test/faulty_imprint/016.png,0.7152408957481384,0.6884104609489441,0.6969956129789352,0.7014583945274353,0.6987607479095459,0.9690787931984373,0.009484589099884033,cone_normal_only
1,0.4892757534980774,0.47887152433395386,pill,/Users/bytedance/Downloads/mvtec_anomaly_detection/pill/test/faulty_imprint/016.png,0.5057221055030823,0.47930097579956055,0.4887616589665413,0.49438077211380005,0.4910619258880615,0.96534053938405,0.010404229164123535,cone_contrastive
1,0.35161909461021423,0.01354136224836111,pill,/Users/bytedance/Downloads/mvtec_anomaly_detection/pill/test/faulty_imprint/017.png,0.965587854385376,0.024586180225014687,0.10823489315807813,0.648639976978302,0.3495577573776245,0.9843240434535935,0.3380777323618531,cosine
1,0.7020201683044434,0.6877906322479248,pill,/Users/bytedance/Downloads/mvtec_anomaly_detection/pill/test/faulty_imprint/017.png,0.7144004106521606,0.6882554888725281,0.6976637721061707,0.7065942883491516,0.7018374800682068,0.9895845847697312,0.014229536056518555,cone_normal_only
1,0.49483031034469604,0.47858691215515137,pill,/Users/bytedance/Downloads/mvtec_anomaly_detection/pill/test/faulty_imprint/017.png,0.5048323273658752,0.47911760210990906,0.48936104625463483,0.5005413293838501,0.49451330304145813,0.9896541224189653,0.016243398189544678,cone_contrastive
1,0.1524503529071808,0.012565823271870613,pill,/Users/bytedance/Downloads/mvtec_anomaly_detection/pill/test/faulty_imprint/018.png,0.9676589965820312,0.016008147969841957,0.05403877031058052,0.5028704404830933,0.20281541347503662,0.9406875320823642,0.13988452963531017,cosine
1,0.6974431276321411,0.6886231303215027,pill,/Users/bytedance/Downloads/mvtec_anomaly_detection/pill/test/faulty_imprint/018.png,0.715222179889679,0.6888403296470642,0.6954537630081177,0.7040596008300781,0.6988071799278259,0.9672145161108335,0.008819997310638428,cone_normal_only
1,0.48874586820602417,0.47957029938697815,pill,/Users/bytedance/Downloads/mvtec_anomaly_detection/pill/test/faulty_imprint/018.png,0.504968523979187,0.4797959625720978,0.48661673814058304,0.4968792200088501,0.49057868123054504,0.9577761294735523,0.00917556881904602,cone_contrastive
1,0.6540346145629883,0.021611901000142097,pill,/Users/bytedance/Downloads/mvtec_anomaly_detection/pill/test/combined/000.png,0.9716950058937073,0.03141910955309868,0.14981565549969636,0.7794955968856812,0.38968294858932495,0.9977851261558272,0.6324227135628462,cosine
1,0.7062861919403076,0.6890442371368408,pill,/Users/bytedance/Downloads/mvtec_anomaly_detection/pill/test/combined/000.png,0.7160191535949707,0.6893116235733032,0.6976151198148728,0.7086482644081116,0.7018688917160034,0.9965775161271415,0.017241954803466797,cone_normal_only
1,0.5001096129417419,0.48009487986564636,pill,/Users/bytedance/Downloads/mvtec_anomaly_detection/pill/test/combined/000.png,0.5051634311676025,0.4804053008556366,0.48953872472047805,0.5027857422828674,0.4946012496948242,0.9972961435476901,0.02001473307609558,cone_contrastive
1,0.5717858672142029,0.02568838745355606,pill,/Users/bytedance/Downloads/mvtec_anomaly_detection/pill/test/combined/001.png,0.9842425584793091,0.04133513197302818,0.25215732306241967,0.8234443664550781,0.5541239976882935,0.9859355781472773,0.5460974797606468,cosine
1,0.7055869698524475,0.6889963150024414,pill,/Users/bytedance/Downloads/mvtec_anomaly_detection/pill/test/combined/001.png,0.7164340615272522,0.6894716620445251,0.7000626504421233,0.7106853723526001,0.7054269313812256,0.9824114720760146,0.016590654850006104,cone_normal_only
1,0.49929386377334595,0.4799947440624237,pill,/Users/bytedance/Downloads/mvtec_anomaly_detection/pill/test/combined/001.png,0.5067181587219238,0.48054763674736023,0.49232187271118166,0.5053715705871582,0.499018132686615,0.9826532361529507,0.01929911971092224,cone_contrastive
1,0.663375973701477,0.01439847145229578,pill,/Users/bytedance/Downloads/mvtec_anomaly_detection/pill/test/combined/002.png,0.9341228604316711,0.021102922037243843,0.07094723433256143,0.7027117609977722,0.2879502773284912,0.9989209053747261,0.6489775022491813,cosine
1,0.7060921788215637,0.6885666251182556,pill,/Users/bytedance/Downloads/mvtec_anomaly_detection/pill/test/combined/002.png,0.7149247527122498,0.6887477040290833,0.6962532311677933,0.7070727348327637,0.7003200650215149,0.998113577823484,0.017525553703308105,cone_normal_only
1,0.49914607405662537,0.4794747829437256,pill,/Users/bytedance/Downloads/mvtec_anomaly_detection/pill/test/combined/002.png,0.5029420852661133,0.47967803478240967,0.4876806899905205,0.5002843737602234,0.49228617548942566,0.9982667743266421,0.01967129111289978,cone_contrastive
1,0.24365109205245972,0.017371388152241707,pill,/Users/bytedance/Downloads/mvtec_anomaly_detection/pill/test/combined/003.png,0.954753041267395,0.01942821964621544,0.11018826365470871,0.3885166347026825,0.20848822593688965,0.9650766075895147,0.226279703900218,cosine
1,0.6995927095413208,0.688630223274231,pill,/Users/bytedance/Downloads/mvtec_anomaly_detection/pill/test/combined/003.png,0.7148721218109131,0.6887298822402954,0.6965249687433243,0.7026039958000183,0.6992125511169434,0.9750201495846879,0.010962486267089844,cone_normal_only
1,0.4919896423816681,0.4795624315738678,pill,/Users/bytedance/Downloads/mvtec_anomaly_detection/pill/test/combined/003.png,0.5039843320846558,0.4796754717826843,0.4882378771901131,0.495150625705719,0.4912586808204651,0.976048164490897,0.012427210807800293,cone_contrastive
1,0.26224130392074585,0.019792040809988976,pill,/Users/bytedance/Downloads/mvtec_anomaly_detection/pill/test/combined/004.png,0.9653211236000061,0.023400893434882164,0.11695967055857166,0.5887195467948914,0.2748444378376007,0.9707276715398448,0.24244926311075687,cosine
1,0.6998223066329956,0.6888183355331421,pill,/Users/bytedance/Downloads/mvtec_anomaly_detection/pill/test/combined/004.png,0.7163281440734863,0.6889819502830505,0.6971892446279526,0.7053221464157104,0.7004135251045227,0.9724218492078147,0.011003971099853516,cone_normal_only
1,0.4925052225589752,0.479807585477829,pill,/Users/bytedance/Downloads/mvtec_anomaly_detection/pill/test/combined/004.png,0.5045459866523743,0.47999659180641174,0.48920114487409594,0.49830836057662964,0.4927380681037903,0.9757466004552927,0.01269763708114624,cone_contrastive
1,0.5446064472198486,0.01678079180419445,pill,/Users/bytedance/Downloads/mvtec_anomaly_detection/pill/test/combined/005.png,0.914067804813385,0.02401585690677166,0.10219101831316907,0.6981406211853027,0.30612024664878845,0.9966855032836769,0.5278256554156542,cosine
1,0.7040363550186157,0.6885364651679993,pill,/Users/bytedance/Downloads/mvtec_anomaly_detection/pill/test/combined/005.png,0.7138542532920837,0.6887489557266235,0.696513694524765,0.7066817283630371,0.7002014517784119,0.9949840070146214,0.015499889850616455,cone_normal_only
1,0.4970269799232483,0.47949501872062683,pill,/Users/bytedance/Downloads/mvtec_anomaly_detection/pill/test/combined/005.png,0.5022849440574646,0.4797353148460388,0.48834285885095596,0.5002055764198303,0.49250873923301697,0.9949649782400692,0.01753196120262146,cone_contrastive
1,0.19820767641067505,0.01271050889045,pill,/Users/bytedance/Downloads/mvtec_anomaly_detection/pill/test/combined/006.png,0.9579917788505554,0.02014494128525257,0.07252180501818617,0.598975419998169,0.2535325884819031,0.9366596813197876,0.18549716752022505,cosine
1,0.6978159546852112,0.6886215209960938,pill,/Users/bytedance/Downloads/mvtec_anomaly_detection/pill/test/combined/006.png,0.7149536609649658,0.68899005651474,0.6961943507194519,0.7051916122436523,0.6996275186538696,0.9434354133984922,0.009194433689117432,cone_normal_only
1,0.48985016345977783,0.4796236455440521,pill,/Users/bytedance/Downloads/mvtec_anomaly_detection/pill/test/combined/006.png,0.5041242837905884,0.4800335466861725,0.4877913922071457,0.49862611293792725,0.491864413022995,0.9436687395780375,0.010226517915725708,cone_contrastive
1,0.11067629605531693,0.011571020819246769,pill,/Users/bytedance/Downloads/mvtec_anomaly_detection/pill/test/combined/007.png,0.9699333310127258,0.012922101654112339,0.05836120136082165,0.3016264736652374,0.13696585595607758,0.9265454034379537,0.09910527523607016,cosine
1,0.6966480016708374,0.6886228919029236,pill,/Users/bytedance/Downloads/mvtec_anomaly_detection/pill/test/combined/007.png,0.7162567973136902,0.6887322068214417,0.6950230211019516,0.7010922431945801,0.6975460052490234,0.9621967639442914,0.008025109767913818,cone_normal_only
1,0.4877076745033264,0.4795595705509186,pill,/Users/bytedance/Downloads/mvtec_anomaly_detection/pill/test/combined/007.png,0.5050027966499329,0.4796706736087799,0.4863312229514122,0.49280667304992676,0.48897784948349,0.9553613008317152,0.008148103952407837,cone_contrastive
1,0.4168356955051422,0.020070023834705353,pill,/Users/bytedance/Downloads/mvtec_anomaly_detection/pill/test/combined/008.png,0.9337756633758545,0.02498220093548298,0.1346464626491065,0.5718810558319092,0.31336623430252075,0.9865620463709789,0.39676567167043686,cosine
1,0.7019305229187012,0.688829243183136,pill,/Users/bytedance/Downloads/mvtec_anomaly_detection/pill/test/combined/008.png,0.7142513394355774,0.688991367816925,0.6970950663089752,0.7052958607673645,0.7008850574493408,0.983435571381259,0.013101279735565186,cone_normal_only
1,0.4949057400226593,0.4798727333545685,pill,/Users/bytedance/Downloads/mvtec_anomaly_detection/pill/test/combined/008.png,0.5029717683792114,0.48005881905555725,0.4890554085373878,0.4984782040119171,0.49331116676330566,0.9849557915255882,0.01503300666809082,cone_contrastive
1,0.44532540440559387,0.028496386483311653,pill,/Users/bytedance/Downloads/mvtec_anomaly_detection/pill/test/combined/009.png,0.9725436568260193,0.040186136960983276,0.2537956267595289,0.6920666694641113,0.46474599838256836,0.9819868500453736,0.4168290179222822,cosine
1,0.7036623954772949,0.6895014047622681,pill,/Users/bytedance/Downloads/mvtec_anomaly_detection/pill/test/combined/009.png,0.716765820980072,0.6898985505104065,0.7000959247350693,0.7077980041503906,0.703739583492279,0.9859087698283293,0.014160990715026855,cone_normal_only
1,0.496511310338974,0.4806065261363983,pill,/Users/bytedance/Downloads/mvtec_anomaly_detection/pill/test/combined/009.png,0.5051901340484619,0.4810526669025421,0.4924582988023758,0.5005367994308472,0.4963877201080322,0.9878710218135046,0.015904784202575684,cone_contrastive
1,0.5287618041038513,0.05773179233074188,pill,/Users/bytedance/Downloads/mvtec_anomaly_detection/pill/test/combined/010.png,0.9917184114456177,0.06758338958024979,0.4519026547670361,0.8174313902854919,0.6362605094909668,0.9665451265892212,0.47103001177310944,cosine
1,0.7055455446243286,0.6903765201568604,pill,/Users/bytedance/Downloads/mvtec_anomaly_detection/pill/test/combined/010.png,0.7181732654571533,0.6906937956809998,0.7033794671297073,0.7106910943984985,0.706930935382843,0.9720173357817314,0.015169024467468262,cone_normal_only
1,0.49864479899406433,0.48153889179229736,pill,/Users/bytedance/Downloads/mvtec_anomaly_detection/pill/test/combined/010.png,0.5084201693534851,0.48189663887023926,0.49606577754020686,0.5046678185462952,0.5002179145812988,0.9719284899098535,0.017105907201766968,cone_contrastive
1,0.2019997537136078,0.012929311022162437,pill,/Users/bytedance/Downloads/mvtec_anomaly_detection/pill/test/combined/011.png,0.9618238210678101,0.015188371762633324,0.06297516971826547,0.3849485218524933,0.16928891837596893,0.979637482554232,0.18907044269144535,cosine
1,0.6989933252334595,0.6888490319252014,pill,/Users/bytedance/Downloads/mvtec_anomaly_detection/pill/test/combined/011.png,0.7157577276229858,0.6889702677726746,0.6954887926578521,0.7019748687744141,0.6982876658439636,0.976235213348684,0.010144293308258057,cone_normal_only
1,0.49129918217658997,0.47987622022628784,pill,/Users/bytedance/Downloads/mvtec_anomaly_detection/pill/test/combined/011.png,0.504377007484436,0.4800127148628235,0.48697697669267653,0.4949641227722168,0.49029892683029175,0.9774114560280758,0.011422961950302124,cone_contrastive
1,0.2826864421367645,0.013400851748883724,pill,/Users/bytedance/Downloads/mvtec_anomaly_detection/pill/test/combined/012.png,0.9015509486198425,0.01607339270412922,0.06398651711642736,0.43858158588409424,0.17362645268440247,0.9797216274217365,0.2692855903878808,cosine
1,0.6989508271217346,0.6891105771064758,pill,/Users/bytedance/Downloads/mvtec_anomaly_detection/pill/test/combined/012.png,0.7135734558105469,0.6892083287239075,0.6952730923891067,0.7024070620536804,0.6979368329048157,0.9736425863197681,0.009840250015258789,cone_normal_only
1,0.4913891553878784,0.48006051778793335,pill,/Users/bytedance/Downloads/mvtec_anomaly_detection/pill/test/combined/012.png,0.5019086003303528,0.4801729917526245,0.48685299754142763,0.495124876499176,0.48982787132263184,0.9771991978862189,0.011328637599945068,cone_contrastive
1,0.27332252264022827,0.011073173023760319,pill,/Users/bytedance/Downloads/mvtec_anomaly_detection/pill/test/combined/013.png,0.8957377076148987,0.015333485789597034,0.05677205547690387,0.45197704434394836,0.19835762679576874,0.9899593484292278,0.26224934961646795,cosine
1,0.7000291347503662,0.6882443428039551,pill,/Users/bytedance/Downloads/mvtec_anomaly_detection/pill/test/combined/013.png,0.7138614058494568,0.6884358525276184,0.6947984635829926,0.7030553221702576,0.6980981230735779,0.9913499393483152,0.011784791946411133,cone_normal_only
1,0.49271732568740845,0.479148805141449,pill,/Users/bytedance/Downloads/mvtec_anomaly_detection/pill/test/combined/013.png,0.5017024278640747,0.47936928272247314,0.48640059828758236,0.49621376395225525,0.49026501178741455,0.9923766540527658,0.013568520545959473,cone_contrastive
1,0.5881749391555786,0.029272334650158882,pill,/Users/bytedance/Downloads/mvtec_anomaly_detection/pill/test/combined/014.png,0.9624550342559814,0.03499209135770798,0.20606036484241486,0.6518506407737732,0.3952796757221222,0.9960387112780497,0.5589026045054197,cosine
1,0.7057178020477295,0.6897050738334656,pill,/Users/bytedance/Downloads/mvtec_anomaly_detection/pill/test/combined/014.png,0.7159627676010132,0.6898688673973083,0.698826277256012,0.7066535949707031,0.7026739120483398,0.9956455973774406,0.016012728214263916,cone_normal_only
1,0.49844011664390564,0.48078835010528564,pill,/Users/bytedance/Downloads/mvtec_anomaly_detection/pill/test/combined/014.png,0.5044595003128052,0.48096898198127747,0.49096609801054,0.4995570480823517,0.49507954716682434,0.9954408576674142,0.017651766538619995,cone_contrastive
1,0.3391747772693634,0.019480345770716667,pill,/Users/bytedance/Downloads/mvtec_anomaly_detection/pill/test/combined/015.png,0.9379789233207703,0.03824209049344063,0.195333944261074,0.6470953822135925,0.44048836827278137,0.9478033963718715,0.31969443149864674,cosine
1,0.6999590992927551,0.6898065805435181,pill,/Users/bytedance/Downloads/mvtec_anomaly_detection/pill/test/combined/015.png,0.7145608067512512,0.6904024481773376,0.6992871880531311,0.7063571214675903,0.7029082179069519,0.9291167941424978,0.01015251874923706,cone_normal_only
1,0.492440402507782,0.4807552695274353,pill,/Users/bytedance/Downloads/mvtec_anomaly_detection/pill/test/combined/015.png,0.5031706094741821,0.48144102096557617,0.4910610139369964,0.4996902644634247,0.4955727756023407,0.9355825145823787,0.01168513298034668,cone_contrastive
1,0.5306956768035889,0.02898113802075386,pill,/Users/bytedance/Downloads/mvtec_anomaly_detection/pill/test/combined/016.png,0.9704515933990479,0.04295608773827553,0.215043256431818,0.9235492944717407,0.5498888492584229,0.9678050533011278,0.501714538782835,cosine
1,0.7046380639076233,0.689893364906311,pill,/Users/bytedance/Downloads/mvtec_anomaly_detection/pill/test/combined/016.png,0.7161580324172974,0.6903039813041687,0.7000621676445007,0.7125940918922424,0.7055959701538086,0.9670012224090475,0.014744699001312256,cone_normal_only
1,0.49795836210250854,0.48085033893585205,pill,/Users/bytedance/Downloads/mvtec_anomaly_detection/pill/test/combined/016.png,0.505030632019043,0.4813268184661865,0.4918490171432495,0.5072760581970215,0.4986959397792816,0.9704534869818207,0.017108023166656494,cone_contrastive
1,0.028054533526301384,0.007544230204075575,pill,/Users/bytedance/Downloads/mvtec_anomaly_detection/pill/test/contamination/000.png,0.9497584104537964,0.007693055551499128,0.033686412125825835,0.1165364533662796,0.06348583847284317,0.9251625676233645,0.02051030332222581,cosine
1,0.6944401860237122,0.6881408095359802,pill,/Users/bytedance/Downloads/mvtec_anomaly_detection/pill/test/contamination/000.png,0.7142407894134521,0.688186526298523,0.6943786978721619,0.698544979095459,0.6961880326271057,0.9405947478167729,0.006299376487731934,cone_normal_only
1,0.4858345091342926,0.4790133535861969,pill,/Users/bytedance/Downloads/mvtec_anomaly_detection/pill/test/contamination/000.png,0.5038315653800964,0.47906288504600525,0.4856237381696701,0.4900277554988861,0.4875183701515198,0.9464716448858906,0.006821155548095703,cone_contrastive
1,0.4983420968055725,0.013096424750983715,pill,/Users/bytedance/Downloads/mvtec_anomaly_detection/pill/test/contamination/001.png,0.9566917419433594,0.019353598356246948,0.07433099709451185,0.638294517993927,0.25705426931381226,0.9909180700262096,0.4852456720545888,cosine
1,0.7036685347557068,0.6884763836860657,pill,/Users/bytedance/Downloads/mvtec_anomaly_detection/pill/test/contamination/001.png,0.7140950560569763,0.6886723637580872,0.6959754765033722,0.7061462998390198,0.6997966170310974,0.9892747181932523,0.015192151069641113,cone_normal_only
1,0.49643051624298096,0.47932833433151245,pill,/Users/bytedance/Downloads/mvtec_anomaly_detection/pill/test/contamination/001.png,0.5042521953582764,0.479548841714859,0.4873852878808975,0.4993528425693512,0.4917818009853363,0.9884251612431831,0.017102181911468506,cone_contrastive
1,0.20535263419151306,0.020810764282941818,pill,/Users/bytedance/Downloads/mvtec_anomaly_detection/pill/test/contamination/002.png,0.9458258748054504,0.02245381847023964,0.1360373392701148,0.42675554752349854,0.24938395619392395,0.9559892423442933,0.18454186990857124,cosine
1,0.6980264186859131,0.6891282796859741,pill,/Users/bytedance/Downloads/mvtec_anomaly_detection/pill/test/contamination/002.png,0.7142379283905029,0.6892075538635254,0.6968082666397095,0.7029321193695068,0.69953453540802,0.9567304655900148,0.008898138999938965,cone_normal_only
1,0.4903098940849304,0.4801258146762848,pill,/Users/bytedance/Downloads/mvtec_anomaly_detection/pill/test/contamination/002.png,0.5036187767982483,0.48021650314331055,0.48867706656455995,0.4955025613307953,0.49171292781829834,0.9601567081177516,0.01018407940864563,cone_contrastive
1,0.4823419153690338,0.012676249258220196,pill,/Users/bytedance/Downloads/mvtec_anomaly_detection/pill/test/contamination/003.png,0.9292519092559814,0.01662507653236389,0.06312317177653305,0.5206282734870911,0.19645409286022186,0.9967185748561371,0.4696656661108136,cosine
1,0.7029825448989868,0.6890596747398376,pill,/Users/bytedance/Downloads/mvtec_anomaly_detection/pill/test/contamination/003.png,0.713890790939331,0.6891768574714661,0.6960218459367752,0.7033979892730713,0.6989266872406006,0.9957751037048919,0.01392287015914917,cone_normal_only
1,0.496428906917572,0.47988513112068176,pill,/Users/bytedance/Downloads/mvtec_anomaly_detection/pill/test/contamination/003.png,0.502858579158783,0.4800242483615875,0.4873424395918846,0.49687638878822327,0.4908386170864105,0.9969890924074014,0.01654377579689026,cone_contrastive
1,0.39634743332862854,0.009039800614118576,pill,/Users/bytedance/Downloads/mvtec_anomaly_detection/pill/test/contamination/004.png,0.9560777544975281,0.011873256415128708,0.04014360830187794,0.40813615918159485,0.1345546543598175,0.9956725581363965,0.38730763271450996,cosine
1,0.7017020583152771,0.6886038780212402,pill,/Users/bytedance/Downloads/mvtec_anomaly_detection/pill/test/contamination/004.png,0.7147355675697327,0.6886996626853943,0.6947327762842178,0.7022808790206909,0.6973647475242615,0.9931169801168593,0.013098180294036865,cone_normal_only
1,0.49437034130096436,0.4794362783432007,pill,/Users/bytedance/Downloads/mvtec_anomaly_detection/pill/test/contamination/004.png,0.5041640996932983,0.479545533657074,0.4859273284673691,0.4948301911354065,0.4889526665210724,0.9948440246933098,0.014934062957763672,cone_contrastive
1,0.03931105136871338,0.008489206433296204,pill,/Users/bytedance/Downloads/mvtec_anomaly_detection/pill/test/contamination/005.png,0.9322981238365173,0.008705846033990383,0.043424222059547844,0.1513574719429016,0.08647751808166504,0.9150755096991959,0.030821844935417175,cosine
1,0.6954225897789001,0.6881433725357056,pill,/Users/bytedance/Downloads/mvtec_anomaly_detection/pill/test/contamination/005.png,0.7140947580337524,0.6881945133209229,0.694695982336998,0.700037956237793,0.6970990896224976,0.9491896558722221,0.00727921724319458,cone_normal_only
1,0.48646044731140137,0.47886955738067627,pill,/Users/bytedance/Downloads/mvtec_anomaly_detection/pill/test/contamination/005.png,0.5030239820480347,0.47892287373542786,0.485696017742157,0.49141594767570496,0.48828497529029846,0.9496683932054982,0.007590889930725098,cone_contrastive
1,0.08250159025192261,0.019496379420161247,pill,/Users/bytedance/Downloads/mvtec_anomaly_detection/pill/test/contamination/006.png,0.9410780668258667,0.019997693598270416,0.10548957660794238,0.39500486850738525,0.21780845522880554,0.927436569936226,0.06300521083176136,cosine
1,0.6968818306922913,0.6888163685798645,pill,/Users/bytedance/Downloads/mvtec_anomaly_detection/pill/test/contamination/006.png,0.7144431471824646,0.6888806819915771,0.6969454795122146,0.7034128904342651,0.6997284293174744,0.9461411189561452,0.008065462112426758,cone_normal_only
1,0.4889872670173645,0.4797360301017761,pill,/Users/bytedance/Downloads/mvtec_anomaly_detection/pill/test/contamination/006.png,0.5033488273620605,0.4798096716403961,0.4886943995952606,0.4956197440624237,0.49162453413009644,0.9532287156676188,0.009251236915588379,cone_contrastive
1,0.6282828450202942,0.018759330734610558,pill,/Users/bytedance/Downloads/mvtec_anomaly_detection/pill/test/contamination/007.png,0.9707194566726685,0.03421071916818619,0.13912489712238246,0.800430178642273,0.4868805408477783,0.9963578781078832,0.6095235142856836,cosine
1,0.7080246210098267,0.6889386773109436,pill,/Users/bytedance/Downloads/mvtec_anomaly_detection/pill/test/contamination/007.png,0.7157931327819824,0.689422607421875,0.6984307080507278,0.7110617160797119,0.7050308585166931,0.9972723005121439,0.019085943698883057,cone_normal_only
1,0.5013614892959595,0.47972118854522705,pill,/Users/bytedance/Downloads/mvtec_anomaly_detection/pill/test/contamination/007.png,0.5051625967025757,0.48026973009109497,0.48987714648246766,0.5051178336143494,0.49784350395202637,0.9970388270808667,0.021640300750732422,cone_contrastive
1,0.5914365649223328,0.022212503477931023,pill,/Users/bytedance/Downloads/mvtec_anomaly_detection/pill/test/contamination/008.png,0.9827020168304443,0.0249809417873621,0.12350632101297339,0.5655587315559387,0.2646791338920593,0.9980031885744522,0.5692240614444017,cosine
1,0.7056167721748352,0.6895132660865784,pill,/Users/bytedance/Downloads/mvtec_anomaly_detection/pill/test/contamination/008.png,0.7167364358901978,0.6895917057991028,0.6975735247135162,0.7051781415939331,0.7004408836364746,0.997371234750339,0.016103506088256836,cone_normal_only
1,0.4986632466316223,0.48041653633117676,pill,/Users/bytedance/Downloads/mvtec_anomaly_detection/pill/test/contamination/008.png,0.5065808296203613,0.48050516843795776,0.4890983313322067,0.4981229901313782,0.4923854172229767,0.997727057722685,0.018246710300445557,cone_contrastive
1,0.06525394320487976,0.016624851152300835,pill,/Users/bytedance/Downloads/mvtec_anomaly_detection/pill/test/contamination/009.png,0.9374549984931946,0.017037155106663704,0.09520925544202309,0.33548504114151,0.19749222695827484,0.8927737726905549,0.048629092052578926,cosine
1,0.6954552531242371,0.6884976029396057,pill,/Users/bytedance/Downloads/mvtec_anomaly_detection/pill/test/contamination/009.png,0.7144498229026794,0.6885563731193542,0.6953750669956207,0.7019881010055542,0.6982734799385071,0.9466164842227898,0.006957650184631348,cone_normal_only
1,0.4859783947467804,0.4792620539665222,pill,/Users/bytedance/Downloads/mvtec_anomaly_detection/pill/test/contamination/009.png,0.5031743049621582,0.4793189764022827,0.48661544919013977,0.49386492371559143,0.48979485034942627,0.9309569521172647,0.006716340780258179,cone_contrastive
1,0.7040049433708191,0.019192585721611977,pill,/Users/bytedance/Downloads/mvtec_anomaly_detection/pill/test/contamination/010.png,0.9593349695205688,0.03333934769034386,0.1352477021515363,0.880060613155365,0.4771037995815277,0.9964166932451467,0.6848123576492071,cosine
1,0.7073272466659546,0.6891367435455322,pill,/Users/bytedance/Downloads/mvtec_anomaly_detection/pill/test/contamination/010.png,0.7151234149932861,0.6895125508308411,0.6983208298683167,0.7105463743209839,0.704153835773468,0.994237676552695,0.018190503120422363,cone_normal_only
1,0.5011001229286194,0.47999536991119385,pill,/Users/bytedance/Downloads/mvtec_anomaly_detection/pill/test/contamination/010.png,0.5043055415153503,0.4804314374923706,0.48991110920906067,0.5049415826797485,0.49697622656822205,0.9949150707108353,0.021104753017425537,cone_contrastive
1,0.09144224226474762,0.0182254146784544,pill,/Users/bytedance/Downloads/mvtec_anomaly_detection/pill/test/contamination/011.png,0.9366220235824585,0.019471051171422005,0.11213676743209347,0.379300594329834,0.20222362875938416,0.9246944500893511,0.07321682758629322,cosine
1,0.6972714066505432,0.6884192228317261,pill,/Users/bytedance/Downloads/mvtec_anomaly_detection/pill/test/contamination/011.png,0.7138827443122864,0.688569962978363,0.6967361301183701,0.7021823525428772,0.6991902589797974,0.957484887368575,0.008852183818817139,cone_normal_only
1,0.4890008866786957,0.4791933000087738,pill,/Users/bytedance/Downloads/mvtec_anomaly_detection/pill/test/contamination/011.png,0.5031722187995911,0.4793601632118225,0.4882267192006111,0.494270920753479,0.49094438552856445,0.959466613218603,0.009807586669921875,cone_contrastive
1,0.5728731155395508,0.01571805216372013,pill,/Users/bytedance/Downloads/mvtec_anomaly_detection/pill/test/contamination/012.png,0.9491355419158936,0.02100878395140171,0.08603643067181108,0.6503119468688965,0.27205994725227356,0.9954650753394674,0.5571550633758307,cosine
1,0.7046688199043274,0.6887209415435791,pill,/Users/bytedance/Downloads/mvtec_anomaly_detection/pill/test/contamination/012.png,0.7141519784927368,0.6888724565505981,0.6958483338356019,0.7063717246055603,0.6998120546340942,0.9921262106192139,0.01594787836074829,cone_normal_only
1,0.49782007932662964,0.4796280562877655,pill,/Users/bytedance/Downloads/mvtec_anomaly_detection/pill/test/contamination/012.png,0.5037832260131836,0.4798007905483246,0.4873177424073219,0.4997674226760864,0.49185484647750854,0.9924718632347425,0.018192023038864136,cone_contrastive
1,0.15102389454841614,0.008673892356455326,pill,/Users/bytedance/Downloads/mvtec_anomaly_detection/pill/test/contamination/013.png,0.9396711587905884,0.0097503075376153,0.03567773010581711,0.2303035706281662,0.09945899248123169,0.948586960005029,0.1423500021919608,cosine
1,0.696988582611084,0.688312292098999,pill,/Users/bytedance/Downloads/mvtec_anomaly_detection/pill/test/contamination/013.png,0.714714765548706,0.6883780360221863,0.6942608088254929,0.7000154256820679,0.6965145468711853,0.9557276436043579,0.008676290512084961,cone_normal_only
1,0.4890303313732147,0.47918790578842163,pill,/Users/bytedance/Downloads/mvtec_anomaly_detection/pill/test/contamination/013.png,0.5032566785812378,0.4792622923851013,0.48552805930376053,0.4922129809856415,0.48817309737205505,0.964174619262734,0.00984242558479309,cone_contrastive
1,0.3717595636844635,0.014089043252170086,pill,/Users/bytedance/Downloads/mvtec_anomaly_detection/pill/test/contamination/014.png,0.9527007341384888,0.01644042134284973,0.08738212846219531,0.4075404107570648,0.1917932778596878,0.995253955110956,0.3576705204322934,cosine
1,0.7030724287033081,0.6882641911506653,pill,/Users/bytedance/Downloads/mvtec_anomaly_detection/pill/test/contamination/014.png,0.7161667346954346,0.6883615255355835,0.6967317938804627,0.7036193013191223,0.699897289276123,0.994298185898509,0.014808237552642822,cone_normal_only
1,0.4956653416156769,0.4789833724498749,pill,/Users/bytedance/Downloads/mvtec_anomaly_detection/pill/test/contamination/014.png,0.5037659406661987,0.47909292578697205,0.48795074373483655,0.49610981345176697,0.49152880907058716,0.99563646142981,0.016681969165802002,cone_contrastive
1,0.41948169469833374,0.014297383837401867,pill,/Users/bytedance/Downloads/mvtec_anomaly_detection/pill/test/contamination/015.png,0.950566828250885,0.021189281716942787,0.0888705536723134,0.5895971655845642,0.2622954845428467,0.9945137120046721,0.4051843108609319,cosine
1,0.7033259272575378,0.688450038433075,pill,/Users/bytedance/Downloads/mvtec_anomaly_detection/pill/test/contamination/015.png,0.7152128219604492,0.6887030601501465,0.6970083504915238,0.7055790424346924,0.700505793094635,0.9963274492028846,0.01487588882446289,cone_normal_only
1,0.49650660157203674,0.4792725145816803,pill,/Users/bytedance/Downloads/mvtec_anomaly_detection/pill/test/contamination/015.png,0.5037696957588196,0.47956570982933044,0.48847117125988004,0.4993671178817749,0.4928322732448578,0.9966492225822375,0.017234086990356445,cone_contrastive
1,0.4459312856197357,0.010238426737487316,pill,/Users/bytedance/Downloads/mvtec_anomaly_detection/pill/test/contamination/016.png,0.9356338977813721,0.016623035073280334,0.07112793177366254,0.547944188117981,0.2227463722229004,0.9985192441526218,0.4356928588822484,cosine
1,0.7031903266906738,0.688103973865509,pill,/Users/bytedance/Downloads/mvtec_anomaly_detection/pill/test/contamination/016.png,0.7143406867980957,0.6883249878883362,0.6956584066152572,0.7048547267913818,0.6995202302932739,0.997270497705294,0.015086352825164795,cone_normal_only
1,0.4961223900318146,0.478824257850647,pill,/Users/bytedance/Downloads/mvtec_anomaly_detection/pill/test/contamination/016.png,0.5031219720840454,0.4790777862071991,0.48696270436048505,0.4980575144290924,0.49138110876083374,0.9981123642606325,0.017298132181167603,cone_contrastive
1,0.7906015515327454,0.009839496575295925,pill,/Users/bytedance/Downloads/mvtec_anomaly_detection/pill/test/contamination/017.png,0.9661543369293213,0.018132349476218224,0.03771843612194057,0.8359009027481079,0.28141677379608154,0.9993648223257466,0.7807620549574494,cosine
1,0.7101069092750549,0.6879701018333435,pill,/Users/bytedance/Downloads/mvtec_anomaly_detection/pill/test/contamination/017.png,0.7151379585266113,0.6882051229476929,0.6944483757019043,0.7111498713493347,0.7001515030860901,0.9992249645751149,0.022136807441711426,cone_normal_only
1,0.5044183135032654,0.4787653982639313,pill,/Users/bytedance/Downloads/mvtec_anomaly_detection/pill/test/contamination/017.png,0.5048056840896606,0.479037880897522,0.48563709259033205,0.5056825876235962,0.49227359890937805,0.9992354555750594,0.025652915239334106,cone_contrastive
1,0.08840826153755188,0.014360127970576286,pill,/Users/bytedance/Downloads/mvtec_anomaly_detection/pill/test/contamination/018.png,0.9644488096237183,0.015949413180351257,0.08083241879940029,0.33889275789260864,0.17523984611034393,0.8623470435968117,0.0740481335669756,cosine
1,0.6939147710800171,0.6885541081428528,pill,/Users/bytedance/Downloads/mvtec_anomaly_detection/pill/test/contamination/018.png,0.7145844101905823,0.6886691451072693,0.6952681362628936,0.7012746930122375,0.6977778077125549,0.8709346243560087,0.005360662937164307,cone_normal_only
1,0.4853580892086029,0.4794841408729553,pill,/Users/bytedance/Downloads/mvtec_anomaly_detection/pill/test/contamination/018.png,0.5048112869262695,0.47961029410362244,0.48687031418085097,0.49368834495544434,0.48967134952545166,0.8613308353611292,0.005873948335647583,cone_contrastive
1,0.09192363917827606,0.008259744383394718,pill,/Users/bytedance/Downloads/mvtec_anomaly_detection/pill/test/contamination/019.png,0.9568126201629639,0.008942280896008015,0.043221837654709785,0.13182605803012848,0.07976200431585312,0.9806954926228846,0.08366389479488134,cosine
1,0.6973786950111389,0.6880273222923279,pill,/Users/bytedance/Downloads/mvtec_anomaly_detection/pill/test/contamination/019.png,0.7149564623832703,0.6881036162376404,0.6948786526918411,0.6994587182998657,0.697015643119812,0.9790388027770386,0.009351372718811035,cone_normal_only
1,0.4893699586391449,0.47891366481781006,pill,/Users/bytedance/Downloads/mvtec_anomaly_detection/pill/test/contamination/019.png,0.504120945930481,0.47899898886680603,0.48615461140871047,0.49113646149635315,0.488480806350708,0.9838763756802482,0.010456293821334839,cone_contrastive
1,0.22563953697681427,0.01218183059245348,pill,/Users/bytedance/Downloads/mvtec_anomaly_detection/pill/test/contamination/020.png,0.9229792952537537,0.014887399971485138,0.08442139141261565,0.2907411754131317,0.15493203699588776,0.9824345947355833,0.2134577063843608,cosine
1,0.69880211353302,0.6886040568351746,pill,/Users/bytedance/Downloads/mvtec_anomaly_detection/pill/test/contamination/020.png,0.7144310474395752,0.6887334585189819,0.6964662611484528,0.7018168568611145,0.698981761932373,0.9639964477681394,0.010198056697845459,cone_normal_only
1,0.49111509323120117,0.4794852137565613,pill,/Users/bytedance/Downloads/mvtec_anomaly_detection/pill/test/contamination/020.png,0.5025671124458313,0.47963258624076843,0.4879598021507263,0.4940102696418762,0.4906836748123169,0.9697426587055237,0.011629879474639893,cone_contrastive
1,0.4635181427001953,0.014212866313755512,screw,/Users/bytedance/Downloads/mvtec_anomaly_detection/screw/test/thread_top/000.png,0.9964978694915771,0.01713484525680542,0.08269778229296194,0.4803681969642639,0.22557181119918823,0.9955569103944641,0.4493052763864398,cosine
1,0.7039287090301514,0.6865650415420532,screw,/Users/bytedance/Downloads/mvtec_anomaly_detection/screw/test/thread_top/000.png,0.7180850505828857,0.6866779327392578,0.6981328129768372,0.7040101885795593,0.7004233598709106,0.9962144962033059,0.017363667488098145,cone_normal_only
1,0.4967613220214844,0.4777437746524811,screw,/Users/bytedance/Downloads/mvtec_anomaly_detection/screw/test/thread_top/000.png,0.5109766721725464,0.4778675436973572,0.48967186510562893,0.49696722626686096,0.4924750328063965,0.9958588610217644,0.019017547369003296,cone_contrastive
1,0.3634379804134369,0.010356004349887371,screw,/Users/bytedance/Downloads/mvtec_anomaly_detection/screw/test/thread_top/001.png,0.9967098236083984,0.012512730434536934,0.05632733236998285,0.34418728947639465,0.1479019671678543,0.997770957853115,0.3530819760635495,cosine
1,0.7030564546585083,0.6869491338729858,screw,/Users/bytedance/Downloads/mvtec_anomaly_detection/screw/test/thread_top/001.png,0.717640221118927,0.6870474219322205,0.6970386177301406,0.7027493715286255,0.6995770931243896,0.9981669045488022,0.01610732078552246,cone_normal_only
1,0.4956585764884949,0.47795674204826355,screw,/Users/bytedance/Downloads/mvtec_anomaly_detection/screw/test/thread_top/001.png,0.5113654136657715,0.4780648648738861,0.4882945194840431,0.49521636962890625,0.4911595582962036,0.9982172263637351,0.017701834440231323,cone_contrastive
1,0.13030986487865448,0.005754958372563124,screw,/Users/bytedance/Downloads/mvtec_anomaly_detection/screw/test/thread_top/002.png,0.9903745651245117,0.006476783659309149,0.033756693638861135,0.14373363554477692,0.0730029046535492,0.9955648069088856,0.12455490650609136,cosine
1,0.69935142993927,0.6854620575904846,screw,/Users/bytedance/Downloads/mvtec_anomaly_detection/screw/test/thread_top/002.png,0.7159591317176819,0.6855425238609314,0.6955704689025879,0.6994066834449768,0.6975442171096802,0.9968520086847541,0.0138893723487854,cone_normal_only
1,0.49122098088264465,0.47656556963920593,screw,/Users/bytedance/Downloads/mvtec_anomaly_detection/screw/test/thread_top/002.png,0.5083903670310974,0.4766504466533661,0.4867671996355057,0.4911850094795227,0.48887529969215393,0.9973268754899872,0.01465541124343872,cone_contrastive
1,0.06854846328496933,0.0037418371066451073,screw,/Users/bytedance/Downloads/mvtec_anomaly_detection/screw/test/thread_top/003.png,0.9867886304855347,0.004025869071483612,0.022841478977352347,0.05706287920475006,0.03542887791991234,0.9910738731385768,0.06480662617832422,cosine
1,0.6971050500869751,0.6856548190116882,screw,/Users/bytedance/Downloads/mvtec_anomaly_detection/screw/test/thread_top/003.png,0.7146324515342712,0.6857050061225891,0.6951950699090957,0.6979275345802307,0.6967046856880188,0.9799220029021086,0.011450231075286865,cone_normal_only
1,0.48835644125938416,0.4765312671661377,screw,/Users/bytedance/Downloads/mvtec_anomaly_detection/screw/test/thread_top/003.png,0.5076678991317749,0.4765831530094147,0.4857545480132103,0.48837652802467346,0.4871368706226349,0.9895123438036182,0.01182517409324646,cone_contrastive
1,0.12752269208431244,0.0070178210735321045,screw,/Users/bytedance/Downloads/mvtec_anomaly_detection/screw/test/thread_top/004.png,0.995573878288269,0.00778803089633584,0.036376944743096794,0.21985164284706116,0.08663873374462128,0.9828950918799456,0.12050487101078033,cosine
1,0.6981270909309387,0.685954749584198,screw,/Users/bytedance/Downloads/mvtec_anomaly_detection/screw/test/thread_top/004.png,0.7172239422798157,0.6860325932502747,0.6958476811647415,0.6999335885047913,0.6976423859596252,0.9803168586810397,0.012172341346740723,cone_normal_only
1,0.49000367522239685,0.4770766794681549,screw,/Users/bytedance/Downloads/mvtec_anomaly_detection/screw/test/thread_top/004.png,0.5104725360870361,0.477159321308136,0.48696347177028654,0.49183958768844604,0.4889390170574188,0.9837612985119986,0.012926995754241943,cone_contrastive
1,0.27147626876831055,0.00838077999651432,screw,/Users/bytedance/Downloads/mvtec_anomaly_detection/screw/test/thread_top/005.png,0.9953082203865051,0.011035031639039516,0.04330502860248083,0.3480473458766937,0.14963729679584503,0.9928188012554258,0.2630954887717962,cosine
1,0.7006811499595642,0.6860471963882446,screw,/Users/bytedance/Downloads/mvtec_anomaly_detection/screw/test/thread_top/005.png,0.7177572250366211,0.686194658279419,0.6969217956066132,0.7018685340881348,0.6989167332649231,0.9925833825308428,0.01463395357131958,cone_normal_only
1,0.4929027557373047,0.47697705030441284,screw,/Users/bytedance/Downloads/mvtec_anomaly_detection/screw/test/thread_top/005.png,0.5102285742759705,0.4771377742290497,0.48767768442630766,0.49427807331085205,0.4902476370334625,0.9939580394606436,0.015925705432891846,cone_contrastive
1,0.4186188578605652,0.0071100881323218346,screw,/Users/bytedance/Downloads/mvtec_anomaly_detection/screw/test/thread_top/006.png,0.9935539960861206,0.010119061917066574,0.0345278488472104,0.43501368165016174,0.14196260273456573,0.9978116282256148,0.41150876972824335,cosine
1,0.7033616304397583,0.6858205795288086,screw,/Users/bytedance/Downloads/mvtec_anomaly_detection/screw/test/thread_top/006.png,0.7165210843086243,0.6859486699104309,0.6955221205949783,0.7033876776695251,0.698380172252655,0.9984853231896953,0.017541050910949707,cone_normal_only
1,0.4961259067058563,0.47684454917907715,screw,/Users/bytedance/Downloads/mvtec_anomaly_detection/screw/test/thread_top/006.png,0.5095563530921936,0.47698551416397095,0.4867630586028099,0.49614161252975464,0.489974707365036,0.9985193615050761,0.019281357526779175,cone_contrastive
1,0.13903504610061646,0.012576869688928127,screw,/Users/bytedance/Downloads/mvtec_anomaly_detection/screw/test/thread_top/007.png,0.9954193830490112,0.013404926285147667,0.06160809379070994,0.27654653787612915,0.12863782048225403,0.9668534502647428,0.12645817641168833,cosine
1,0.6982303857803345,0.687208890914917,screw,/Users/bytedance/Downloads/mvtec_anomaly_detection/screw/test/thread_top/007.png,0.7179952263832092,0.6872811317443848,0.6982918381690979,0.7013576626777649,0.6993526816368103,0.944040356426413,0.01102149486541748,cone_normal_only
1,0.4902142882347107,0.47824570536613464,screw,/Users/bytedance/Downloads/mvtec_anomaly_detection/screw/test/thread_top/007.png,0.5102820992469788,0.47832411527633667,0.4891603246331215,0.493411660194397,0.49060961604118347,0.9598248632421245,0.01196858286857605,cone_contrastive
1,0.12916605174541473,0.013777673244476318,screw,/Users/bytedance/Downloads/mvtec_anomaly_detection/screw/test/thread_top/008.png,0.995868980884552,0.014389612711966038,0.06507668681442731,0.26913759112358093,0.13531017303466797,0.9683813491024067,0.11538837850093842,cosine
1,0.6996769905090332,0.6874904036521912,screw,/Users/bytedance/Downloads/mvtec_anomaly_detection/screw/test/thread_top/008.png,0.717922568321228,0.6875549554824829,0.697606834769249,0.701200008392334,0.6990038752555847,0.9861064039202535,0.012186586856842041,cone_normal_only
1,0.49099200963974,0.4784485697746277,screw,/Users/bytedance/Downloads/mvtec_anomaly_detection/screw/test/thread_top/008.png,0.510522186756134,0.47851499915122986,0.48830159157514574,0.49323663115501404,0.490043580532074,0.9844611424730897,0.012543439865112305,cone_contrastive
1,0.34954580664634705,0.011048957705497742,screw,/Users/bytedance/Downloads/mvtec_anomaly_detection/screw/test/thread_top/009.png,0.9928227066993713,0.012358416803181171,0.06438625566661356,0.34951621294021606,0.1489369124174118,0.9971091597856464,0.3384968489408493,cosine
1,0.7031657099723816,0.6863705515861511,screw,/Users/bytedance/Downloads/mvtec_anomaly_detection/screw/test/thread_top/009.png,0.7163770794868469,0.6864355206489563,0.6976804286241531,0.7026833891868591,0.6997788548469543,0.9981940570193356,0.01679515838623047,cone_normal_only
1,0.4954962134361267,0.47740599513053894,screw,/Users/bytedance/Downloads/mvtec_anomaly_detection/screw/test/thread_top/009.png,0.5092275738716125,0.47747594118118286,0.48888998925685884,0.49488264322280884,0.49124667048454285,0.9981278325741645,0.01809021830558777,cone_contrastive
1,0.2427893728017807,0.01884094811975956,screw,/Users/bytedance/Downloads/mvtec_anomaly_detection/screw/test/thread_top/010.png,0.9972363710403442,0.019995227456092834,0.09373758845031259,0.3554438650608063,0.18714845180511475,0.9749183813485932,0.22394842468202114,cosine
1,0.7010965347290039,0.687803328037262,screw,/Users/bytedance/Downloads/mvtec_anomaly_detection/screw/test/thread_top/010.png,0.7181143164634705,0.6878718733787537,0.6980174094438553,0.7023898959159851,0.699610710144043,0.9863058422032281,0.013293206691741943,cone_normal_only
1,0.49290651082992554,0.47892510890960693,screw,/Users/bytedance/Downloads/mvtec_anomaly_detection/screw/test/thread_top/010.png,0.5117513537406921,0.478997141122818,0.48937865644693374,0.49458009004592896,0.49133047461509705,0.9834267013536505,0.013981401920318604,cone_contrastive
1,0.2381124645471573,0.010014791041612625,screw,/Users/bytedance/Downloads/mvtec_anomaly_detection/screw/test/thread_top/011.png,0.9940930008888245,0.01111309789121151,0.054733703099191136,0.2247847020626068,0.10738497227430344,0.9961258774009019,0.22809767350554466,cosine
1,0.7012377977371216,0.6869217753410339,screw,/Users/bytedance/Downloads/mvtec_anomaly_detection/screw/test/thread_top/011.png,0.7164639234542847,0.6869906783103943,0.6967657029628753,0.7008436322212219,0.6985981464385986,0.9967274318510266,0.014316022396087646,cone_normal_only
1,0.4934879541397095,0.4779614508152008,screw,/Users/bytedance/Downloads/mvtec_anomaly_detection/screw/test/thread_top/011.png,0.5097364187240601,0.47803613543510437,0.4881789430975914,0.4929512143135071,0.4901123046875,0.9975118588308012,0.015526503324508667,cone_contrastive
1,0.13653568923473358,0.007599303498864174,screw,/Users/bytedance/Downloads/mvtec_anomaly_detection/screw/test/thread_top/012.png,0.990849494934082,0.007753552868962288,0.04410062618553601,0.1699724942445755,0.08688309043645859,0.9929885008610415,0.1289363857358694,cosine
1,0.7000234723091125,0.6858628988265991,screw,/Users/bytedance/Downloads/mvtec_anomaly_detection/screw/test/thread_top/012.png,0.71504807472229,0.6858798265457153,0.6965956598520279,0.6999672651290894,0.6982880234718323,0.9958749531829182,0.014160573482513428,cone_normal_only
1,0.49181073904037476,0.47682660818099976,screw,/Users/bytedance/Downloads/mvtec_anomaly_detection/screw/test/thread_top/012.png,0.5086725950241089,0.47684451937675476,0.48768377900123594,0.49172887206077576,0.489597886800766,0.9958258476276182,0.014984130859375,cone_contrastive
1,0.4315616488456726,0.007643283810466528,screw,/Users/bytedance/Downloads/mvtec_anomaly_detection/screw/test/thread_top/013.png,0.9941946864128113,0.008853468112647533,0.03423295244574538,0.32921186089515686,0.11168663203716278,0.9966955604286926,0.4239183650352061,cosine
1,0.7032920122146606,0.686213493347168,screw,/Users/bytedance/Downloads/mvtec_anomaly_detection/screw/test/thread_top/013.png,0.7176907658576965,0.6862623691558838,0.6963365226984024,0.7016991972923279,0.6981463432312012,0.995499419007893,0.017078518867492676,cone_normal_only
1,0.49555152654647827,0.47710120677948,screw,/Users/bytedance/Downloads/mvtec_anomaly_detection/screw/test/thread_top/013.png,0.5096260905265808,0.4771539568901062,0.487056177854538,0.4936809241771698,0.48913365602493286,0.9958697323126952,0.01845031976699829,cone_contrastive
1,0.042772479355335236,0.005427806172519922,screw,/Users/bytedance/Downloads/mvtec_anomaly_detection/screw/test/thread_top/014.png,0.9946216344833374,0.0056033083237707615,0.029565417580306494,0.05238012596964836,0.040241628885269165,0.9818656634978326,0.03734467318281531,cosine
1,0.6967831254005432,0.6864490509033203,screw,/Users/bytedance/Downloads/mvtec_anomaly_detection/screw/test/thread_top/014.png,0.7168184518814087,0.6864975094795227,0.6958979278802871,0.6982200741767883,0.6970942616462708,0.9707420358981551,0.0103340744972229,cone_normal_only
1,0.4878699779510498,0.4774848520755768,screw,/Users/bytedance/Downloads/mvtec_anomaly_detection/screw/test/thread_top/014.png,0.5099219679832458,0.47753363847732544,0.4867819920182228,0.48883864283561707,0.4878249168395996,0.9781640342948302,0.010385125875473022,cone_contrastive
1,0.05343277007341385,0.0117314662784338,screw,/Users/bytedance/Downloads/mvtec_anomaly_detection/screw/test/thread_top/015.png,0.9922533631324768,0.011880820617079735,0.058401631377637375,0.1399490386247635,0.086482472717762,0.9361811578776107,0.04170130379498005,cosine
1,0.6975987553596497,0.6877734065055847,screw,/Users/bytedance/Downloads/mvtec_anomaly_detection/screw/test/thread_top/015.png,0.7159669399261475,0.6878085136413574,0.6972244203090667,0.6993798017501831,0.6983854174613953,0.9593181341382564,0.009825348854064941,cone_normal_only
1,0.48866501450538635,0.47871506214141846,screw,/Users/bytedance/Downloads/mvtec_anomaly_detection/screw/test/thread_top/015.png,0.5090903043746948,0.4787507653236389,0.48823992162942886,0.49046728014945984,0.4893058240413666,0.9622919115259446,0.009949952363967896,cone_contrastive
1,0.49892234802246094,0.013058245182037354,screw,/Users/bytedance/Downloads/mvtec_anomaly_detection/screw/test/thread_top/016.png,0.9957797527313232,0.014948654919862747,0.0687632594257592,0.5102431178092957,0.21150748431682587,0.9958726609831869,0.4858641028404236,cosine
1,0.7048726677894592,0.6860918998718262,screw,/Users/bytedance/Downloads/mvtec_anomaly_detection/screw/test/thread_top/016.png,0.7173408269882202,0.6861649751663208,0.6976285815238953,0.7050096988677979,0.7003735303878784,0.9961873807340816,0.018780767917633057,cone_normal_only
1,0.4979076087474823,0.47706660628318787,screw,/Users/bytedance/Downloads/mvtec_anomaly_detection/screw/test/thread_top/016.png,0.5106356739997864,0.4771477282047272,0.48900115489959717,0.49813228845596313,0.4922793507575989,0.9961108380322958,0.020841002464294434,cone_contrastive
1,0.13728304207324982,0.007995866239070892,screw,/Users/bytedance/Downloads/mvtec_anomaly_detection/screw/test/thread_top/017.png,0.9931291937828064,0.008137526921927929,0.03672446738928556,0.24903830885887146,0.09970477968454361,0.9903301894574194,0.12928717583417892,cosine
1,0.6992903351783752,0.6857966780662537,screw,/Users/bytedance/Downloads/mvtec_anomaly_detection/screw/test/thread_top/017.png,0.7166688442230225,0.6858115196228027,0.6958779752254486,0.7000229954719543,0.6976509690284729,0.9941875541396651,0.013493657112121582,cone_normal_only
1,0.49121975898742676,0.4769200384616852,screw,/Users/bytedance/Downloads/mvtec_anomaly_detection/screw/test/thread_top/017.png,0.5093101263046265,0.4769357740879059,0.4869619905948639,0.4919831156730652,0.4889587163925171,0.9945551645274757,0.014299720525741577,cone_contrastive
1,0.07447408139705658,0.009108937345445156,screw,/Users/bytedance/Downloads/mvtec_anomaly_detection/screw/test/thread_top/018.png,0.9906011819839478,0.009457780979573727,0.05085479021072385,0.17972441017627716,0.09304340928792953,0.9688714777458578,0.06536514405161142,cosine
1,0.6978695392608643,0.6864590644836426,screw,/Users/bytedance/Downloads/mvtec_anomaly_detection/screw/test/thread_top/018.png,0.7157848477363586,0.6865198612213135,0.697555524110794,0.6999953985214233,0.6985304355621338,0.961016240421397,0.01141047477722168,cone_normal_only
1,0.4893375039100647,0.4774743318557739,screw,/Users/bytedance/Downloads/mvtec_anomaly_detection/screw/test/thread_top/018.png,0.5085440278053284,0.4775376319885254,0.4885069727897644,0.49159079790115356,0.48960229754447937,0.9732044740106621,0.011863172054290771,cone_contrastive
1,0.37378543615341187,0.0063948859460651875,screw,/Users/bytedance/Downloads/mvtec_anomaly_detection/screw/test/thread_top/019.png,0.9918459057807922,0.009127818048000336,0.03700045999139547,0.3833337128162384,0.12337161600589752,0.9968177301856724,0.3673905502073467,cosine
1,0.7026941776275635,0.68587726354599,screw,/Users/bytedance/Downloads/mvtec_anomaly_detection/screw/test/thread_top/019.png,0.7169791460037231,0.6860023140907288,0.6967820435762405,0.702994704246521,0.6988146305084229,0.995163549591749,0.016816914081573486,cone_normal_only
1,0.49494099617004395,0.4768194258213043,screw,/Users/bytedance/Downloads/mvtec_anomaly_detection/screw/test/thread_top/019.png,0.5087257623672485,0.47695422172546387,0.4873773232102394,0.4952695667743683,0.4898168444633484,0.9953219449547619,0.018121570348739624,cone_contrastive
1,0.6139266490936279,0.011875743046402931,screw,/Users/bytedance/Downloads/mvtec_anomaly_detection/screw/test/thread_top/020.png,0.9972906708717346,0.01575293578207493,0.05709616690874099,0.5940858721733093,0.2181503176689148,0.9985422308786829,0.602050906047225,cosine
1,0.7065706849098206,0.6864086985588074,screw,/Users/bytedance/Downloads/mvtec_anomaly_detection/screw/test/thread_top/020.png,0.7183412909507751,0.6865385174751282,0.6973053127527237,0.7061403393745422,0.7002840638160706,0.9988326930508112,0.020161986351013184,cone_normal_only
1,0.49982020258903503,0.4774235785007477,screw,/Users/bytedance/Downloads/mvtec_anomaly_detection/screw/test/thread_top/020.png,0.5118417739868164,0.4775678515434265,0.488472706079483,0.4993736743927002,0.4920569062232971,0.9986759327593341,0.022396624088287354,cone_contrastive
1,0.13045552372932434,0.005207916256040335,screw,/Users/bytedance/Downloads/mvtec_anomaly_detection/screw/test/thread_top/021.png,0.9881539940834045,0.005845534615218639,0.03126492798328398,0.13913968205451965,0.06347965449094772,0.9967077777557302,0.125247607473284,cosine
1,0.6996596455574036,0.685799241065979,screw,/Users/bytedance/Downloads/mvtec_anomaly_detection/screw/test/thread_top/021.png,0.7155002355575562,0.6858698725700378,0.6959872841835022,0.6998119354248047,0.6977255344390869,0.9963740574257177,0.01386040449142456,cone_normal_only
1,0.49115225672721863,0.4767210781574249,screw,/Users/bytedance/Downloads/mvtec_anomaly_detection/screw/test/thread_top/021.png,0.507906973361969,0.4767945110797882,0.48671659231185915,0.4911311864852905,0.488547146320343,0.9972176722881935,0.014431178569793701,cone_contrastive
1,0.7739980220794678,0.013197422958910465,screw,/Users/bytedance/Downloads/mvtec_anomaly_detection/screw/test/thread_top/022.png,0.995602011680603,0.016100849956274033,0.046585943736135914,0.665234386920929,0.2306090146303177,0.999236728541199,0.7608005991205573,cosine
1,0.708397388458252,0.6866838335990906,screw,/Users/bytedance/Downloads/mvtec_anomaly_detection/screw/test/thread_top/022.png,0.7172168493270874,0.6867668032646179,0.6976433902978897,0.7069430947303772,0.7004669904708862,0.9990529042596099,0.021713554859161377,cone_normal_only
1,0.5022775530815125,0.47765734791755676,screw,/Users/bytedance/Downloads/mvtec_anomaly_detection/screw/test/thread_top/022.png,0.5105757117271423,0.47775134444236755,0.4883077949285507,0.5003775358200073,0.49200713634490967,0.9991141394412878,0.02462020516395569,cone_contrastive
1,0.025410005822777748,0.004863231908529997,screw,/Users/bytedance/Downloads/mvtec_anomaly_detection/screw/test/scratch_neck/000.png,0.991415798664093,0.004918442573398352,0.028469840344041573,0.08164945989847183,0.04382248595356941,0.9364188275816677,0.02054677391424775,cosine
1,0.6951147317886353,0.6854102611541748,screw,/Users/bytedance/Downloads/mvtec_anomaly_detection/screw/test/scratch_neck/000.png,0.7161625623703003,0.6854362487792969,0.695713222026825,0.697837233543396,0.6967847943305969,0.9326742857636271,0.00970447063446045,cone_normal_only
1,0.4862656593322754,0.4764007329940796,screw,/Users/bytedance/Downloads/mvtec_anomaly_detection/screw/test/scratch_neck/000.png,0.5086314678192139,0.4764271676540375,0.4865333169698715,0.4886586666107178,0.4874991476535797,0.9415853373331101,0.0098649263381958,cone_contrastive
1,0.02569294348359108,0.005570124834775925,screw,/Users/bytedance/Downloads/mvtec_anomaly_detection/screw/test/scratch_neck/001.png,0.9922393560409546,0.005712763871997595,0.03484756685793395,0.06453017145395279,0.04733416438102722,0.9202168137136484,0.020122818648815155,cosine
1,0.6947810053825378,0.6860518455505371,screw,/Users/bytedance/Downloads/mvtec_anomaly_detection/screw/test/scratch_neck/001.png,0.7164351344108582,0.686113715171814,0.6963248759508133,0.6987491250038147,0.6975285410881042,0.9140919334893551,0.008729159832000732,cone_normal_only
1,0.4859624207019806,0.4770021140575409,screw,/Users/bytedance/Downloads/mvtec_anomaly_detection/screw/test/scratch_neck/001.png,0.5089068412780762,0.4770655930042267,0.48726439028978347,0.4895167946815491,0.4883197546005249,0.9220156822354542,0.008960306644439697,cone_contrastive
1,0.03818916901946068,0.010621235705912113,screw,/Users/bytedance/Downloads/mvtec_anomaly_detection/screw/test/scratch_neck/002.png,0.9931354522705078,0.010698392055928707,0.04936230070888994,0.12884534895420074,0.07728499174118042,0.900200807850523,0.027567933313548565,cosine
1,0.6955934762954712,0.687444269657135,screw,/Users/bytedance/Downloads/mvtec_anomaly_detection/screw/test/scratch_neck/002.png,0.716366708278656,0.6874671578407288,0.6968131572008133,0.6987035274505615,0.6977821588516235,0.9198473547219139,0.008149206638336182,cone_normal_only
1,0.48699691891670227,0.4784512519836426,screw,/Users/bytedance/Downloads/mvtec_anomaly_detection/screw/test/scratch_neck/002.png,0.5093227624893188,0.4784751236438751,0.48769238144159316,0.489914208650589,0.48867636919021606,0.9329762880195225,0.008545666933059692,cone_contrastive
1,0.07721703499555588,0.0066018132492899895,screw,/Users/bytedance/Downloads/mvtec_anomaly_detection/screw/test/scratch_neck/003.png,0.9921063184738159,0.0067762951366603374,0.036712731979787326,0.09204494208097458,0.052374862134456635,0.9935372174443458,0.07061522174626589,cosine
1,0.6977080702781677,0.6864275336265564,screw,/Users/bytedance/Downloads/mvtec_anomaly_detection/screw/test/scratch_neck/003.png,0.7167659997940063,0.6864553689956665,0.6966385751962662,0.6982682943344116,0.6974074244499207,0.9812503595543908,0.011280536651611328,cone_normal_only
1,0.4896537661552429,0.4773608446121216,screw,/Users/bytedance/Downloads/mvtec_anomaly_detection/screw/test/scratch_neck/003.png,0.5088195204734802,0.47739115357398987,0.4874772384762764,0.48941487073898315,0.4882400631904602,0.9931348828079922,0.012292921543121338,cone_contrastive
1,0.11351902037858963,0.006100945640355349,screw,/Users/bytedance/Downloads/mvtec_anomaly_detection/screw/test/scratch_neck/004.png,0.9908769726753235,0.006494069937616587,0.03466813210397956,0.11884257942438126,0.06059052050113678,0.9963096728918942,0.10741807473823428,cosine
1,0.6987003087997437,0.6858760714530945,screw,/Users/bytedance/Downloads/mvtec_anomaly_detection/screw/test/scratch_neck/004.png,0.7159572839736938,0.6859229207038879,0.6961973816156387,0.6986998319625854,0.6973603367805481,0.9932983181142637,0.01282423734664917,cone_normal_only
1,0.4905858039855957,0.4769027829170227,screw,/Users/bytedance/Downloads/mvtec_anomaly_detection/screw/test/scratch_neck/004.png,0.5085366368293762,0.4769529104232788,0.4872283637523651,0.4901117980480194,0.48841431736946106,0.9974146120316897,0.013683021068572998,cone_contrastive
1,0.03281761333346367,0.00795648992061615,screw,/Users/bytedance/Downloads/mvtec_anomaly_detection/screw/test/scratch_neck/005.png,0.9916352033615112,0.008007079362869263,0.042143862135708324,0.079733707010746,0.056296855211257935,0.9168855108149971,0.02486112341284752,cosine
1,0.6958200335502625,0.6865214109420776,screw,/Users/bytedance/Downloads/mvtec_anomaly_detection/screw/test/scratch_neck/005.png,0.716237485408783,0.6865403652191162,0.6962001979351043,0.6983609199523926,0.6973939538002014,0.9396201392509902,0.009298622608184814,cone_normal_only
1,0.4870860278606415,0.47753748297691345,screw,/Users/bytedance/Downloads/mvtec_anomaly_detection/screw/test/scratch_neck/005.png,0.5087419748306274,0.47755691409111023,0.4871423542499542,0.4892314374446869,0.4882751405239105,0.9479343941267624,0.009548544883728027,cone_contrastive
1,0.15531711280345917,0.00664394348859787,screw,/Users/bytedance/Downloads/mvtec_anomaly_detection/screw/test/scratch_neck/006.png,0.9921289682388306,0.007307179272174835,0.034769518300890895,0.183174267411232,0.0759262889623642,0.9792757407913061,0.1486731693148613,cosine
1,0.6982172727584839,0.6860957741737366,screw,/Users/bytedance/Downloads/mvtec_anomaly_detection/screw/test/scratch_neck/006.png,0.7163369655609131,0.6861498951911926,0.695892459154129,0.6991521120071411,0.697300374507904,0.9761981618579297,0.012121498584747314,cone_normal_only
1,0.49036461114883423,0.47705215215682983,screw,/Users/bytedance/Downloads/mvtec_anomaly_detection/screw/test/scratch_neck/006.png,0.508985161781311,0.47711145877838135,0.48699150532484053,0.4910716116428375,0.4885288178920746,0.9826816142218455,0.013312458992004395,cone_contrastive
1,0.11644094437360764,0.015179642476141453,screw,/Users/bytedance/Downloads/mvtec_anomaly_detection/screw/test/scratch_neck/007.png,0.9959979057312012,0.015476644970476627,0.0887230552732944,0.20721353590488434,0.13395950198173523,0.9690316178475931,0.10126130189746618,cosine
1,0.6990905404090881,0.6874608397483826,screw,/Users/bytedance/Downloads/mvtec_anomaly_detection/screw/test/scratch_neck/007.png,0.7176897525787354,0.6874948143959045,0.6989455133676529,0.7012501955032349,0.7000250816345215,0.9555181952792299,0.011629700660705566,cone_normal_only
1,0.4908876121044159,0.47849008440971375,screw,/Users/bytedance/Downloads/mvtec_anomaly_detection/screw/test/scratch_neck/007.png,0.510741651058197,0.47852638363838196,0.49026649743318557,0.492878258228302,0.49142658710479736,0.9659269872439215,0.012397527694702148,cone_contrastive
1,0.7826622724533081,0.011799349449574947,screw,/Users/bytedance/Downloads/mvtec_anomaly_detection/screw/test/scratch_neck/008.png,0.9951109290122986,0.015177857130765915,0.05389409214258194,0.5920248627662659,0.18147140741348267,0.9996557807545136,0.7708629230037332,cosine
1,0.7093343138694763,0.6867218613624573,screw,/Users/bytedance/Downloads/mvtec_anomaly_detection/screw/test/scratch_neck/008.png,0.7174473404884338,0.6868211030960083,0.6972829431295395,0.7062998414039612,0.699852466583252,0.9996612125954488,0.022612452507019043,cone_normal_only
1,0.5031630396842957,0.47777196764945984,screw,/Users/bytedance/Downloads/mvtec_anomaly_detection/screw/test/scratch_neck/008.png,0.5101067423820496,0.4778832197189331,0.48834344148635866,0.49949580430984497,0.4914162755012512,0.9996522841959039,0.025391072034835815,cone_contrastive
1,0.705398440361023,0.007850018329918385,screw,/Users/bytedance/Downloads/mvtec_anomaly_detection/screw/test/scratch_neck/009.png,0.9941152334213257,0.009581384249031544,0.03684191014617681,0.375441312789917,0.11335431039333344,0.9998217269193664,0.6975484220311046,cosine
1,0.7070540189743042,0.6862234473228455,screw,/Users/bytedance/Downloads/mvtec_anomaly_detection/screw/test/scratch_neck/009.png,0.7169716358184814,0.6862752437591553,0.6958603680133819,0.7018502354621887,0.6980012655258179,0.9998666752518683,0.02083057165145874,cone_normal_only
1,0.5007219314575195,0.477302610874176,screw,/Users/bytedance/Downloads/mvtec_anomaly_detection/screw/test/scratch_neck/009.png,0.5096731185913086,0.4773607552051544,0.48681365698575974,0.4941798448562622,0.4891785681247711,0.999881998355797,0.023419320583343506,cone_contrastive
1,0.07095889002084732,0.0063103847205638885,screw,/Users/bytedance/Downloads/mvtec_anomaly_detection/screw/test/scratch_neck/010.png,0.9810371398925781,0.006591796875,0.029279873147606845,0.09362635016441345,0.04768156260251999,0.9468993697720505,0.06464850530028343,cosine
1,0.6954011917114258,0.6865746974945068,screw,/Users/bytedance/Downloads/mvtec_anomaly_detection/screw/test/scratch_neck/010.png,0.7148176431655884,0.686613142490387,0.6955682545900345,0.6978325247764587,0.6966137886047363,0.9356790915809899,0.008826494216918945,cone_normal_only
1,0.4868081510066986,0.47750017046928406,screw,/Users/bytedance/Downloads/mvtec_anomaly_detection/screw/test/scratch_neck/010.png,0.5065451860427856,0.4775407016277313,0.48629799038171767,0.4888453185558319,0.4873507618904114,0.9442587973072836,0.00930798053741455,cone_contrastive
1,0.09605950117111206,0.009033015929162502,screw,/Users/bytedance/Downloads/mvtec_anomaly_detection/screw/test/scratch_neck/011.png,0.9951153993606567,0.009168913587927818,0.04158550780266522,0.10437042266130447,0.05892093479633331,0.9947322811816731,0.08702648524194956,cosine
1,0.6982037425041199,0.6875161528587341,screw,/Users/bytedance/Downloads/mvtec_anomaly_detection/screw/test/scratch_neck/011.png,0.7167260050773621,0.6875328421592712,0.6971018821001053,0.6987377405166626,0.6978760361671448,0.9798155884613214,0.010687589645385742,cone_normal_only
1,0.4902651011943817,0.4785115718841553,screw,/Users/bytedance/Downloads/mvtec_anomaly_detection/screw/test/scratch_neck/011.png,0.510228157043457,0.4785299599170685,0.48789849877357483,0.48983410000801086,0.4886583685874939,0.9971011390913114,0.01175352931022644,cone_contrastive
1,0.0649230033159256,0.005712400656193495,screw,/Users/bytedance/Downloads/mvtec_anomaly_detection/screw/test/scratch_neck/012.png,0.9918538331985474,0.005914752371609211,0.03429656568914651,0.10573460161685944,0.055880315601825714,0.9775217930718207,0.0592106026597321,cosine
1,0.6963834166526794,0.6859086155891418,screw,/Users/bytedance/Downloads/mvtec_anomaly_detection/screw/test/scratch_neck/012.png,0.7163008451461792,0.6859443187713623,0.6960141718387604,0.6987404227256775,0.6973097324371338,0.9558532440016784,0.010474801063537598,cone_normal_only
1,0.4882369339466095,0.47688692808151245,screw,/Users/bytedance/Downloads/mvtec_anomaly_detection/screw/test/scratch_neck/012.png,0.5087897777557373,0.4769257605075836,0.486984945833683,0.49007368087768555,0.4883075952529907,0.9702341036276011,0.011350005865097046,cone_contrastive
1,0.33331069350242615,0.014965826645493507,screw,/Users/bytedance/Downloads/mvtec_anomaly_detection/screw/test/scratch_neck/013.png,0.9965062141418457,0.015942253172397614,0.06832209937274449,0.42259377241134644,0.1875152438879013,0.9907500964679966,0.31834486685693264,cosine
1,0.7022234797477722,0.6868215203285217,screw,/Users/bytedance/Downloads/mvtec_anomaly_detection/screw/test/scratch_neck/013.png,0.7177013158798218,0.6868688464164734,0.6977336466312408,0.7024192214012146,0.6993032097816467,0.9943699055589544,0.015401959419250488,cone_normal_only
1,0.49502092599868774,0.477986603975296,screw,/Users/bytedance/Downloads/mvtec_anomaly_detection/screw/test/scratch_neck/013.png,0.5111096501350403,0.4780389070510864,0.4891286864876747,0.49518701434135437,0.49112045764923096,0.9949061659178318,0.017034322023391724,cone_contrastive
1,0.04574388638138771,0.006731351371854544,screw,/Users/bytedance/Downloads/mvtec_anomaly_detection/screw/test/scratch_neck/014.png,0.993955671787262,0.006841995753347874,0.0364105986431241,0.16833928227424622,0.07003949582576752,0.9562921511803012,0.03901253500953317,cosine
1,0.6955858469009399,0.6861509084701538,screw,/Users/bytedance/Downloads/mvtec_anomaly_detection/screw/test/scratch_neck/014.png,0.7169458270072937,0.6861776113510132,0.6962361842393875,0.699076235294342,0.6974501013755798,0.9390018418200234,0.009434938430786133,cone_normal_only
1,0.48743799328804016,0.4772033095359802,screw,/Users/bytedance/Downloads/mvtec_anomaly_detection/screw/test/scratch_neck/014.png,0.5096221566200256,0.47723227739334106,0.4873152032494545,0.49072128534317017,0.4886285662651062,0.953958195106056,0.010234683752059937,cone_contrastive
1,0.6860558390617371,0.011775343678891659,screw,/Users/bytedance/Downloads/mvtec_anomaly_detection/screw/test/scratch_neck/015.png,0.9964993000030518,0.013732917606830597,0.060028923116624305,0.42785850167274475,0.15432696044445038,0.9998397879679568,0.6742804953828454,cosine
1,0.7064477205276489,0.6869634985923767,screw,/Users/bytedance/Downloads/mvtec_anomaly_detection/screw/test/scratch_neck/015.png,0.7175494432449341,0.6870201230049133,0.6977285653352737,0.7029791474342346,0.699640691280365,0.9997727638633895,0.019484221935272217,cone_normal_only
1,0.5000399351119995,0.4780194163322449,screw,/Users/bytedance/Downloads/mvtec_anomaly_detection/screw/test/scratch_neck/015.png,0.5111812353134155,0.4780833423137665,0.4888860106468201,0.49547141790390015,0.49106836318969727,0.9997968045446076,0.02202051877975464,cone_contrastive
1,0.2317868322134018,0.012406900525093079,screw,/Users/bytedance/Downloads/mvtec_anomaly_detection/screw/test/scratch_neck/016.png,0.9957003593444824,0.013229397125542164,0.08184820562601082,0.20397697389125824,0.12247876077890396,0.9976614363453051,0.21937993168830872,cosine
1,0.7012838125228882,0.6870556473731995,screw,/Users/bytedance/Downloads/mvtec_anomaly_detection/screw/test/scratch_neck/016.png,0.7176485061645508,0.6871089339256287,0.6987649619579315,0.7011560201644897,0.699822187423706,0.9934643554589089,0.01422816514968872,cone_normal_only
1,0.4936119019985199,0.4781103730201721,screw,/Users/bytedance/Downloads/mvtec_anomaly_detection/screw/test/scratch_neck/016.png,0.5104708075523376,0.4781684875488281,0.490018817782402,0.4929840862751007,0.49122855067253113,0.9973404007679434,0.015501528978347778,cone_contrastive
1,0.04139082133769989,0.007593276910483837,screw,/Users/bytedance/Downloads/mvtec_anomaly_detection/screw/test/scratch_neck/017.png,0.9914419054985046,0.007715835236012936,0.04048258867114773,0.07224062085151672,0.05128923058509827,0.9563599204394754,0.03379754442721605,cosine
1,0.6967103481292725,0.6871786713600159,screw,/Users/bytedance/Downloads/mvtec_anomaly_detection/screw/test/scratch_neck/017.png,0.7160260677337646,0.6872131824493408,0.6968952417373657,0.6984849572181702,0.6976488828659058,0.9489213042384554,0.009531676769256592,cone_normal_only
1,0.48795589804649353,0.4781588613986969,screw,/Users/bytedance/Downloads/mvtec_anomaly_detection/screw/test/scratch_neck/017.png,0.5087588429450989,0.4781944751739502,0.48780199736356733,0.48930832743644714,0.488525390625,0.9599802751307648,0.00979703664779663,cone_contrastive
1,0.11171501874923706,0.008614877238869667,screw,/Users/bytedance/Downloads/mvtec_anomaly_detection/screw/test/scratch_neck/018.png,0.9942201375961304,0.008936868980526924,0.05272763669490811,0.19724220037460327,0.0933835506439209,0.9916258905491399,0.1031001415103674,cosine
1,0.698608934879303,0.6858832240104675,screw,/Users/bytedance/Downloads/mvtec_anomaly_detection/screw/test/scratch_neck/018.png,0.7173284292221069,0.6859228610992432,0.6973814100027085,0.6999159455299377,0.6985772252082825,0.9795439163528055,0.01272571086883545,cone_normal_only
1,0.490624338388443,0.4769372045993805,screw,/Users/bytedance/Downloads/mvtec_anomaly_detection/screw/test/scratch_neck/018.png,0.5096977353096008,0.47697991132736206,0.4885659158229828,0.4915344715118408,0.4898194670677185,0.9922632357070966,0.0136871337890625,cone_contrastive
1,0.6887719035148621,0.008845726028084755,screw,/Users/bytedance/Downloads/mvtec_anomaly_detection/screw/test/scratch_neck/019.png,0.9933818578720093,0.011498795822262764,0.03449429087340831,0.5148348212242126,0.16158291697502136,0.9995905252941156,0.6799261774867773,cosine
1,0.7069876790046692,0.6859986782073975,screw,/Users/bytedance/Downloads/mvtec_anomaly_detection/screw/test/scratch_neck/019.png,0.7165495157241821,0.6860804557800293,0.6961990326642991,0.7043091058731079,0.6986859440803528,0.9995656181170361,0.02098900079727173,cone_normal_only
1,0.5006674528121948,0.47709324955940247,screw,/Users/bytedance/Downloads/mvtec_anomaly_detection/screw/test/scratch_neck/019.png,0.5093525052070618,0.4771851897239685,0.48699150532484053,0.4973039925098419,0.4901016354560852,0.9996031236087202,0.02357420325279236,cone_contrastive
1,0.03254125267267227,0.0038381845224648714,screw,/Users/bytedance/Downloads/mvtec_anomaly_detection/screw/test/scratch_neck/020.png,0.9839432239532471,0.004039396997541189,0.02334834737703203,0.0652289167046547,0.03606084734201431,0.9435786873895984,0.0287030681502074,cosine
1,0.6937851905822754,0.685423731803894,screw,/Users/bytedance/Downloads/mvtec_anomaly_detection/screw/test/scratch_neck/020.png,0.7149169445037842,0.6854823231697083,0.6953078418970108,0.6974011063575745,0.6963580846786499,0.9165223784798782,0.008361458778381348,cone_normal_only
1,0.4850519895553589,0.47630736231803894,screw,/Users/bytedance/Downloads/mvtec_anomaly_detection/screw/test/scratch_neck/020.png,0.5070234537124634,0.4763685166835785,0.4858817711472511,0.48806896805763245,0.48691365122795105,0.9296665840036329,0.008744627237319946,cone_contrastive
1,0.5683751106262207,0.0091147031635046,screw,/Users/bytedance/Downloads/mvtec_anomaly_detection/screw/test/scratch_neck/021.png,0.9926539659500122,0.010548682883381844,0.05431377030909059,0.33451202511787415,0.12926232814788818,0.9998932894191243,0.5592604074627161,cosine
1,0.705026388168335,0.6860693097114563,screw,/Users/bytedance/Downloads/mvtec_anomaly_detection/screw/test/scratch_neck/021.png,0.7165474891662598,0.6861180067062378,0.6973052442073822,0.7018690705299377,0.6989718675613403,0.999916902712709,0.018957078456878662,cone_normal_only
1,0.4982207119464874,0.47707054018974304,screw,/Users/bytedance/Downloads/mvtec_anomaly_detection/screw/test/scratch_neck/021.png,0.5090664029121399,0.47712472081184387,0.4885104581713676,0.49414190649986267,0.4904063940048218,0.9999211116139345,0.021150171756744385,cone_contrastive
1,0.04881763085722923,0.005351256113499403,screw,/Users/bytedance/Downloads/mvtec_anomaly_detection/screw/test/scratch_neck/022.png,0.991025447845459,0.005394183564931154,0.032446095161139936,0.05980799347162247,0.04515944793820381,0.9836259927851705,0.04346637474372983,cosine
1,0.6968542337417603,0.6858833432197571,screw,/Users/bytedance/Downloads/mvtec_anomaly_detection/screw/test/scratch_neck/022.png,0.7156338095664978,0.6858941912651062,0.6963225603103638,0.6984318494796753,0.6973788738250732,0.9663274214413653,0.010970890522003174,cone_normal_only
1,0.48848727345466614,0.4767460525035858,screw,/Users/bytedance/Downloads/mvtec_anomaly_detection/screw/test/scratch_neck/022.png,0.5086433291435242,0.47675764560699463,0.48698060810565946,0.4891101121902466,0.4880591928958893,0.9848833476324946,0.011741220951080322,cone_contrastive
1,0.04720205441117287,0.0031341323629021645,screw,/Users/bytedance/Downloads/mvtec_anomaly_detection/screw/test/scratch_neck/023.png,0.9781674742698669,0.0032067238353192806,0.017398199997842295,0.03706027567386627,0.023715097457170486,0.9956759005222837,0.0440679220482707,cosine
1,0.6959142684936523,0.685450553894043,screw,/Users/bytedance/Downloads/mvtec_anomaly_detection/screw/test/scratch_neck/023.png,0.7144243121147156,0.6854677796363831,0.6947218775749207,0.6963139772415161,0.695477306842804,0.9819393701440976,0.010463714599609375,cone_normal_only
1,0.48732540011405945,0.4763699173927307,screw,/Users/bytedance/Downloads/mvtec_anomaly_detection/screw/test/scratch_neck/023.png,0.5062512159347534,0.4763879179954529,0.4852402925491333,0.4869089424610138,0.48596417903900146,0.9933996104045406,0.010955482721328735,cone_contrastive
1,0.16402114927768707,0.007216387428343296,screw,/Users/bytedance/Downloads/mvtec_anomaly_detection/screw/test/scratch_neck/024.png,0.9948965907096863,0.007702012546360493,0.031130015477538103,0.262681245803833,0.0901314988732338,0.984522205947893,0.15680476184934378,cosine
1,0.6980346441268921,0.6862805485725403,screw,/Users/bytedance/Downloads/mvtec_anomaly_detection/screw/test/scratch_neck/024.png,0.7166363000869751,0.6863169074058533,0.6958214551210403,0.6997919678688049,0.6973607540130615,0.9747510088132451,0.011754095554351807,cone_normal_only
1,0.49002891778945923,0.4773256778717041,screw,/Users/bytedance/Downloads/mvtec_anomaly_detection/screw/test/scratch_neck/024.png,0.5100847482681274,0.47736507654190063,0.48669846951961515,0.49162015318870544,0.48840299248695374,0.9823952229293016,0.012703239917755127,cone_contrastive
1,0.15621913969516754,0.006699239369481802,screw,/Users/bytedance/Downloads/mvtec_anomaly_detection/screw/test/manipulated_front/000.png,0.9898526072502136,0.007248116657137871,0.028257116209715605,0.19007660448551178,0.07168548554182053,0.7864023686878442,0.14951990032568574,cosine
1,0.6923744082450867,0.6870684623718262,screw,/Users/bytedance/Downloads/mvtec_anomaly_detection/screw/test/manipulated_front/000.png,0.7156040668487549,0.6870879530906677,0.6962122321128845,0.6990051865577698,0.6973092555999756,0.7034755241368005,0.005305945873260498,cone_normal_only
1,0.4840996265411377,0.4779592752456665,screw,/Users/bytedance/Downloads/mvtec_anomaly_detection/screw/test/manipulated_front/000.png,0.5082981586456299,0.4779818058013916,0.4866442933678627,0.49090805649757385,0.48805859684944153,0.7142026560205135,0.006140351295471191,cone_contrastive
1,0.2847939729690552,0.008422685787081718,screw,/Users/bytedance/Downloads/mvtec_anomaly_detection/screw/test/manipulated_front/001.png,0.991141676902771,0.009173549711704254,0.023938225582241988,0.34188753366470337,0.108488067984581,0.9878551906402174,0.27637128718197346,cosine
1,0.6990283727645874,0.686851441860199,screw,/Users/bytedance/Downloads/mvtec_anomaly_detection/screw/test/manipulated_front/001.png,0.7162851095199585,0.6868845224380493,0.6955291628837585,0.7007753252983093,0.6969483494758606,0.9614312427946631,0.012176930904388428,cone_normal_only
1,0.4913839101791382,0.477860689163208,screw,/Users/bytedance/Downloads/mvtec_anomaly_detection/screw/test/manipulated_front/001.png,0.5086426138877869,0.47789743542671204,0.48611250072717666,0.4930647015571594,0.48802241683006287,0.9669955525967202,0.013523221015930176,cone_contrastive
1,0.2888219356536865,0.0067968713119626045,screw,/Users/bytedance/Downloads/mvtec_anomaly_detection/screw/test/manipulated_front/002.png,0.988792359828949,0.007468499708920717,0.022094354219734644,0.28996071219444275,0.08344459533691406,0.9555199462334899,0.2820250643417239,cosine
1,0.6965134143829346,0.6867664456367493,screw,/Users/bytedance/Downloads/mvtec_anomaly_detection/screw/test/manipulated_front/002.png,0.7166087031364441,0.6867896914482117,0.6953487306833267,0.6997778415679932,0.6968526244163513,0.9120300081762301,0.009746968746185303,cone_normal_only
1,0.48862025141716003,0.47761157155036926,screw,/Users/bytedance/Downloads/mvtec_anomaly_detection/screw/test/manipulated_front/002.png,0.5078583359718323,0.47763776779174805,0.4857544258236885,0.4918065369129181,0.4874555170536041,0.9188298365195374,0.011008679866790771,cone_contrastive
1,0.30059918761253357,0.006430784240365028,screw,/Users/bytedance/Downloads/mvtec_anomaly_detection/screw/test/manipulated_front/003.png,0.9927853345870972,0.007786930073052645,0.03223388325423002,0.2940320670604706,0.09455595910549164,0.992158166066647,0.29416840337216854,cosine
1,0.6998671293258667,0.6852323412895203,screw,/Users/bytedance/Downloads/mvtec_anomaly_detection/screw/test/manipulated_front/003.png,0.7171707153320312,0.6852996945381165,0.6956467539072037,0.7004755735397339,0.697069525718689,0.9703884209063564,0.014634788036346436,cone_normal_only
1,0.4924798011779785,0.4762625992298126,screw,/Users/bytedance/Downloads/mvtec_anomaly_detection/screw/test/manipulated_front/003.png,0.5091206431388855,0.47633734345436096,0.4869540572166443,0.49302297830581665,0.48862263560295105,0.9733636337130227,0.016217201948165894,cone_contrastive
1,0.40969374775886536,0.008861917071044445,screw,/Users/bytedance/Downloads/mvtec_anomaly_detection/screw/test/manipulated_front/004.png,0.9918630123138428,0.00970593560487032,0.03632709756493567,0.3746352195739746,0.13044992089271545,0.9971227923988045,0.4008318306878209,cosine
1,0.7027249336242676,0.6856796741485596,screw,/Users/bytedance/Downloads/mvtec_anomaly_detection/screw/test/manipulated_front/004.png,0.7161953449249268,0.6857154369354248,0.6965773612260818,0.7022898197174072,0.6985856890678406,0.9957002709509579,0.017045259475708008,cone_normal_only
1,0.4958769381046295,0.4766031801700592,screw,/Users/bytedance/Downloads/mvtec_anomaly_detection/screw/test/manipulated_front/004.png,0.5088995695114136,0.47664380073547363,0.487216480076313,0.4950371980667114,0.48974499106407166,0.9969666752564806,0.019273757934570312,cone_contrastive
1,0.3186591565608978,0.006193617824465036,screw,/Users/bytedance/Downloads/mvtec_anomaly_detection/screw/test/manipulated_front/005.png,0.988914430141449,0.007183449808508158,0.02172824880108235,0.3249027729034424,0.09503412246704102,0.9962964492645574,0.3124655387364328,cosine
1,0.7007918953895569,0.685621976852417,screw,/Users/bytedance/Downloads/mvtec_anomaly_detection/screw/test/manipulated_front/005.png,0.7161985039710999,0.6856700778007507,0.6954679995775223,0.7008469104766846,0.6971874237060547,0.9871471421741267,0.015169918537139893,cone_normal_only
1,0.4933185875415802,0.47645923495292664,screw,/Users/bytedance/Downloads/mvtec_anomaly_detection/screw/test/manipulated_front/005.png,0.5079476833343506,0.47651273012161255,0.4858132556080818,0.493238627910614,0.48784729838371277,0.9903023933277296,0.016859352588653564,cone_contrastive
1,0.3298456370830536,0.004539606161415577,screw,/Users/bytedance/Downloads/mvtec_anomaly_detection/screw/test/manipulated_front/006.png,0.985645592212677,0.005670740269124508,0.01806939896196126,0.27969563007354736,0.07810463756322861,0.9878846807439677,0.325306030921638,cosine
1,0.6983199715614319,0.6847923994064331,screw,/Users/bytedance/Downloads/mvtec_anomaly_detection/screw/test/manipulated_front/006.png,0.7152090668678284,0.6848393678665161,0.6942817479372024,0.6993489861488342,0.6960376501083374,0.9585957640950052,0.01352757215499878,cone_normal_only
1,0.4908958077430725,0.47564780712127686,screw,/Users/bytedance/Downloads/mvtec_anomaly_detection/screw/test/manipulated_front/006.png,0.5074172616004944,0.4757007956504822,0.48493051826953887,0.49143296480178833,0.4869878888130188,0.9622498198753167,0.015248000621795654,cone_contrastive
1,0.7042842507362366,0.012000663205981255,screw,/Users/bytedance/Downloads/mvtec_anomaly_detection/screw/test/manipulated_front/007.png,0.9954232573509216,0.015238598920404911,0.04247138295322655,0.6674784421920776,0.22845420241355896,0.998150666675677,0.6922835875302553,cosine
1,0.7065425515174866,0.6857864856719971,screw,/Users/bytedance/Downloads/mvtec_anomaly_detection/screw/test/manipulated_front/007.png,0.7177272439002991,0.6858834624290466,0.6967642188072205,0.7068144083023071,0.6999976634979248,0.9879021773906587,0.020756065845489502,cone_normal_only
1,0.5002483129501343,0.47686177492141724,screw,/Users/bytedance/Downloads/mvtec_anomaly_detection/screw/test/manipulated_front/007.png,0.5103142857551575,0.47697126865386963,0.4877048462629318,0.5002942085266113,0.4916187524795532,0.9898664249874755,0.02338653802871704,cone_contrastive
1,0.5530970692634583,0.01088673435151577,screw,/Users/bytedance/Downloads/mvtec_anomaly_detection/screw/test/manipulated_front/008.png,0.9953054785728455,0.012875131331384182,0.039792296849191174,0.5103468298912048,0.1815650314092636,0.9979744342942607,0.5422103349119425,cosine
1,0.7045738697052002,0.6859521269798279,screw,/Users/bytedance/Downloads/mvtec_anomaly_detection/screw/test/manipulated_front/008.png,0.717290461063385,0.6860202550888062,0.6962925940752029,0.7043071389198303,0.6988430619239807,0.9957872796493731,0.018621742725372314,cone_normal_only
1,0.49787068367004395,0.4770522117614746,screw,/Users/bytedance/Downloads/mvtec_anomaly_detection/screw/test/manipulated_front/008.png,0.5103708505630493,0.4771284759044647,0.487652213871479,0.4975813329219818,0.49085986614227295,0.9961118868454713,0.020818471908569336,cone_contrastive
1,0.3329267203807831,0.005198893137276173,screw,/Users/bytedance/Downloads/mvtec_anomaly_detection/screw/test/manipulated_front/009.png,0.9926255345344543,0.007310674525797367,0.02621437776833768,0.33290180563926697,0.09778758138418198,0.9953638169234269,0.3277278272435069,cosine
1,0.7001826167106628,0.685470700263977,screw,/Users/bytedance/Downloads/mvtec_anomaly_detection/screw/test/manipulated_front/009.png,0.7164242267608643,0.6855655312538147,0.695355874300003,0.7008036375045776,0.6973713040351868,0.9801595525674333,0.014711916446685791,cone_normal_only
1,0.49249032139778137,0.47634071111679077,screw,/Users/bytedance/Downloads/mvtec_anomaly_detection/screw/test/manipulated_front/009.png,0.5091528296470642,0.4764447510242462,0.4860201731324196,0.49293726682662964,0.48832499980926514,0.9832092034942603,0.0161496102809906,cone_contrastive
1,0.556054949760437,0.007190325763076544,screw,/Users/bytedance/Downloads/mvtec_anomaly_detection/screw/test/manipulated_front/010.png,0.992916464805603,0.009131532162427902,0.024875081423670047,0.47093769907951355,0.1305038034915924,0.9985772696438415,0.5488646239973605,cosine
1,0.7046436667442322,0.6857650876045227,screw,/Users/bytedance/Downloads/mvtec_anomaly_detection/screw/test/manipulated_front/010.png,0.7178336381912231,0.6858318448066711,0.6956917464733123,0.7031605839729309,0.6978812217712402,0.9970812198170265,0.018878579139709473,cone_normal_only
1,0.4980800747871399,0.4766519367694855,screw,/Users/bytedance/Downloads/mvtec_anomaly_detection/screw/test/manipulated_front/010.png,0.5090591907501221,0.4767276644706726,0.4862700939178467,0.49611568450927734,0.4888685345649719,0.9978830835440567,0.02142813801765442,cone_contrastive
1,0.3863118588924408,0.006766628473997116,screw,/Users/bytedance/Downloads/mvtec_anomaly_detection/screw/test/manipulated_front/011.png,0.9900773763656616,0.007891160435974598,0.03543018549680704,0.26154711842536926,0.0874505490064621,0.9973667793282905,0.3795452304184437,cosine
1,0.7010393738746643,0.6855181455612183,screw,/Users/bytedance/Downloads/mvtec_anomaly_detection/screw/test/manipulated_front/011.png,0.7163715958595276,0.6855640411376953,0.6960775256156921,0.7000463008880615,0.6973808407783508,0.9770018890093406,0.015521228313446045,cone_normal_only
1,0.4938841164112091,0.4765988886356354,screw,/Users/bytedance/Downloads/mvtec_anomaly_detection/screw/test/manipulated_front/011.png,0.5083511471748352,0.4766501784324646,0.4873726531863213,0.4921615719795227,0.48878949880599976,0.9804443113214718,0.01728522777557373,cone_contrastive
1,0.10675914585590363,0.005930779967457056,screw,/Users/bytedance/Downloads/mvtec_anomaly_detection/screw/test/manipulated_front/012.png,0.9903665781021118,0.006095367483794689,0.02858410105109215,0.08357463777065277,0.04363701492547989,0.9892180504642523,0.10082836588844657,cosine
1,0.6962289214134216,0.6867997646331787,screw,/Users/bytedance/Downloads/mvtec_anomaly_detection/screw/test/manipulated_front/012.png,0.7162594199180603,0.6868152022361755,0.6958935678005218,0.6980066299438477,0.6970818042755127,0.9497726312531839,0.00942915678024292,cone_normal_only
1,0.4880809783935547,0.47768980264663696,screw,/Users/bytedance/Downloads/mvtec_anomaly_detection/screw/test/manipulated_front/012.png,0.5083311796188354,0.47770678997039795,0.48647125959396365,0.48886507749557495,0.4875510036945343,0.9615469098028716,0.010391175746917725,cone_contrastive
1,0.30568772554397583,0.004866334609687328,screw,/Users/bytedance/Downloads/mvtec_anomaly_detection/screw/test/manipulated_front/013.png,0.9876224398612976,0.005760982166975737,0.01825666632503271,0.23620527982711792,0.07091303914785385,0.9978421323000916,0.3008213909342885,cosine
1,0.6998682618141174,0.6854708790779114,screw,/Users/bytedance/Downloads/mvtec_anomaly_detection/screw/test/manipulated_front/013.png,0.7156508564949036,0.6855137348175049,0.6946123152971267,0.6988925933837891,0.6959226131439209,0.982753591120284,0.014397382736206055,cone_normal_only
1,0.4924313426017761,0.47644394636154175,screw,/Users/bytedance/Downloads/mvtec_anomaly_detection/screw/test/manipulated_front/013.png,0.5077047944068909,0.47649145126342773,0.4851891100406647,0.4909318685531616,0.48681536316871643,0.9865630327697567,0.015987396240234375,cone_contrastive
1,0.0667254850268364,0.004602150525897741,screw,/Users/bytedance/Downloads/mvtec_anomaly_detection/screw/test/manipulated_front/014.png,0.9851565361022949,0.004797094035893679,0.028917058836668688,0.08095429837703705,0.05080354958772659,0.9602447109411905,0.062123334500938654,cosine
1,0.6950331330299377,0.6853498220443726,screw,/Users/bytedance/Downloads/mvtec_anomaly_detection/screw/test/manipulated_front/014.png,0.7148191928863525,0.6853801608085632,0.6954577475786209,0.6985470056533813,0.6972260475158691,0.9354750685290413,0.009683310985565186,cone_normal_only
1,0.4864618182182312,0.476205438375473,screw,/Users/bytedance/Downloads/mvtec_anomaly_detection/screw/test/manipulated_front/014.png,0.5073170065879822,0.4762375056743622,0.48606221079826356,0.48950204253196716,0.48795127868652344,0.9431969502651817,0.010256379842758179,cone_contrastive
1,0.7432170510292053,0.01256625261157751,screw,/Users/bytedance/Downloads/mvtec_anomaly_detection/screw/test/manipulated_front/015.png,0.994529664516449,0.015896504744887352,0.04798792582005256,0.6955013871192932,0.23513926565647125,0.9970075813834244,0.7306507984176278,cosine
1,0.706337034702301,0.6858384609222412,screw,/Users/bytedance/Downloads/mvtec_anomaly_detection/screw/test/manipulated_front/015.png,0.7173151969909668,0.685931921005249,0.6966937184333801,0.7067571878433228,0.6995931267738342,0.9782763079540168,0.020498573780059814,cone_normal_only
1,0.5000803470611572,0.4769168496131897,screw,/Users/bytedance/Downloads/mvtec_anomaly_detection/screw/test/manipulated_front/015.png,0.5099568367004395,0.4770224988460541,0.4879916861653328,0.5003422498703003,0.4915274977684021,0.9799990386467525,0.02316349744796753,cone_contrastive
1,0.808502197265625,0.01795932650566101,screw,/Users/bytedance/Downloads/mvtec_anomaly_detection/screw/test/manipulated_front/016.png,0.9973015189170837,0.02327137067914009,0.06932060793042158,0.806609034538269,0.35658031702041626,0.9986265521667667,0.790542870759964,cosine
1,0.7094127535820007,0.6867328882217407,screw,/Users/bytedance/Downloads/mvtec_anomaly_detection/screw/test/manipulated_front/016.png,0.7192006707191467,0.6868852972984314,0.6983774214982986,0.7092547416687012,0.7022764086723328,0.9987928004258017,0.02267986536026001,cone_normal_only
1,0.5036091804504395,0.47770145535469055,screw,/Users/bytedance/Downloads/mvtec_anomaly_detection/screw/test/manipulated_front/016.png,0.5116878747940063,0.4778755009174347,0.4889842480421066,0.5034618973731995,0.4943941533565521,0.9987431788940833,0.0259077250957489,cone_contrastive
1,0.07333877682685852,0.006261218339204788,screw,/Users/bytedance/Downloads/mvtec_anomaly_detection/screw/test/manipulated_front/017.png,0.989929735660553,0.006353463511914015,0.0331413049250841,0.0824991911649704,0.05089697986841202,0.9581379674892828,0.06707755848765373,cosine
1,0.6934566497802734,0.6865922808647156,screw,/Users/bytedance/Downloads/mvtec_anomaly_detection/screw/test/manipulated_front/017.png,0.716175377368927,0.6866016387939453,0.6963722020387649,0.6987614035606384,0.6975361704826355,0.8862107150115557,0.006864368915557861,cone_normal_only
1,0.4851861596107483,0.47762230038642883,screw,/Users/bytedance/Downloads/mvtec_anomaly_detection/screw/test/manipulated_front/017.png,0.5082777738571167,0.47763270139694214,0.48713622242212296,0.48970815539360046,0.48834261298179626,0.900683112315253,0.007563859224319458,cone_contrastive
1,0.14998891949653625,0.006650409661233425,screw,/Users/bytedance/Downloads/mvtec_anomaly_detection/screw/test/manipulated_front/018.png,0.9945515990257263,0.007024349179118872,0.03098592003807424,0.16389866173267365,0.06724506616592407,0.9279040209932058,0.14333850983530283,cosine
1,0.6932139992713928,0.6865734457969666,screw,/Users/bytedance/Downloads/mvtec_anomaly_detection/screw/test/manipulated_front/018.png,0.7162787318229675,0.6865907311439514,0.695803216099739,0.6990127563476562,0.6971166729927063,0.8442097361543488,0.0066405534744262695,cone_normal_only
1,0.48534178733825684,0.4776976704597473,screw,/Users/bytedance/Downloads/mvtec_anomaly_detection/screw/test/manipulated_front/018.png,0.5100010633468628,0.4777175188064575,0.48683186918497084,0.4907301962375641,0.4882326126098633,0.858506644183097,0.0076441168785095215,cone_contrastive
1,0.21637095510959625,0.005089898128062487,screw,/Users/bytedance/Downloads/mvtec_anomaly_detection/screw/test/manipulated_front/019.png,0.9905325174331665,0.005452108569443226,0.023317092098295675,0.18212290108203888,0.060070380568504333,0.9907819704743095,0.21128105698153377,cosine
1,0.6965858936309814,0.6859133243560791,screw,/Users/bytedance/Downloads/mvtec_anomaly_detection/screw/test/manipulated_front/019.png,0.7158112525939941,0.6859315633773804,0.6948478698730469,0.6986158490180969,0.6963009834289551,0.9222915846977506,0.010672569274902344,cone_normal_only
1,0.4889598488807678,0.4769328236579895,screw,/Users/bytedance/Downloads/mvtec_anomaly_detection/screw/test/manipulated_front/019.png,0.5084636807441711,0.476953387260437,0.48583715260028837,0.49038589000701904,0.4873843789100647,0.9306641373169253,0.01202702522277832,cone_contrastive
1,0.008137996308505535,0.0031044548377394676,screw,/Users/bytedance/Downloads/mvtec_anomaly_detection/screw/test/manipulated_front/020.png,0.9814728498458862,0.0031109831761568785,0.015623821876943106,0.03116498701274395,0.02310725674033165,0.8261738795702754,0.0050335414707660675,cosine
1,0.6883045434951782,0.6860412955284119,screw,/Users/bytedance/Downloads/mvtec_anomaly_detection/screw/test/manipulated_front/020.png,0.7144595384597778,0.6860442161560059,0.6942660719156265,0.696831464767456,0.6955480575561523,0.7564795646479235,0.0022632479667663574,cone_normal_only
1,0.47949787974357605,0.4768744707107544,screw,/Users/bytedance/Downloads/mvtec_anomaly_detection/screw/test/manipulated_front/020.png,0.5067074298858643,0.476877897977829,0.48463287353515627,0.4869637191295624,0.4858076572418213,0.7732680116061174,0.0026234090328216553,cone_contrastive
1,0.19019193947315216,0.00827614963054657,screw,/Users/bytedance/Downloads/mvtec_anomaly_detection/screw/test/manipulated_front/021.png,0.9891401529312134,0.008538524620234966,0.04152400121092782,0.20654790103435516,0.09046012163162231,0.9902246487249852,0.1819157898426056,cosine
1,0.6971032023429871,0.6864737272262573,screw,/Users/bytedance/Downloads/mvtec_anomaly_detection/screw/test/manipulated_front/021.png,0.7158178091049194,0.6864889860153198,0.6970072358846664,0.7001771330833435,0.6982598900794983,0.9368786545805596,0.010629475116729736,cone_normal_only
1,0.48912879824638367,0.47749945521354675,screw,/Users/bytedance/Downloads/mvtec_anomaly_detection/screw/test/manipulated_front/021.png,0.5080966353416443,0.47751620411872864,0.48790197670459745,0.49213480949401855,0.48936620354652405,0.9441326738277661,0.011629343032836914,cone_contrastive
1,0.1083257719874382,0.005512164905667305,screw,/Users/bytedance/Downloads/mvtec_anomaly_detection/screw/test/manipulated_front/022.png,0.9875990152359009,0.005659685004502535,0.02897138809785227,0.11412416398525238,0.05495372414588928,0.9756769991696599,0.1028136070817709,cosine
1,0.6960195302963257,0.6862163543701172,screw,/Users/bytedance/Downloads/mvtec_anomaly_detection/screw/test/manipulated_front/022.png,0.7152082920074463,0.6862304210662842,0.6957859128713608,0.6988664269447327,0.6973166465759277,0.9395687708139423,0.009803175926208496,cone_normal_only
1,0.48735693097114563,0.47712400555610657,screw,/Users/bytedance/Downloads/mvtec_anomaly_detection/screw/test/manipulated_front/022.png,0.5077468156814575,0.47713860869407654,0.4864702939987183,0.4900568425655365,0.48808297514915466,0.9431055469448536,0.010232925415039062,cone_contrastive
1,0.058483704924583435,0.00551114697009325,screw,/Users/bytedance/Downloads/mvtec_anomaly_detection/screw/test/manipulated_front/023.png,0.9919903874397278,0.005639668554067612,0.03309898953884834,0.06802986562252045,0.04707842692732811,0.8852169729322679,0.052972557954490185,cosine
1,0.6915717124938965,0.6862366795539856,screw,/Users/bytedance/Downloads/mvtec_anomaly_detection/screw/test/manipulated_front/023.png,0.7161967754364014,0.6862494945526123,0.6957785993814468,0.6979445219039917,0.6969279050827026,0.8190146868737971,0.005335032939910889,cone_normal_only
1,0.4832625389099121,0.4773685336112976,screw,/Users/bytedance/Downloads/mvtec_anomaly_detection/screw/test/manipulated_front/023.png,0.5089364051818848,0.4773828089237213,0.4869216069579124,0.4891190528869629,0.4880332946777344,0.8252847120024127,0.005894005298614502,cone_contrastive
0,nan,0.0029135895892977715,screw,/Users/bytedance/Downloads/mvtec_anomaly_detection/screw/test/good/000.png,0.9820441007614136,0.0029135895892977715,0.014667521510273208,0.024391643702983856,0.019212741404771805,nan,nan,cosine
0,nan,0.685818076133728,screw,/Users/bytedance/Downloads/mvtec_anomaly_detection/screw/test/good/000.png,0.7147200703620911,0.685818076133728,0.6942539215087891,0.6962375044822693,0.695250391960144,nan,nan,cone_normal_only
0,nan,0.47667086124420166,screw,/Users/bytedance/Downloads/mvtec_anomaly_detection/screw/test/good/000.png,0.5067331790924072,0.47667086124420166,0.4846400022506714,0.4864797294139862,0.4855572581291199,nan,nan,cone_contrastive
0,nan,0.0037797330878674984,screw,/Users/bytedance/Downloads/mvtec_anomaly_detection/screw/test/good/001.png,0.9874299168586731,0.0037797330878674984,0.01874939128756522,0.045351073145866394,0.0295709278434515,nan,nan,cosine
0,nan,0.6858021020889282,screw,/Users/bytedance/Downloads/mvtec_anomaly_detection/screw/test/good/001.png,0.7145270705223083,0.6858021020889282,0.6941293984651565,0.6970922946929932,0.6957638263702393,nan,nan,cone_normal_only
0,nan,0.4769057333469391,screw,/Users/bytedance/Downloads/mvtec_anomaly_detection/screw/test/good/001.png,0.5077753067016602,0.4769057333469391,0.48508379608392715,0.4877412021160126,0.4864901304244995,nan,nan,cone_contrastive
0,nan,0.0032940141391009092,screw,/Users/bytedance/Downloads/mvtec_anomaly_detection/screw/test/good/002.png,0.9772655367851257,0.0032940141391009092,0.017129479721188536,0.04118214175105095,0.027661677449941635,nan,nan,cosine
0,nan,0.6854654550552368,screw,/Users/bytedance/Downloads/mvtec_anomaly_detection/screw/test/good/002.png,0.7132712602615356,0.6854654550552368,0.6940904855728149,0.6970508694648743,0.6955828666687012,nan,nan,cone_normal_only
0,nan,0.47652140259742737,screw,/Users/bytedance/Downloads/mvtec_anomaly_detection/screw/test/good/002.png,0.5062383413314819,0.47652140259742737,0.4848504737019539,0.4877255856990814,0.48628953099250793,nan,nan,cone_contrastive
0,nan,0.004178663715720177,screw,/Users/bytedance/Downloads/mvtec_anomaly_detection/screw/test/good/003.png,0.983555018901825,0.004178663715720177,0.020999097917228936,0.04448525607585907,0.031205972656607628,nan,nan,cosine
0,nan,0.6860994100570679,screw,/Users/bytedance/Downloads/mvtec_anomaly_detection/screw/test/good/003.png,0.7144386172294617,0.6860994100570679,0.6949211776256561,0.6974824666976929,0.6962962746620178,nan,nan,cone_normal_only
0,nan,0.47693178057670593,screw,/Users/bytedance/Downloads/mvtec_anomaly_detection/screw/test/good/003.png,0.5070733428001404,0.47693178057670593,0.48564413189888,0.48809733986854553,0.4868389666080475,nan,nan,cone_contrastive
0,nan,0.007996979169547558,screw,/Users/bytedance/Downloads/mvtec_anomaly_detection/screw/test/good/004.png,0.9942723512649536,0.007996979169547558,0.0393169417977333,0.22624872624874115,0.09537704288959503,nan,nan,cosine
0,nan,0.6861363649368286,screw,/Users/bytedance/Downloads/mvtec_anomaly_detection/screw/test/good/004.png,0.7163923978805542,0.6861363649368286,0.6962936341762542,0.6995876431465149,0.6976741552352905,nan,nan,cone_normal_only
0,nan,0.47707346081733704,screw,/Users/bytedance/Downloads/mvtec_anomaly_detection/screw/test/good/004.png,0.509882390499115,0.47707346081733704,0.4873217850923538,0.49156317114830017,0.48891738057136536,nan,nan,cone_contrastive
0,nan,0.005498870741575956,screw,/Users/bytedance/Downloads/mvtec_anomaly_detection/screw/test/good/005.png,0.9912249445915222,0.005498870741575956,0.028922218549996603,0.06010179966688156,0.04110949859023094,nan,nan,cosine
0,nan,0.686610996723175,screw,/Users/bytedance/Downloads/mvtec_anomaly_detection/screw/test/good/005.png,0.7155300378799438,0.686610996723175,0.6959018111228943,0.6979177594184875,0.6969554424285889,nan,nan,cone_normal_only
0,nan,0.4775208532810211,screw,/Users/bytedance/Downloads/mvtec_anomaly_detection/screw/test/good/005.png,0.5087705254554749,0.4775208532810211,0.48656698018312455,0.48864924907684326,0.48759737610816956,nan,nan,cone_contrastive
0,nan,0.0034716851077973843,screw,/Users/bytedance/Downloads/mvtec_anomaly_detection/screw/test/good/006.png,0.9860501885414124,0.0034716851077973843,0.019558974448591462,0.03791432827711105,0.02815406769514084,nan,nan,cosine
0,nan,0.6855590343475342,screw,/Users/bytedance/Downloads/mvtec_anomaly_detection/screw/test/good/006.png,0.7146816253662109,0.6855590343475342,0.694342315196991,0.6970090866088867,0.6956835985183716,nan,nan,cone_normal_only
0,nan,0.47661659121513367,screw,/Users/bytedance/Downloads/mvtec_anomaly_detection/screw/test/good/006.png,0.5074110627174377,0.47661659121513367,0.4852217897772789,0.48777860403060913,0.48652154207229614,nan,nan,cone_contrastive
0,nan,0.003128803102299571,screw,/Users/bytedance/Downloads/mvtec_anomaly_detection/screw/test/good/007.png,0.9771388173103333,0.003128803102299571,0.01564751341938972,0.03286362439393997,0.023947622627019882,nan,nan,cosine
0,nan,0.6856920719146729,screw,/Users/bytedance/Downloads/mvtec_anomaly_detection/screw/test/good/007.png,0.7138358354568481,0.6856920719146729,0.6942089021205902,0.6967807412147522,0.6955133080482483,nan,nan,cone_normal_only
0,nan,0.4765810966491699,screw,/Users/bytedance/Downloads/mvtec_anomaly_detection/screw/test/good/007.png,0.5061377882957458,0.4765810966491699,0.4846808910369873,0.48722782731056213,0.48601454496383667,nan,nan,cone_contrastive
0,nan,0.00774187408387661,screw,/Users/bytedance/Downloads/mvtec_anomaly_detection/screw/test/good/008.png,0.9938255548477173,0.00774187408387661,0.02711213957518338,0.2517703175544739,0.09118431806564331,nan,nan,cosine
0,nan,0.6867201328277588,screw,/Users/bytedance/Downloads/mvtec_anomaly_detection/screw/test/good/008.png,0.716922402381897,0.6867201328277588,0.6960000634193421,0.7000800371170044,0.6975571513175964,nan,nan,cone_normal_only
0,nan,0.47758346796035767,screw,/Users/bytedance/Downloads/mvtec_anomaly_detection/screw/test/good/008.png,0.5095537900924683,0.47758346796035767,0.48634412288665774,0.4920901358127594,0.488275945186615,nan,nan,cone_contrastive
0,nan,0.004061632789671421,screw,/Users/bytedance/Downloads/mvtec_anomaly_detection/screw/test/good/009.png,0.9777566194534302,0.004061632789671421,0.01997479293495415,0.04797776788473129,0.028050454333424568,nan,nan,cosine
0,nan,0.6862631440162659,screw,/Users/bytedance/Downloads/mvtec_anomaly_detection/screw/test/good/009.png,0.714072585105896,0.6862631440162659,0.6951061993837356,0.6965394616127014,0.6958155632019043,nan,nan,cone_normal_only
0,nan,0.4771789610385895,screw,/Users/bytedance/Downloads/mvtec_anomaly_detection/screw/test/good/009.png,0.5061803460121155,0.4771789610385895,0.48565646559000014,0.4872022271156311,0.4863704442977905,nan,nan,cone_contrastive
0,nan,0.003761695232242346,screw,/Users/bytedance/Downloads/mvtec_anomaly_detection/screw/test/good/010.png,0.988900899887085,0.003761695232242346,0.01982578393071889,0.03464310243725777,0.025262540206313133,nan,nan,cosine
0,nan,0.6863396763801575,screw,/Users/bytedance/Downloads/mvtec_anomaly_detection/screw/test/good/010.png,0.7159926891326904,0.6863396763801575,0.6951030403375625,0.6970935463905334,0.696071445941925,nan,nan,cone_normal_only
0,nan,0.4771173298358917,screw,/Users/bytedance/Downloads/mvtec_anomaly_detection/screw/test/good/010.png,0.5079468488693237,0.4771173298358917,0.485567207634449,0.4872726500034332,0.4863773286342621,nan,nan,cone_contrastive
0,nan,0.003311770036816597,screw,/Users/bytedance/Downloads/mvtec_anomaly_detection/screw/test/good/011.png,0.9841692447662354,0.003311770036816597,0.016674708575010234,0.03313906863331795,0.024564476683735847,nan,nan,cosine
0,nan,0.6859086751937866,screw,/Users/bytedance/Downloads/mvtec_anomaly_detection/screw/test/good/011.png,0.7140763998031616,0.6859086751937866,0.6939913541078567,0.6968001127243042,0.6954938769340515,nan,nan,cone_normal_only
0,nan,0.4770079553127289,screw,/Users/bytedance/Downloads/mvtec_anomaly_detection/screw/test/good/011.png,0.5071457624435425,0.4770079553127289,0.48471940159797666,0.4873126447200775,0.48607778549194336,nan,nan,cone_contrastive
0,nan,0.004367506131529808,screw,/Users/bytedance/Downloads/mvtec_anomaly_detection/screw/test/good/012.png,0.985519289970398,0.004367506131529808,0.024329262133687714,0.05141379311680794,0.03784637898206711,nan,nan,cosine
0,nan,0.6860621571540833,screw,/Users/bytedance/Downloads/mvtec_anomaly_detection/screw/test/good/012.png,0.7144273519515991,0.6860621571540833,0.6950822979211807,0.6978951096534729,0.6966397762298584,nan,nan,cone_normal_only
0,nan,0.476969450712204,screw,/Users/bytedance/Downloads/mvtec_anomaly_detection/screw/test/good/012.png,0.5074864625930786,0.476969450712204,0.48585106879472734,0.48861584067344666,0.48733797669410706,nan,nan,cone_contrastive
0,nan,0.006665739230811596,screw,/Users/bytedance/Downloads/mvtec_anomaly_detection/screw/test/good/013.png,0.9903342127799988,0.006665739230811596,0.031227052118629074,0.12829236686229706,0.06065352261066437,nan,nan,cosine
0,nan,0.6868635416030884,screw,/Users/bytedance/Downloads/mvtec_anomaly_detection/screw/test/good/013.png,0.7150849103927612,0.6868635416030884,0.6960241109132767,0.6991711854934692,0.6975932121276855,nan,nan,cone_normal_only
0,nan,0.4777611792087555,screw,/Users/bytedance/Downloads/mvtec_anomaly_detection/screw/test/good/013.png,0.5085826516151428,0.4777611792087555,0.4866552963852882,0.4904805123806,0.48833224177360535,nan,nan,cone_contrastive
0,nan,0.005844333209097385,screw,/Users/bytedance/Downloads/mvtec_anomaly_detection/screw/test/good/014.png,0.9949969053268433,0.005844333209097385,0.03276594337075943,0.1092437133193016,0.054173652082681656,nan,nan,cosine
0,nan,0.686324954032898,screw,/Users/bytedance/Downloads/mvtec_anomaly_detection/screw/test/good/014.png,0.7162961959838867,0.686324954032898,0.6960088849067688,0.6980052590370178,0.6970365047454834,nan,nan,cone_normal_only
0,nan,0.4773242175579071,screw,/Users/bytedance/Downloads/mvtec_anomaly_detection/screw/test/good/014.png,0.510280430316925,0.4773242175579071,0.4869559407234192,0.4893781542778015,0.4880593717098236,nan,nan,cone_contrastive
0,nan,0.00485514709725976,screw,/Users/bytedance/Downloads/mvtec_anomaly_detection/screw/test/good/015.png,0.9814321994781494,0.00485514709725976,0.026269975211471307,0.04879722744226456,0.03766113519668579,nan,nan,cosine
0,nan,0.686211109161377,screw,/Users/bytedance/Downloads/mvtec_anomaly_detection/screw/test/good/015.png,0.7138105034828186,0.686211109161377,0.6957918405532837,0.6981221437454224,0.6970679759979248,nan,nan,cone_normal_only
0,nan,0.4770663380622864,screw,/Users/bytedance/Downloads/mvtec_anomaly_detection/screw/test/good/015.png,0.506812334060669,0.4770663380622864,0.48642739951610564,0.48872169852256775,0.48767468333244324,nan,nan,cone_contrastive
0,nan,0.0038125994615256786,screw,/Users/bytedance/Downloads/mvtec_anomaly_detection/screw/test/good/016.png,0.9892759323120117,0.0038125994615256786,0.019146212097257365,0.0768270269036293,0.03781459480524063,nan,nan,cosine
0,nan,0.6856247186660767,screw,/Users/bytedance/Downloads/mvtec_anomaly_detection/screw/test/good/016.png,0.7152926325798035,0.6856247186660767,0.6942070633172989,0.6974884867668152,0.695927083492279,nan,nan,cone_normal_only
0,nan,0.47664594650268555,screw,/Users/bytedance/Downloads/mvtec_anomaly_detection/screw/test/good/016.png,0.508118212223053,0.47664594650268555,0.4848503336310387,0.4885849058628082,0.48666703701019287,nan,nan,cone_contrastive
0,nan,0.004738718271255493,screw,/Users/bytedance/Downloads/mvtec_anomaly_detection/screw/test/good/017.png,0.9895113110542297,0.004738718271255493,0.025317889638245036,0.06084056198596954,0.040765274316072464,nan,nan,cosine
0,nan,0.685960054397583,screw,/Users/bytedance/Downloads/mvtec_anomaly_detection/screw/test/good/017.png,0.7152904868125916,0.685960054397583,0.6950176179409027,0.6977226734161377,0.6964401006698608,nan,nan,cone_normal_only
0,nan,0.4770088791847229,screw,/Users/bytedance/Downloads/mvtec_anomaly_detection/screw/test/good/017.png,0.5082223415374756,0.4770088791847229,0.4859564542770386,0.4886972904205322,0.48737478256225586,nan,nan,cone_contrastive
0,nan,0.0031885222997516394,screw,/Users/bytedance/Downloads/mvtec_anomaly_detection/screw/test/good/018.png,0.9831364750862122,0.0031885222997516394,0.017456885613501016,0.03415384516119957,0.023541444912552834,nan,nan,cosine
0,nan,0.6857922673225403,screw,/Users/bytedance/Downloads/mvtec_anomaly_detection/screw/test/good/018.png,0.7154646515846252,0.6857922673225403,0.6947093307971954,0.6967965364456177,0.6958191394805908,nan,nan,cone_normal_only
0,nan,0.47659140825271606,screw,/Users/bytedance/Downloads/mvtec_anomaly_detection/screw/test/good/018.png,0.5068063735961914,0.47659140825271606,0.4850649401545525,0.4868721067905426,0.4860297441482544,nan,nan,cone_contrastive
0,nan,0.0064018345437943935,screw,/Users/bytedance/Downloads/mvtec_anomaly_detection/screw/test/good/019.png,0.9923566579818726,0.0064018345437943935,0.034594298340380185,0.06280236691236496,0.04432671517133713,nan,nan,cosine
0,nan,0.687072217464447,screw,/Users/bytedance/Downloads/mvtec_anomaly_detection/screw/test/good/019.png,0.7164748907089233,0.687072217464447,0.6967101693153381,0.6982032060623169,0.697523295879364,nan,nan,cone_normal_only
0,nan,0.47798851132392883,screw,/Users/bytedance/Downloads/mvtec_anomaly_detection/screw/test/good/019.png,0.5089783072471619,0.47798851132392883,0.4873581945896149,0.48887887597084045,0.4881387948989868,nan,nan,cone_contrastive
0,nan,0.005341961048543453,screw,/Users/bytedance/Downloads/mvtec_anomaly_detection/screw/test/good/020.png,0.9911348819732666,0.005341961048543453,0.02419623425230383,0.08380265533924103,0.042990341782569885,nan,nan,cosine
0,nan,0.6860884428024292,screw,/Users/bytedance/Downloads/mvtec_anomaly_detection/screw/test/good/020.png,0.7155010104179382,0.6860884428024292,0.6948928236961365,0.6978527903556824,0.6962840557098389,nan,nan,cone_normal_only
0,nan,0.47717344760894775,screw,/Users/bytedance/Downloads/mvtec_anomaly_detection/screw/test/good/020.png,0.5086744427680969,0.47717344760894775,0.4858813866972923,0.48903191089630127,0.4872336685657501,nan,nan,cone_contrastive
0,nan,0.006161191966384649,screw,/Users/bytedance/Downloads/mvtec_anomaly_detection/screw/test/good/021.png,0.9905101656913757,0.006161191966384649,0.03785304240882394,0.08690296113491058,0.055966757237911224,nan,nan,cosine
0,nan,0.6861227750778198,screw,/Users/bytedance/Downloads/mvtec_anomaly_detection/screw/test/good/021.png,0.7158203125,0.6861227750778198,0.6963133037090301,0.6987704038619995,0.6975776553153992,nan,nan,cone_normal_only
0,nan,0.477186381816864,screw,/Users/bytedance/Downloads/mvtec_anomaly_detection/screw/test/good/021.png,0.5085176229476929,0.477186381816864,0.48747214376926423,0.4899722635746002,0.4886690676212311,nan,nan,cone_contrastive
0,nan,0.004947621375322342,screw,/Users/bytedance/Downloads/mvtec_anomaly_detection/screw/test/good/022.png,0.9907901287078857,0.004947621375322342,0.029518486000597473,0.07358954846858978,0.04438522830605507,nan,nan,cosine
0,nan,0.6860255599021912,screw,/Users/bytedance/Downloads/mvtec_anomaly_detection/screw/test/good/022.png,0.7152140140533447,0.6860255599021912,0.6956350326538085,0.6977460384368896,0.6967227458953857,nan,nan,cone_normal_only
0,nan,0.47697046399116516,screw,/Users/bytedance/Downloads/mvtec_anomaly_detection/screw/test/good/022.png,0.5086221694946289,0.47697046399116516,0.48663991689682007,0.4890769124031067,0.4877854585647583,nan,nan,cone_contrastive
0,nan,0.004854467697441578,screw,/Users/bytedance/Downloads/mvtec_anomaly_detection/screw/test/good/023.png,0.9886142015457153,0.004854467697441578,0.02492082361131906,0.12994135916233063,0.054461922496557236,nan,nan,cosine
0,nan,0.6858278512954712,screw,/Users/bytedance/Downloads/mvtec_anomaly_detection/screw/test/good/023.png,0.714968204498291,0.6858278512954712,0.6948892384767532,0.6980353593826294,0.6964825391769409,nan,nan,cone_normal_only
0,nan,0.4767010509967804,screw,/Users/bytedance/Downloads/mvtec_anomaly_detection/screw/test/good/023.png,0.5080395340919495,0.4767010509967804,0.48572455644607543,0.4894424378871918,0.4874109923839569,nan,nan,cone_contrastive
0,nan,0.004002273082733154,screw,/Users/bytedance/Downloads/mvtec_anomaly_detection/screw/test/good/024.png,0.9834735989570618,0.004002273082733154,0.02000433439388867,0.04060078412294388,0.028813065961003304,nan,nan,cosine
0,nan,0.6861865520477295,screw,/Users/bytedance/Downloads/mvtec_anomaly_detection/screw/test/good/024.png,0.7142086625099182,0.6861865520477295,0.6946362853050232,0.6973881721496582,0.6959801316261292,nan,nan,cone_normal_only
0,nan,0.4772668778896332,screw,/Users/bytedance/Downloads/mvtec_anomaly_detection/screw/test/good/024.png,0.5070342421531677,0.4772668778896332,0.4855008378624916,0.4880813658237457,0.4867076277732849,nan,nan,cone_contrastive
0,nan,0.0037436503916978836,screw,/Users/bytedance/Downloads/mvtec_anomaly_detection/screw/test/good/025.png,0.9892358183860779,0.0037436503916978836,0.01602007793262601,0.06706304103136063,0.029560236260294914,nan,nan,cosine
0,nan,0.6860750913619995,screw,/Users/bytedance/Downloads/mvtec_anomaly_detection/screw/test/good/025.png,0.7156297564506531,0.6860750913619995,0.6943581432104111,0.696710467338562,0.6954852342605591,nan,nan,cone_normal_only
0,nan,0.476951539516449,screw,/Users/bytedance/Downloads/mvtec_anomaly_detection/screw/test/good/025.png,0.5080776810646057,0.476951539516449,0.48484384566545485,0.4875442683696747,0.4859749376773834,nan,nan,cone_contrastive
0,nan,0.005838606506586075,screw,/Users/bytedance/Downloads/mvtec_anomaly_detection/screw/test/good/026.png,0.9902445077896118,0.005838606506586075,0.028977635782211998,0.10562627762556076,0.05058380588889122,nan,nan,cosine
0,nan,0.6866835951805115,screw,/Users/bytedance/Downloads/mvtec_anomaly_detection/screw/test/good/026.png,0.7158522009849548,0.6866835951805115,0.6959586888551712,0.6983962655067444,0.6972848176956177,nan,nan,cone_normal_only
0,nan,0.47754421830177307,screw,/Users/bytedance/Downloads/mvtec_anomaly_detection/screw/test/good/026.png,0.5083447098731995,0.47754421830177307,0.48648222386837003,0.48928555846214294,0.48777228593826294,nan,nan,cone_contrastive
0,nan,0.004186758305877447,screw,/Users/bytedance/Downloads/mvtec_anomaly_detection/screw/test/good/027.png,0.9830300211906433,0.004186758305877447,0.022551373206078966,0.049394506961107254,0.03460919111967087,nan,nan,cosine
0,nan,0.6857618093490601,screw,/Users/bytedance/Downloads/mvtec_anomaly_detection/screw/test/good/027.png,0.714216411113739,0.6857618093490601,0.6950845777988434,0.6979416012763977,0.6964588165283203,nan,nan,cone_normal_only
0,nan,0.476803183555603,screw,/Users/bytedance/Downloads/mvtec_anomaly_detection/screw/test/good/027.png,0.5069562196731567,0.476803183555603,0.48576493114233016,0.48865824937820435,0.4871668815612793,nan,nan,cone_contrastive
0,nan,0.006331924814730883,screw,/Users/bytedance/Downloads/mvtec_anomaly_detection/screw/test/good/028.png,0.9906071424484253,0.006331924814730883,0.03276045713573691,0.11174696683883667,0.05780579149723053,nan,nan,cosine
0,nan,0.6861616373062134,screw,/Users/bytedance/Downloads/mvtec_anomaly_detection/screw/test/good/028.png,0.7158440351486206,0.6861616373062134,0.6953691065311431,0.6981599926948547,0.6969040632247925,nan,nan,cone_normal_only
0,nan,0.477301687002182,screw,/Users/bytedance/Downloads/mvtec_anomaly_detection/screw/test/good/028.png,0.5084629654884338,0.477301687002182,0.48654452711343765,0.4895680248737335,0.48808008432388306,nan,nan,cone_contrastive
0,nan,0.007207635790109634,screw,/Users/bytedance/Downloads/mvtec_anomaly_detection/screw/test/good/029.png,0.989586591720581,0.007207635790109634,0.029997693095356222,0.25254374742507935,0.09074928611516953,nan,nan,cosine
0,nan,0.6861066222190857,screw,/Users/bytedance/Downloads/mvtec_anomaly_detection/screw/test/good/029.png,0.7152630686759949,0.6861066222190857,0.6954643964767456,0.7000492811203003,0.697309136390686,nan,nan,cone_normal_only
0,nan,0.47700223326683044,screw,/Users/bytedance/Downloads/mvtec_anomaly_detection/screw/test/good/029.png,0.5082602500915527,0.47700223326683044,0.4863183408975601,0.4920806586742401,0.4885157346725464,nan,nan,cone_contrastive
0,nan,0.006763247773051262,screw,/Users/bytedance/Downloads/mvtec_anomaly_detection/screw/test/good/030.png,0.9887592792510986,0.006763247773051262,0.034031663462519623,0.10098722577095032,0.05412892624735832,nan,nan,cosine
0,nan,0.6867602467536926,screw,/Users/bytedance/Downloads/mvtec_anomaly_detection/screw/test/good/030.png,0.7153083086013794,0.6867602467536926,0.696530869603157,0.6990904211997986,0.6976879835128784,nan,nan,cone_normal_only
0,nan,0.47765299677848816,screw,/Users/bytedance/Downloads/mvtec_anomaly_detection/screw/test/good/030.png,0.5080819129943848,0.47765299677848816,0.48721964806318285,0.4900830090045929,0.48839065432548523,nan,nan,cone_contrastive
0,nan,0.003656011773273349,screw,/Users/bytedance/Downloads/mvtec_anomaly_detection/screw/test/good/031.png,0.987226665019989,0.003656011773273349,0.01865441454574465,0.03352437913417816,0.024985413998365402,nan,nan,cosine
0,nan,0.6862497925758362,screw,/Users/bytedance/Downloads/mvtec_anomaly_detection/screw/test/good/031.png,0.7158178687095642,0.6862497925758362,0.6948350667953491,0.6971122026443481,0.6960040926933289,nan,nan,cone_normal_only
0,nan,0.47711631655693054,screw,/Users/bytedance/Downloads/mvtec_anomaly_detection/screw/test/good/031.png,0.5075318217277527,0.47711631655693054,0.4853243947029114,0.48725101351737976,0.4863055646419525,nan,nan,cone_contrastive
0,nan,0.003872001077979803,screw,/Users/bytedance/Downloads/mvtec_anomaly_detection/screw/test/good/032.png,0.9835236668586731,0.003872001077979803,0.02037319429218768,0.04986685886979103,0.031088177114725113,nan,nan,cosine
0,nan,0.6859254837036133,screw,/Users/bytedance/Downloads/mvtec_anomaly_detection/screw/test/good/032.png,0.7145819664001465,0.6859254837036133,0.6945117354393006,0.6969912052154541,0.6958079934120178,nan,nan,cone_normal_only
0,nan,0.4769686460494995,screw,/Users/bytedance/Downloads/mvtec_anomaly_detection/screw/test/good/032.png,0.5069617033004761,0.4769686460494995,0.4853627845644951,0.48799899220466614,0.48664847016334534,nan,nan,cone_contrastive
0,nan,0.0034021094907075167,screw,/Users/bytedance/Downloads/mvtec_anomaly_detection/screw/test/good/033.png,0.9763138890266418,0.0034021094907075167,0.015863641351461396,0.03948473930358887,0.02650856040418148,nan,nan,cosine
0,nan,0.6858435273170471,screw,/Users/bytedance/Downloads/mvtec_anomaly_detection/screw/test/good/033.png,0.7138945460319519,0.6858435273170471,0.6942065685987473,0.6971473097801208,0.6956712603569031,nan,nan,cone_normal_only
0,nan,0.47677236795425415,screw,/Users/bytedance/Downloads/mvtec_anomaly_detection/screw/test/good/033.png,0.5060294270515442,0.47677236795425415,0.4847157716751099,0.48780471086502075,0.4862930476665497,nan,nan,cone_contrastive
0,nan,0.0034861168824136257,screw,/Users/bytedance/Downloads/mvtec_anomaly_detection/screw/test/good/034.png,0.979486346244812,0.0034861168824136257,0.01869862712919708,0.03946838900446892,0.027484340593218803,nan,nan,cosine
0,nan,0.685654878616333,screw,/Users/bytedance/Downloads/mvtec_anomaly_detection/screw/test/good/034.png,0.7140064835548401,0.685654878616333,0.6945853739976883,0.6966728568077087,0.6956625580787659,nan,nan,cone_normal_only
0,nan,0.4765626788139343,screw,/Users/bytedance/Downloads/mvtec_anomaly_detection/screw/test/good/034.png,0.5064616203308105,0.4765626788139343,0.4852824166417122,0.4874105751514435,0.4863804876804352,nan,nan,cone_contrastive
0,nan,0.009145219810307026,screw,/Users/bytedance/Downloads/mvtec_anomaly_detection/screw/test/good/035.png,0.991463840007782,0.009145219810307026,0.04795873239636419,0.21524430811405182,0.09750690311193466,nan,nan,cosine
0,nan,0.686760425567627,screw,/Users/bytedance/Downloads/mvtec_anomaly_detection/screw/test/good/035.png,0.7153317332267761,0.686760425567627,0.6970031499862671,0.7008702158927917,0.6988565325737,nan,nan,cone_normal_only
0,nan,0.4776958227157593,screw,/Users/bytedance/Downloads/mvtec_anomaly_detection/screw/test/good/035.png,0.5088905692100525,0.4776958227157593,0.48798715472221377,0.49255049228668213,0.48994022607803345,nan,nan,cone_contrastive
0,nan,0.0057950327172875404,screw,/Users/bytedance/Downloads/mvtec_anomaly_detection/screw/test/good/036.png,0.9891335368156433,0.0057950327172875404,0.03250272087752816,0.07964528352022171,0.05113697797060013,nan,nan,cosine
0,nan,0.6860324144363403,screw,/Users/bytedance/Downloads/mvtec_anomaly_detection/screw/test/good/036.png,0.7156271934509277,0.6860324144363403,0.6956869781017303,0.698337972164154,0.6970348954200745,nan,nan,cone_normal_only
0,nan,0.4770837724208832,screw,/Users/bytedance/Downloads/mvtec_anomaly_detection/screw/test/good/036.png,0.5081123113632202,0.4770837724208832,0.48680297285318375,0.4895165264606476,0.48817431926727295,nan,nan,cone_contrastive
0,nan,0.005096572916954756,screw,/Users/bytedance/Downloads/mvtec_anomaly_detection/screw/test/good/037.png,0.9907509684562683,0.005096572916954756,0.02781422911211831,0.053270161151885986,0.04052255302667618,nan,nan,cosine
0,nan,0.6863439679145813,screw,/Users/bytedance/Downloads/mvtec_anomaly_detection/screw/test/good/037.png,0.7155525088310242,0.6863439679145813,0.6954949557781219,0.69810551404953,0.6969727873802185,nan,nan,cone_normal_only
0,nan,0.4774012565612793,screw,/Users/bytedance/Downloads/mvtec_anomaly_detection/screw/test/good/037.png,0.508564829826355,0.4774012565612793,0.4865047290921211,0.488899827003479,0.4878152310848236,nan,nan,cone_contrastive
0,nan,0.0032276837155222893,screw,/Users/bytedance/Downloads/mvtec_anomaly_detection/screw/test/good/038.png,0.9765527844429016,0.0032276837155222893,0.01694953273981808,0.03091537579894066,0.023357709869742393,nan,nan,cosine
0,nan,0.6859722137451172,screw,/Users/bytedance/Downloads/mvtec_anomaly_detection/screw/test/good/038.png,0.713595986366272,0.6859722137451172,0.6945925354957581,0.6969317197799683,0.695746898651123,nan,nan,cone_normal_only
0,nan,0.47686466574668884,screw,/Users/bytedance/Downloads/mvtec_anomaly_detection/screw/test/good/038.png,0.50611412525177,0.47686466574668884,0.4849316477775574,0.4871264398097992,0.4860253632068634,nan,nan,cone_contrastive
0,nan,0.0033059928100556135,screw,/Users/bytedance/Downloads/mvtec_anomaly_detection/screw/test/good/039.png,0.9851910471916199,0.0033059928100556135,0.01788023086264729,0.03307686746120453,0.02364485338330269,nan,nan,cosine
0,nan,0.6858866214752197,screw,/Users/bytedance/Downloads/mvtec_anomaly_detection/screw/test/good/039.png,0.7155892848968506,0.6858866214752197,0.6948659747838974,0.6967032551765442,0.6958744525909424,nan,nan,cone_normal_only
0,nan,0.4767148792743683,screw,/Users/bytedance/Downloads/mvtec_anomaly_detection/screw/test/good/039.png,0.5071521997451782,0.4767148792743683,0.48523076325654985,0.4869408905506134,0.4861392080783844,nan,nan,cone_contrastive
0,nan,0.003144550835713744,screw,/Users/bytedance/Downloads/mvtec_anomaly_detection/screw/test/good/040.png,0.9736981391906738,0.003144550835713744,0.014670450240373605,0.02758079580962658,0.02031613141298294,nan,nan,cosine
0,nan,0.6858824491500854,screw,/Users/bytedance/Downloads/mvtec_anomaly_detection/screw/test/good/040.png,0.7135604023933411,0.6858824491500854,0.6942730456590652,0.6965773105621338,0.6953572034835815,nan,nan,cone_normal_only
0,nan,0.47672146558761597,screw,/Users/bytedance/Downloads/mvtec_anomaly_detection/screw/test/good/040.png,0.5057526230812073,0.47672146558761597,0.48455512076616286,0.48665651679039,0.48555058240890503,nan,nan,cone_contrastive
1,0.038617752492427826,0.007686855737119913,screw,/Users/bytedance/Downloads/mvtec_anomaly_detection/screw/test/scratch_head/000.png,0.9868826270103455,0.007768585812300444,0.03074088478460903,0.1711910218000412,0.07024022936820984,0.8886987619600785,0.030930896755307913,cosine
1,0.6937687397003174,0.686562716960907,screw,/Users/bytedance/Downloads/mvtec_anomaly_detection/screw/test/scratch_head/000.png,0.7153195142745972,0.6865817308425903,0.6957565546035767,0.698648989200592,0.6969051361083984,0.8912336488904353,0.0072060227394104,cone_normal_only
1,0.4849379062652588,0.47750771045684814,screw,/Users/bytedance/Downloads/mvtec_anomaly_detection/screw/test/scratch_head/000.png,0.5075541734695435,0.47752735018730164,0.4863212361931801,0.4900209903717041,0.48759692907333374,0.9010962741536026,0.0074301958084106445,cone_contrastive
1,0.028778668493032455,0.006439973600208759,screw,/Users/bytedance/Downloads/mvtec_anomaly_detection/screw/test/scratch_head/001.png,0.9927241206169128,0.006503578741103411,0.03203954230993985,0.10115303099155426,0.05222788825631142,0.9024670128303168,0.022338694892823696,cosine
1,0.6934961676597595,0.6863343119621277,screw,/Users/bytedance/Downloads/mvtec_anomaly_detection/screw/test/scratch_head/001.png,0.7164177298545837,0.6863546967506409,0.6958093047142029,0.6977422833442688,0.6967092156410217,0.8910483331428719,0.007161855697631836,cone_normal_only
1,0.4850790500640869,0.47737234830856323,screw,/Users/bytedance/Downloads/mvtec_anomaly_detection/screw/test/scratch_head/001.png,0.509120762348175,0.4773942828178406,0.48687555491924284,0.48896709084510803,0.48772501945495605,0.9031838383953024,0.007706701755523682,cone_contrastive
1,0.039581988006830215,0.006097274832427502,screw,/Users/bytedance/Downloads/mvtec_anomaly_detection/screw/test/scratch_head/002.png,0.988079845905304,0.006192865781486034,0.03073206255212426,0.09906995296478271,0.04952312260866165,0.9712585975111869,0.033484713174402714,cosine
1,0.6959701776504517,0.6864246129989624,screw,/Users/bytedance/Downloads/mvtec_anomaly_detection/screw/test/scratch_head/002.png,0.7156119346618652,0.6864517331123352,0.6961280703544617,0.6979250311851501,0.6969025731086731,0.9459234743509506,0.009545564651489258,cone_normal_only
1,0.4876149594783783,0.4773411154747009,screw,/Users/bytedance/Downloads/mvtec_anomaly_detection/screw/test/scratch_head/002.png,0.5078280568122864,0.4773704409599304,0.48690475672483446,0.48927804827690125,0.48776501417160034,0.9746110367285338,0.010273844003677368,cone_contrastive
1,0.03317847475409508,0.009798422455787659,screw,/Users/bytedance/Downloads/mvtec_anomaly_detection/screw/test/scratch_head/003.png,0.9947549104690552,0.009837109595537186,0.048462448827922305,0.1366945505142212,0.07927165925502777,0.8912235939650267,0.02338005229830742,cosine
1,0.6955679059028625,0.6871792674064636,screw,/Users/bytedance/Downloads/mvtec_anomaly_detection/screw/test/scratch_head/003.png,0.717578649520874,0.6871931552886963,0.6976822525262832,0.6993629932403564,0.6984882354736328,0.8890286317189222,0.008388638496398926,cone_normal_only
1,0.4869171679019928,0.47813960909843445,screw,/Users/bytedance/Downloads/mvtec_anomaly_detection/screw/test/scratch_head/003.png,0.5099514126777649,0.47815418243408203,0.4883777365088463,0.4909832775592804,0.48933911323547363,0.8997202971412506,0.00877755880355835,cone_contrastive
1,0.016638044267892838,0.004810301586985588,screw,/Users/bytedance/Downloads/mvtec_anomaly_detection/screw/test/scratch_head/004.png,0.9885962605476379,0.004843581933528185,0.02853852296248072,0.04700439050793648,0.037240736186504364,0.8848572525168292,0.01182774268090725,cosine
1,0.6931487321853638,0.6861350536346436,screw,/Users/bytedance/Downloads/mvtec_anomaly_detection/screw/test/scratch_head/004.png,0.7150533199310303,0.6861547827720642,0.6959949642419815,0.6980637311935425,0.6970893740653992,0.8727405215449903,0.007013678550720215,cone_normal_only
1,0.4843658208847046,0.4770832359790802,screw,/Users/bytedance/Downloads/mvtec_anomaly_detection/screw/test/scratch_head/004.png,0.5080429315567017,0.47710365056991577,0.4866185739636421,0.4883600175380707,0.48757612705230713,0.8810932769486284,0.00728258490562439,cone_contrastive
1,0.05619032308459282,0.012457825243473053,screw,/Users/bytedance/Downloads/mvtec_anomaly_detection/screw/test/scratch_head/005.png,0.9963017702102661,0.012513565830886364,0.06332840733230104,0.24799318611621857,0.12411364167928696,0.937792229084427,0.043732497841119766,cosine
1,0.6964161992073059,0.6868523359298706,screw,/Users/bytedance/Downloads/mvtec_anomaly_detection/screw/test/scratch_head/005.png,0.7182102203369141,0.6868643760681152,0.6977463364601135,0.7007494568824768,0.6989792585372925,0.9158574290644728,0.009563863277435303,cone_normal_only
1,0.4882505536079407,0.4779903292655945,screw,/Users/bytedance/Downloads/mvtec_anomaly_detection/screw/test/scratch_head/005.png,0.5109441876411438,0.47800350189208984,0.4889584302902222,0.49300581216812134,0.4905417263507843,0.9324877356037835,0.010260224342346191,cone_contrastive
1,0.07164266705513,0.008841011673212051,screw,/Users/bytedance/Downloads/mvtec_anomaly_detection/screw/test/scratch_head/006.png,0.9932286739349365,0.008995953015983105,0.054279222339391676,0.11599159240722656,0.08125431090593338,0.9483463565143404,0.06280165538191795,cosine
1,0.6963436603546143,0.6865823268890381,screw,/Users/bytedance/Downloads/mvtec_anomaly_detection/screw/test/scratch_head/006.png,0.7166011929512024,0.6866064071655273,0.6974375754594803,0.6999466419219971,0.6987261176109314,0.9147916400900707,0.009761333465576172,cone_normal_only
1,0.48792222142219543,0.47757095098495483,screw,/Users/bytedance/Downloads/mvtec_anomaly_detection/screw/test/scratch_head/006.png,0.5093736052513123,0.4775964915752411,0.4884812369942665,0.4909955561161041,0.48972898721694946,0.9277180467334676,0.0103512704372406,cone_contrastive
1,0.03732452541589737,0.00823251623660326,screw,/Users/bytedance/Downloads/mvtec_anomaly_detection/screw/test/scratch_head/007.png,0.9933013916015625,0.00830775871872902,0.04219661131501191,0.0857631042599678,0.05753815919160843,0.9179681403451645,0.02909200917929411,cosine
1,0.6945414543151855,0.6867912411689758,screw,/Users/bytedance/Downloads/mvtec_anomaly_detection/screw/test/scratch_head/007.png,0.7159991264343262,0.6868113279342651,0.6962457299232483,0.6983306407928467,0.6973277926445007,0.9031415554895834,0.007750213146209717,cone_normal_only
1,0.48634183406829834,0.47790828347206116,screw,/Users/bytedance/Downloads/mvtec_anomaly_detection/screw/test/scratch_head/007.png,0.5094839930534363,0.47793006896972656,0.4874398231506348,0.48964500427246094,0.4884808361530304,0.9182298408454789,0.008433550596237183,cone_contrastive
1,0.029851172119379044,0.00550934998318553,screw,/Users/bytedance/Downloads/mvtec_anomaly_detection/screw/test/scratch_head/008.png,0.9901208877563477,0.005579384043812752,0.030001332331448756,0.050024475902318954,0.03808087483048439,0.9409386952545529,0.024341822136193514,cosine
1,0.6951395869255066,0.6864418983459473,screw,/Users/bytedance/Downloads/mvtec_anomaly_detection/screw/test/scratch_head/008.png,0.7160156965255737,0.6864669322967529,0.6959721773862839,0.6977391242980957,0.6968146562576294,0.9204165890099791,0.008697688579559326,cone_normal_only
1,0.48651817440986633,0.477392315864563,screw,/Users/bytedance/Downloads/mvtec_anomaly_detection/screw/test/scratch_head/008.png,0.508334755897522,0.47741857171058655,0.4869010701775551,0.48848631978034973,0.48763617873191833,0.9363490446174659,0.009125858545303345,cone_contrastive
1,0.2111978679895401,0.008081200532615185,screw,/Users/bytedance/Downloads/mvtec_anomaly_detection/screw/test/scratch_head/009.png,0.9893878698348999,0.008712523616850376,0.03188367672264575,0.2545822858810425,0.08887754380702972,0.9883637932451901,0.20311666745692492,cosine
1,0.6991342902183533,0.6867925524711609,screw,/Users/bytedance/Downloads/mvtec_anomaly_detection/screw/test/scratch_head/009.png,0.7165573835372925,0.6868310570716858,0.6962876141071319,0.6999657154083252,0.6976341009140015,0.9762266511139662,0.012341737747192383,cone_normal_only
1,0.4916698634624481,0.47772106528282166,screw,/Users/bytedance/Downloads/mvtec_anomaly_detection/screw/test/scratch_head/009.png,0.5080324411392212,0.477764368057251,0.48688507825136185,0.49204221367836,0.48841190338134766,0.985102320775254,0.013948798179626465,cone_contrastive
1,0.03248172253370285,0.009212404489517212,screw,/Users/bytedance/Downloads/mvtec_anomaly_detection/screw/test/scratch_head/010.png,0.9947047829627991,0.0092616630718112,0.053613934293389294,0.10933350771665573,0.07487507164478302,0.8880485233665547,0.02326931804418564,cosine
1,0.6949447989463806,0.6869639158248901,screw,/Users/bytedance/Downloads/mvtec_anomaly_detection/screw/test/scratch_head/010.png,0.7173770666122437,0.6869808435440063,0.697358512878418,0.699205756187439,0.6983165740966797,0.8962663170157653,0.007980883121490479,cone_normal_only
1,0.48631271719932556,0.4780545234680176,screw,/Users/bytedance/Downloads/mvtec_anomaly_detection/screw/test/scratch_head/010.png,0.5099425911903381,0.47807201743125916,0.4885194718837738,0.49049481749534607,0.48954716324806213,0.9011891791749015,0.008258193731307983,cone_contrastive
1,0.045697908848524094,0.0070170266553759575,screw,/Users/bytedance/Downloads/mvtec_anomaly_detection/screw/test/scratch_head/011.png,0.9935646653175354,0.0071211084723472595,0.04119781479239461,0.07598546892404556,0.05498075485229492,0.9598999928802356,0.038680882193148136,cosine
1,0.6963258385658264,0.6865071654319763,screw,/Users/bytedance/Downloads/mvtec_anomaly_detection/screw/test/scratch_head/011.png,0.716835618019104,0.6865334510803223,0.696995198726654,0.6984811425209045,0.6977531313896179,0.9344806281027468,0.009818673133850098,cone_normal_only
1,0.4880746304988861,0.47754818201065063,screw,/Users/bytedance/Downloads/mvtec_anomaly_detection/screw/test/scratch_head/011.png,0.5094351172447205,0.47757649421691895,0.48788289427757264,0.48989805579185486,0.4888036847114563,0.9575529886747717,0.010526448488235474,cone_contrastive
1,0.05624721571803093,0.008230606094002724,screw,/Users/bytedance/Downloads/mvtec_anomaly_detection/screw/test/scratch_head/012.png,0.9872368574142456,0.008393093012273312,0.03467951826751232,0.11712588369846344,0.06488794833421707,0.9579857074637889,0.048016609624028206,cosine
1,0.6964067220687866,0.6869324445724487,screw,/Users/bytedance/Downloads/mvtec_anomaly_detection/screw/test/scratch_head/012.png,0.7151555418968201,0.6869644522666931,0.6960197001695633,0.6979652643203735,0.6968943476676941,0.9547037781158733,0.00947427749633789,cone_normal_only
1,0.4880303740501404,0.47785839438438416,screw,/Users/bytedance/Downloads/mvtec_anomaly_detection/screw/test/scratch_head/012.png,0.5076445937156677,0.4778927266597748,0.48671139031648636,0.4894036650657654,0.4877183437347412,0.9711522323811939,0.010171979665756226,cone_contrastive
1,0.510534942150116,0.01233086921274662,screw,/Users/bytedance/Downloads/mvtec_anomaly_detection/screw/test/scratch_head/013.png,0.9946972131729126,0.013264802284538746,0.05715636163949962,0.36942949891090393,0.1442887783050537,0.9995064951062275,0.49820407293736935,cosine
1,0.7046119570732117,0.6870202422142029,screw,/Users/bytedance/Downloads/mvtec_anomaly_detection/screw/test/scratch_head/013.png,0.7167699933052063,0.6870533227920532,0.6978692919015884,0.702246367931366,0.6993828415870667,0.9996006538683745,0.01759171485900879,cone_normal_only
1,0.4976830780506134,0.4780728220939636,screw,/Users/bytedance/Downloads/mvtec_anomaly_detection/screw/test/scratch_head/013.png,0.5100247859954834,0.4781095087528229,0.48885964006185534,0.4947160482406616,0.49075865745544434,0.999620046809847,0.01961025595664978,cone_contrastive
1,0.06332065165042877,0.006281706504523754,screw,/Users/bytedance/Downloads/mvtec_anomaly_detection/screw/test/scratch_head/014.png,0.9919318556785583,0.006411164533346891,0.03366250377148388,0.06739291548728943,0.045918699353933334,0.961713760930053,0.05703894514590502,cosine
1,0.6951621770858765,0.6865327954292297,screw,/Users/bytedance/Downloads/mvtec_anomaly_detection/screw/test/scratch_head/014.png,0.716367781162262,0.6865524053573608,0.6958720684051514,0.6981511116027832,0.6970179080963135,0.9313260888452468,0.008629381656646729,cone_normal_only
1,0.4870632588863373,0.4775906205177307,screw,/Users/bytedance/Downloads/mvtec_anomaly_detection/screw/test/scratch_head/014.png,0.5088529586791992,0.47761207818984985,0.48697119057178495,0.48896467685699463,0.48793351650238037,0.9464486426160801,0.009472638368606567,cone_contrastive
1,0.031995538622140884,0.008814322762191296,screw,/Users/bytedance/Downloads/mvtec_anomaly_detection/screw/test/scratch_head/015.png,0.9931682348251343,0.008891905657947063,0.041295715607702725,0.1264636069536209,0.0663401409983635,0.8860968919953661,0.02318121585994959,cosine
1,0.6942390203475952,0.6873574256896973,screw,/Users/bytedance/Downloads/mvtec_anomaly_detection/screw/test/scratch_head/015.png,0.7175014019012451,0.6873806118965149,0.6974285066127777,0.6992389559745789,0.6982080936431885,0.8653919115097044,0.006881594657897949,cone_normal_only
1,0.48576459288597107,0.47821831703186035,screw,/Users/bytedance/Downloads/mvtec_anomaly_detection/screw/test/scratch_head/015.png,0.5091167688369751,0.4782436192035675,0.48796115517616273,0.49063020944595337,0.4888741374015808,0.8848826851953318,0.007546275854110718,cone_contrastive
1,0.14603140950202942,0.008542285300791264,screw,/Users/bytedance/Downloads/mvtec_anomaly_detection/screw/test/scratch_head/016.png,0.9958248138427734,0.008815392851829529,0.04575917702168225,0.09726200997829437,0.0640362799167633,0.9933778934866059,0.13748912420123816,cosine
1,0.6986216902732849,0.6869508028030396,screw,/Users/bytedance/Downloads/mvtec_anomaly_detection/screw/test/scratch_head/016.png,0.7174859642982483,0.6869739890098572,0.6967233061790467,0.6989130973815918,0.6979091167449951,0.9822054881182262,0.011670887470245361,cone_normal_only
1,0.4906772971153259,0.47800788283348083,screw,/Users/bytedance/Downloads/mvtec_anomaly_detection/screw/test/scratch_head/016.png,0.5106943249702454,0.47803300619125366,0.4879384204745293,0.4901598393917084,0.4890282154083252,0.989589631459324,0.012669414281845093,cone_contrastive
1,0.04749004542827606,0.010828111320734024,screw,/Users/bytedance/Downloads/mvtec_anomaly_detection/screw/test/scratch_head/017.png,0.9938269257545471,0.010915148071944714,0.045527664013206855,0.18874973058700562,0.09130986779928207,0.9465322438747158,0.03666193410754204,cosine
1,0.6956847906112671,0.6873440146446228,screw,/Users/bytedance/Downloads/mvtec_anomaly_detection/screw/test/scratch_head/017.png,0.7171578407287598,0.6873639225959778,0.6971183747053147,0.6991233825683594,0.6979928016662598,0.9047984994354128,0.008340775966644287,cone_normal_only
1,0.48750001192092896,0.47833552956581116,screw,/Users/bytedance/Downloads/mvtec_anomaly_detection/screw/test/scratch_head/017.png,0.5094959139823914,0.4783572554588318,0.48778632283210754,0.4909919202327728,0.48887237906455994,0.9403647101400714,0.009164482355117798,cone_contrastive
1,0.18870258331298828,0.006848976481705904,screw,/Users/bytedance/Downloads/mvtec_anomaly_detection/screw/test/scratch_head/018.png,0.9918538331985474,0.00752264866605401,0.042962989024817905,0.192867249250412,0.08576449751853943,0.9955563967728865,0.18185360683128238,cosine
1,0.6990052461624146,0.6858264803886414,screw,/Users/bytedance/Downloads/mvtec_anomaly_detection/screw/test/scratch_head/018.png,0.7157504558563232,0.685875415802002,0.6964573830366134,0.6997009515762329,0.698114812374115,0.9823492238358893,0.013178765773773193,cone_normal_only
1,0.49107030034065247,0.47671863436698914,screw,/Users/bytedance/Downloads/mvtec_anomaly_detection/screw/test/scratch_head/018.png,0.5089543461799622,0.47677183151245117,0.48737239241600033,0.4913640022277832,0.48914533853530884,0.9877704693729278,0.01435166597366333,cone_contrastive
1,0.054707132279872894,0.008190235123038292,screw,/Users/bytedance/Downloads/mvtec_anomaly_detection/screw/test/scratch_head/019.png,0.9934105277061462,0.008305346593260765,0.049813412502407964,0.11233430355787277,0.07511556148529053,0.9520576590153486,0.0465168971568346,cosine
1,0.696792721748352,0.6866773962974548,screw,/Users/bytedance/Downloads/mvtec_anomaly_detection/screw/test/scratch_head/019.png,0.7171914577484131,0.68670254945755,0.6979107171297073,0.699613094329834,0.698664665222168,0.9219352977928301,0.010115325450897217,cone_normal_only
1,0.4882904887199402,0.4775489568710327,screw,/Users/bytedance/Downloads/mvtec_anomaly_detection/screw/test/scratch_head/019.png,0.509337306022644,0.47757554054260254,0.4885809123516083,0.4909917414188385,0.4896109104156494,0.9426173788406259,0.01074153184890747,cone_contrastive
1,0.05058781057596207,0.004949323832988739,screw,/Users/bytedance/Downloads/mvtec_anomaly_detection/screw/test/scratch_head/020.png,0.9900786876678467,0.005055628251284361,0.03175264503806828,0.06309450417757034,0.04322061687707901,0.9577400289130703,0.04563848674297333,cosine
1,0.69379061460495,0.6857603788375854,screw,/Users/bytedance/Downloads/mvtec_anomaly_detection/screw/test/scratch_head/020.png,0.7161371111869812,0.6857790946960449,0.6957042634487152,0.6979408860206604,0.6968154311180115,0.9077951639714754,0.008030235767364502,cone_normal_only
1,0.48545557260513306,0.4767618477344513,screw,/Users/bytedance/Downloads/mvtec_anomaly_detection/screw/test/scratch_head/020.png,0.5082885026931763,0.47678205370903015,0.48678572475910187,0.4888142943382263,0.487777441740036,0.9194504574167255,0.008693724870681763,cone_contrastive
1,0.01585114188492298,0.0065026190131902695,screw,/Users/bytedance/Downloads/mvtec_anomaly_detection/screw/test/scratch_head/021.png,0.9942465424537659,0.006520979106426239,0.03602972105145443,0.0975668728351593,0.05610056221485138,0.8698148783986092,0.009348522871732712,cosine
1,0.6936898827552795,0.6862034797668457,screw,/Users/bytedance/Downloads/mvtec_anomaly_detection/screw/test/scratch_head/021.png,0.7160898447036743,0.6862183213233948,0.6958771586418152,0.6984253525733948,0.6972018480300903,0.8929308046844711,0.007486402988433838,cone_normal_only
1,0.484917551279068,0.4773269295692444,screw,/Users/bytedance/Downloads/mvtec_anomaly_detection/screw/test/scratch_head/021.png,0.5098671913146973,0.47734180092811584,0.48700445890426636,0.4895588159561157,0.48826101422309875,0.8945686145526173,0.007590621709823608,cone_contrastive
1,0.02974202111363411,0.006979251280426979,screw,/Users/bytedance/Downloads/mvtec_anomaly_detection/screw/test/scratch_head/022.png,0.9915395379066467,0.007009705528616905,0.0394430667161941,0.10073394328355789,0.06119227409362793,0.9111196754949755,0.02276276983320713,cosine
1,0.6939190030097961,0.6861961483955383,screw,/Users/bytedance/Downloads/mvtec_anomaly_detection/screw/test/scratch_head/022.png,0.7160513997077942,0.6862065196037292,0.6963048994541168,0.6984534859657288,0.6973535418510437,0.894770847666621,0.0077228546142578125,cone_normal_only
1,0.48535165190696716,0.4772924482822418,screw,/Users/bytedance/Downloads/mvtec_anomaly_detection/screw/test/scratch_head/022.png,0.5087735056877136,0.4773031771183014,0.4873926505446434,0.48989346623420715,0.4885365664958954,0.901577644400926,0.008059203624725342,cone_contrastive
1,0.06053438037633896,0.006962891668081284,screw,/Users/bytedance/Downloads/mvtec_anomaly_detection/screw/test/scratch_head/023.png,0.9912768602371216,0.007088473066687584,0.04147062767297028,0.11368320137262344,0.06293285638093948,0.9823700482993379,0.053571488708257675,cosine
1,0.6975040435791016,0.6863190531730652,screw,/Users/bytedance/Downloads/mvtec_anomaly_detection/screw/test/scratch_head/023.png,0.7159101963043213,0.6863452196121216,0.697005033493042,0.6989518404006958,0.6979308128356934,0.9658715987047286,0.011184990406036377,cone_normal_only
1,0.48903366923332214,0.4772992432117462,screw,/Users/bytedance/Downloads/mvtec_anomaly_detection/screw/test/scratch_head/023.png,0.5087655186653137,0.47732672095298767,0.4878288760781288,0.49027177691459656,0.48883384466171265,0.9822916334766411,0.011734426021575928,cone_contrastive
1,0.0671028420329094,0.008142095990478992,screw,/Users/bytedance/Downloads/mvtec_anomaly_detection/screw/test/thread_side/000.png,0.9955728054046631,0.008231528103351593,0.046487605571746776,0.08793558925390244,0.06598753482103348,0.9551034402555583,0.0589607460424304,cosine
1,0.6972646713256836,0.6869356632232666,screw,/Users/bytedance/Downloads/mvtec_anomaly_detection/screw/test/thread_side/000.png,0.7173466682434082,0.6869514584541321,0.6969940066337585,0.6990580558776855,0.6981062889099121,0.9541470308853491,0.010329008102416992,cone_normal_only
1,0.48850980401039124,0.4779248535633087,screw,/Users/bytedance/Downloads/mvtec_anomaly_detection/screw/test/thread_side/000.png,0.5105236768722534,0.4779408574104309,0.4882501244544983,0.49039745330810547,0.4893900156021118,0.9522847201046046,0.01058495044708252,cone_contrastive
1,0.21313950419425964,0.011067058891057968,screw,/Users/bytedance/Downloads/mvtec_anomaly_detection/screw/test/thread_side/001.png,0.9953000545501709,0.01222154963761568,0.0610854335129261,0.2571817636489868,0.12264975160360336,0.9906687452669908,0.20207244530320168,cosine
1,0.7004395127296448,0.686937153339386,screw,/Users/bytedance/Downloads/mvtec_anomaly_detection/screw/test/thread_side/001.png,0.7169486284255981,0.6870143413543701,0.697627067565918,0.7011162638664246,0.6991574764251709,0.9881762051144242,0.013502359390258789,cone_normal_only
1,0.4923858046531677,0.478081613779068,screw,/Users/bytedance/Downloads/mvtec_anomaly_detection/screw/test/thread_side/001.png,0.5103302597999573,0.4781632721424103,0.4888161078095436,0.49301502108573914,0.4904893636703491,0.9911326202279518,0.014304190874099731,cone_contrastive
1,0.17737165093421936,0.00645549176260829,screw,/Users/bytedance/Downloads/mvtec_anomaly_detection/screw/test/thread_side/002.png,0.990796685218811,0.0068223909474909306,0.03799991905689238,0.13928988575935364,0.06302586942911148,0.9917044911529581,0.17091615917161107,cosine
1,0.6995627880096436,0.68631511926651,screw,/Users/bytedance/Downloads/mvtec_anomaly_detection/screw/test/thread_side/002.png,0.7167805433273315,0.6863434910774231,0.696866026520729,0.6995748281478882,0.6980622410774231,0.9835674348330021,0.013247668743133545,cone_normal_only
1,0.4906468987464905,0.4771983325481415,screw,/Users/bytedance/Downloads/mvtec_anomaly_detection/screw/test/thread_side/002.png,0.5084015130996704,0.47722724080085754,0.4876928925514221,0.4903241991996765,0.4886603355407715,0.9855768614777494,0.013448566198348999,cone_contrastive
1,0.10465504229068756,0.0054787518456578255,screw,/Users/bytedance/Downloads/mvtec_anomaly_detection/screw/test/thread_side/003.png,0.9902263879776001,0.0056764958426356316,0.03439161013811815,0.11577194929122925,0.062134984880685806,0.981738150447156,0.09917629044502974,cosine
1,0.6971104741096497,0.6853301525115967,screw,/Users/bytedance/Downloads/mvtec_anomaly_detection/screw/test/thread_side/003.png,0.7157794833183289,0.6853536367416382,0.6955795794725418,0.6987923979759216,0.6972690224647522,0.9706761108437202,0.011780321598052979,cone_normal_only
1,0.4888538420200348,0.47641637921333313,screw,/Users/bytedance/Downloads/mvtec_anomaly_detection/screw/test/thread_side/003.png,0.5084906220436096,0.4764411151409149,0.48670252710580825,0.49003133177757263,0.488444983959198,0.9772911843726314,0.01243746280670166,cone_contrastive
1,0.17435088753700256,0.008471434935927391,screw,/Users/bytedance/Downloads/mvtec_anomaly_detection/screw/test/thread_side/004.png,0.9871020913124084,0.008703261613845825,0.048238161765038874,0.17609286308288574,0.09088277071714401,0.986549450330722,0.16587945260107517,cosine
1,0.6990606188774109,0.6861851215362549,screw,/Users/bytedance/Downloads/mvtec_anomaly_detection/screw/test/thread_side/004.png,0.7154245972633362,0.6862031817436218,0.6969625860452652,0.6996402144432068,0.6981550455093384,0.9836519735720852,0.012875497341156006,cone_normal_only
1,0.49039655923843384,0.4771621823310852,screw,/Users/bytedance/Downloads/mvtec_anomaly_detection/screw/test/thread_side/004.png,0.5076732039451599,0.47718074917793274,0.4879949867725372,0.49129465222358704,0.4893728494644165,0.9809671492211826,0.013234376907348633,cone_contrastive
1,0.10341773927211761,0.006109238136559725,screw,/Users/bytedance/Downloads/mvtec_anomaly_detection/screw/test/thread_side/005.png,0.9912976026535034,0.006361644249409437,0.03494989126920697,0.13338090479373932,0.06370429694652557,0.984771405011657,0.09730850113555789,cosine
1,0.6982997059822083,0.6859248280525208,screw,/Users/bytedance/Downloads/mvtec_anomaly_detection/screw/test/thread_side/005.png,0.715828001499176,0.6859568357467651,0.6964291483163834,0.6987561583518982,0.6975265145301819,0.9886022526722201,0.0123748779296875,cone_normal_only
1,0.48926323652267456,0.4768500328063965,screw,/Users/bytedance/Downloads/mvtec_anomaly_detection/screw/test/thread_side/005.png,0.5086945295333862,0.4768822491168976,0.48727474808692933,0.4902336597442627,0.48850587010383606,0.9854230724531169,0.012413203716278076,cone_contrastive
1,0.11231774091720581,0.008414162322878838,screw,/Users/bytedance/Downloads/mvtec_anomaly_detection/screw/test/thread_side/006.png,0.9922991394996643,0.008879615925252438,0.04045146089047183,0.3009355664253235,0.10967539250850677,0.9698673411780002,0.10390357859432697,cosine
1,0.6979179978370667,0.6858873963356018,screw,/Users/bytedance/Downloads/mvtec_anomaly_detection/screw/test/thread_side/006.png,0.7167761325836182,0.6859412789344788,0.6966104954481125,0.7009819746017456,0.698205292224884,0.9680883410710986,0.012030601501464844,cone_normal_only
1,0.48934605717658997,0.47690311074256897,screw,/Users/bytedance/Downloads/mvtec_anomaly_detection/screw/test/thread_side/006.png,0.5090007185935974,0.4769589304924011,0.48752244412899015,0.49309080839157104,0.4894060790538788,0.9720140183847396,0.012442946434020996,cone_contrastive
1,0.2550358772277832,0.010638726875185966,screw,/Users/bytedance/Downloads/mvtec_anomaly_detection/screw/test/thread_side/007.png,0.9938499927520752,0.011536805890500546,0.06258337870240198,0.3195704221725464,0.13296371698379517,0.9834119271822436,0.24439715035259724,cosine
1,0.7006822824478149,0.6860538125038147,screw,/Users/bytedance/Downloads/mvtec_anomaly_detection/screw/test/thread_side/007.png,0.7169741988182068,0.6861076951026917,0.6979949980974197,0.7018311023712158,0.6992559432983398,0.9801128713737001,0.014628469944000244,cone_normal_only
1,0.4924226999282837,0.47709882259368896,screw,/Users/bytedance/Downloads/mvtec_anomaly_detection/screw/test/thread_side/007.png,0.5095611810684204,0.47715529799461365,0.4890706956386566,0.494041383266449,0.49067673087120056,0.9772252455609333,0.015323877334594727,cone_contrastive
1,0.18849310278892517,0.020692413672804832,screw,/Users/bytedance/Downloads/mvtec_anomaly_detection/screw/test/thread_side/008.png,0.9974852800369263,0.021130794659256935,0.1082783795893189,0.29926252365112305,0.18040667474269867,0.9715478754118329,0.16780068911612034,cosine
1,0.7001982927322388,0.687987208366394,screw,/Users/bytedance/Downloads/mvtec_anomaly_detection/screw/test/thread_side/008.png,0.718522846698761,0.6880192160606384,0.6987531185150146,0.7017322182655334,0.6999083161354065,0.9711446717931073,0.012211084365844727,cone_normal_only
1,0.4918779730796814,0.4790551960468292,screw,/Users/bytedance/Downloads/mvtec_anomaly_detection/screw/test/thread_side/008.png,0.5119372606277466,0.479088693857193,0.4899419486522675,0.49386563897132874,0.4914729595184326,0.9724433320547695,0.012822777032852173,cone_contrastive
1,0.06826817244291306,0.005039787385612726,screw,/Users/bytedance/Downloads/mvtec_anomaly_detection/screw/test/thread_side/009.png,0.9813373684883118,0.0051934258081018925,0.03237233683466903,0.06941719353199005,0.04662549868226051,0.9880076479005439,0.06322838505730033,cosine
1,0.6982035040855408,0.6856907606124878,screw,/Users/bytedance/Downloads/mvtec_anomaly_detection/screw/test/thread_side/009.png,0.7145593762397766,0.6857211589813232,0.6963147670030594,0.6985160708427429,0.6974331736564636,0.9870341496606873,0.012512743473052979,cone_normal_only
1,0.48890581727027893,0.47659480571746826,screw,/Users/bytedance/Downloads/mvtec_anomaly_detection/screw/test/thread_side/009.png,0.5067342519760132,0.47662481665611267,0.48693167716264724,0.4892285168170929,0.48807835578918457,0.9856735028421378,0.012311011552810669,cone_contrastive
1,0.039488546550273895,0.005884458776563406,screw,/Users/bytedance/Downloads/mvtec_anomaly_detection/screw/test/thread_side/010.png,0.990407407283783,0.005984272807836533,0.03278014007955786,0.13651712238788605,0.06265264004468918,0.9594742671618801,0.03360408777371049,cosine
1,0.6955763101577759,0.6854711174964905,screw,/Users/bytedance/Downloads/mvtec_anomaly_detection/screw/test/thread_side/010.png,0.7158194780349731,0.6855011582374573,0.695678386092186,0.6984790563583374,0.6970152258872986,0.9478923219321256,0.0101051926612854,cone_normal_only
1,0.4866182506084442,0.4765234589576721,screw,/Users/bytedance/Downloads/mvtec_anomaly_detection/screw/test/thread_side/010.png,0.5084720253944397,0.47655344009399414,0.4867872506380081,0.4898543655872345,0.4881567656993866,0.9464401766148263,0.010094791650772095,cone_contrastive
1,0.1839609295129776,0.012078907340765,screw,/Users/bytedance/Downloads/mvtec_anomaly_detection/screw/test/thread_side/011.png,0.9963458180427551,0.012362680397927761,0.06965911798179138,0.1846896857023239,0.11133329570293427,0.9891915215916222,0.1718820221722126,cosine
1,0.6997135281562805,0.6865824460983276,screw,/Users/bytedance/Downloads/mvtec_anomaly_detection/screw/test/thread_side/011.png,0.7177134156227112,0.6866040229797363,0.6976909637451172,0.7005652785301208,0.699064314365387,0.9820409963883174,0.01313108205795288,cone_normal_only
1,0.49134138226509094,0.47766414284706116,screw,/Users/bytedance/Downloads/mvtec_anomaly_detection/screw/test/thread_side/011.png,0.5109707713127136,0.4776867628097534,0.48900307565927503,0.49248206615448,0.4905335307121277,0.9812942656059428,0.013677239418029785,cone_contrastive
1,0.3111779987812042,0.009163103997707367,screw,/Users/bytedance/Downloads/mvtec_anomaly_detection/screw/test/thread_side/012.png,0.9931612014770508,0.010384338907897472,0.05762177314609287,0.245694100856781,0.11342838406562805,0.9976829522264568,0.30201489478349686,cosine
1,0.7020204067230225,0.68684321641922,screw,/Users/bytedance/Downloads/mvtec_anomaly_detection/screw/test/thread_side/012.png,0.7167224287986755,0.6869046092033386,0.6973234832286834,0.7010701298713684,0.6989385485649109,0.9974273136787083,0.01517719030380249,cone_normal_only
1,0.49429094791412354,0.47789397835731506,screw,/Users/bytedance/Downloads/mvtec_anomaly_detection/screw/test/thread_side/012.png,0.5093202590942383,0.4779602289199829,0.4886097848415375,0.49303576350212097,0.49035951495170593,0.9973653694375957,0.01639696955680847,cone_contrastive
1,0.26958122849464417,0.010639915242791176,screw,/Users/bytedance/Downloads/mvtec_anomaly_detection/screw/test/thread_side/013.png,0.9942231774330139,0.011055845767259598,0.0455644771456718,0.26934197545051575,0.10170702636241913,0.9828420172222551,0.258941313251853,cosine
1,0.7016835808753967,0.6873643398284912,screw,/Users/bytedance/Downloads/mvtec_anomaly_detection/screw/test/thread_side/013.png,0.7164803147315979,0.6873874664306641,0.6971092134714126,0.7008067965507507,0.698517382144928,0.9924468839642949,0.014319241046905518,cone_normal_only
1,0.49302592873573303,0.4783816933631897,screw,/Users/bytedance/Downloads/mvtec_anomaly_detection/screw/test/thread_side/013.png,0.5098099112510681,0.47840526700019836,0.48794154971838,0.492742121219635,0.48952949047088623,0.9881547575315396,0.014644235372543335,cone_contrastive
1,0.08751510083675385,0.011429151520133018,screw,/Users/bytedance/Downloads/mvtec_anomaly_detection/screw/test/thread_side/014.png,0.9924949407577515,0.01162622682750225,0.06316920630633827,0.24960531294345856,0.11861512809991837,0.9728028823106916,0.07608594931662083,cosine
1,0.6994755268096924,0.6868465542793274,screw,/Users/bytedance/Downloads/mvtec_anomaly_detection/screw/test/thread_side/014.png,0.716912567615509,0.6868793368339539,0.6983665645122528,0.701128363609314,0.6994129419326782,0.9849526958437659,0.01262897253036499,cone_normal_only
1,0.49036040902137756,0.477822482585907,screw,/Users/bytedance/Downloads/mvtec_anomaly_detection/screw/test/thread_side/014.png,0.5089925527572632,0.4778549373149872,0.4892780989408493,0.492965430021286,0.4905279278755188,0.9795134201536536,0.012537926435470581,cone_contrastive
1,0.2663625478744507,0.011689629405736923,screw,/Users/bytedance/Downloads/mvtec_anomaly_detection/screw/test/thread_side/015.png,0.9946251511573792,0.012412863783538342,0.05496068857610224,0.22765712440013885,0.11466243863105774,0.9942548405539424,0.25467291846871376,cosine
1,0.7000219821929932,0.6870567202568054,screw,/Users/bytedance/Downloads/mvtec_anomaly_detection/screw/test/thread_side/015.png,0.7167145609855652,0.6870934963226318,0.6965255051851272,0.6999967098236084,0.6979117393493652,0.9857032645765857,0.012965261936187744,cone_normal_only
1,0.491984486579895,0.47813013195991516,screw,/Users/bytedance/Downloads/mvtec_anomaly_detection/screw/test/thread_side/015.png,0.5099817514419556,0.4781695008277893,0.48756747543811796,0.4919857978820801,0.4891830086708069,0.9871209677288033,0.013854354619979858,cone_contrastive
1,0.0679817646741867,0.008854677900671959,screw,/Users/bytedance/Downloads/mvtec_anomaly_detection/screw/test/thread_side/016.png,0.9958130717277527,0.009169128723442554,0.04719185158610335,0.132958322763443,0.0760551244020462,0.9708608959508772,0.05912708677351475,cosine
1,0.6978214383125305,0.6868708729743958,screw,/Users/bytedance/Downloads/mvtec_anomaly_detection/screw/test/thread_side/016.png,0.7176050543785095,0.6869290471076965,0.696859622001648,0.6992641687393188,0.6981632113456726,0.9696510234064584,0.010950565338134766,cone_normal_only
1,0.4888921082019806,0.4780602753162384,screw,/Users/bytedance/Downloads/mvtec_anomaly_detection/screw/test/thread_side/016.png,0.5106692910194397,0.47811779379844666,0.487953782081604,0.49045702815055847,0.4892168343067169,0.9686321373515588,0.010831832885742188,cone_contrastive
1,0.22268375754356384,0.0120431799441576,screw,/Users/bytedance/Downloads/mvtec_anomaly_detection/screw/test/thread_side/017.png,0.9962205290794373,0.012623311951756477,0.07392586059868306,0.28305619955062866,0.14697058498859406,0.9788865035816399,0.21064057759940624,cosine
1,0.7002043724060059,0.6869293451309204,screw,/Users/bytedance/Downloads/mvtec_anomaly_detection/screw/test/thread_side/017.png,0.7177177667617798,0.686965823173523,0.6978601545095444,0.701735258102417,0.6998337507247925,0.9726900381938253,0.01327502727508545,cone_normal_only
1,0.491895467042923,0.47796809673309326,screw,/Users/bytedance/Downloads/mvtec_anomaly_detection/screw/test/thread_side/017.png,0.5108770728111267,0.478006511926651,0.48914198130369185,0.4937148988246918,0.4913213849067688,0.9726897701723047,0.013927370309829712,cone_contrastive
1,0.17329660058021545,0.00767842773348093,screw,/Users/bytedance/Downloads/mvtec_anomaly_detection/screw/test/thread_side/018.png,0.9877617359161377,0.008062345907092094,0.04409692659974094,0.22808808088302612,0.09427707642316818,0.9769218447080176,0.16561817284673452,cosine
1,0.6991512179374695,0.6856027841567993,screw,/Users/bytedance/Downloads/mvtec_anomaly_detection/screw/test/thread_side/018.png,0.7150555849075317,0.6856342554092407,0.6966882854700088,0.700061559677124,0.6981142163276672,0.9763044036992614,0.013548433780670166,cone_normal_only
1,0.4904384911060333,0.47652795910835266,screw,/Users/bytedance/Downloads/mvtec_anomaly_detection/screw/test/thread_side/018.png,0.507836639881134,0.47656023502349854,0.48772288858890533,0.4919504225254059,0.489388644695282,0.9740995987019304,0.013910531997680664,cone_contrastive
1,0.07794484496116638,0.004520937334746122,screw,/Users/bytedance/Downloads/mvtec_anomaly_detection/screw/test/thread_side/019.png,0.9867608547210693,0.004605766851454973,0.0272362419404089,0.08545342087745667,0.04709077998995781,0.9696747666287052,0.07342390762642026,cosine
1,0.6952866911888123,0.6851093173027039,screw,/Users/bytedance/Downloads/mvtec_anomaly_detection/screw/test/thread_side/019.png,0.7157511115074158,0.6851212382316589,0.6950928539037704,0.697846531867981,0.6965343952178955,0.9481786639937201,0.010177373886108398,cone_normal_only
1,0.4865836799144745,0.4760917127132416,screw,/Users/bytedance/Downloads/mvtec_anomaly_detection/screw/test/thread_side/019.png,0.5075406432151794,0.47610393166542053,0.48612452745437623,0.48904189467430115,0.4876222610473633,0.9515339051859832,0.01049196720123291,cone_contrastive
1,0.14327622950077057,0.005063923075795174,screw,/Users/bytedance/Downloads/mvtec_anomaly_detection/screw/test/thread_side/020.png,0.9861425757408142,0.005274596624076366,0.030454473569989156,0.08738310635089874,0.05235598608851433,0.9964320234946611,0.1382123064249754,cosine
1,0.6986954212188721,0.6856024265289307,screw,/Users/bytedance/Downloads/mvtec_anomaly_detection/screw/test/thread_side/020.png,0.7150517702102661,0.6856223344802856,0.6956369787454605,0.6987386345863342,0.6971846222877502,0.9911987284585161,0.013092994689941406,cone_normal_only
1,0.49042922258377075,0.4765641391277313,screw,/Users/bytedance/Downloads/mvtec_anomaly_detection/screw/test/thread_side/020.png,0.5075172781944275,0.476585328578949,0.4865873411297798,0.4898257553577423,0.4882104992866516,0.9944296185243221,0.013865083456039429,cone_contrastive
1,0.15708361566066742,0.005134364124387503,screw,/Users/bytedance/Downloads/mvtec_anomaly_detection/screw/test/thread_side/021.png,0.9895321130752563,0.0056230719201266766,0.030779445916414124,0.13075025379657745,0.06033030524849892,0.9896171821639362,0.15194925153627992,cosine
1,0.6991167664527893,0.6856406331062317,screw,/Users/bytedance/Downloads/mvtec_anomaly_detection/screw/test/thread_side/021.png,0.7159892916679382,0.6856839060783386,0.6956212490797042,0.6989731788635254,0.6971626877784729,0.9910484084698405,0.013476133346557617,cone_normal_only
1,0.49055129289627075,0.47661077976226807,screw,/Users/bytedance/Downloads/mvtec_anomaly_detection/screw/test/thread_side/021.png,0.5082316994667053,0.47665563225746155,0.48664497733116147,0.49029624462127686,0.4882037937641144,0.9906169055704,0.013940513134002686,cone_contrastive
1,0.17563125491142273,0.012368286959826946,screw,/Users/bytedance/Downloads/mvtec_anomaly_detection/screw/test/thread_side/022.png,0.9951310157775879,0.01298221480101347,0.06461279988288876,0.341880202293396,0.15253496170043945,0.9873606167651083,0.16326296795159578,cosine
1,0.7002270221710205,0.6862481236457825,screw,/Users/bytedance/Downloads/mvtec_anomaly_detection/screw/test/thread_side/022.png,0.7173011898994446,0.6863006353378296,0.6973730057477951,0.7017571330070496,0.6991094350814819,0.9915746145454428,0.013978898525238037,cone_normal_only
1,0.4921475946903229,0.4773566722869873,screw,/Users/bytedance/Downloads/mvtec_anomaly_detection/screw/test/thread_side/022.png,0.5102735757827759,0.47741225361824036,0.4888281852006912,0.4941967725753784,0.4908210337162018,0.9910364989045062,0.014790922403335571,cone_contrastive
1,0.19435393810272217,0.027134886011481285,toothbrush,/Users/bytedance/Downloads/mvtec_anomaly_detection/toothbrush/test/defective/000.png,0.9688717722892761,0.030939504504203796,0.14348658472299575,0.37274694442749023,0.24205483496189117,0.9519918775872769,0.16721905209124088,cosine
1,0.7001234889030457,0.6901513338088989,toothbrush,/Users/bytedance/Downloads/mvtec_anomaly_detection/toothbrush/test/defective/000.png,0.7152811884880066,0.6903780698776245,0.6994002282619476,0.702813982963562,0.7009240984916687,0.9510507570400256,0.009972155094146729,cone_normal_only
1,0.4920656979084015,0.4812585413455963,toothbrush,/Users/bytedance/Downloads/mvtec_anomaly_detection/toothbrush/test/defective/000.png,0.5050257444381714,0.4815043807029724,0.4911266937851906,0.495275616645813,0.49301454424858093,0.9486731990898355,0.010807156562805176,cone_contrastive
1,0.33977511525154114,0.016190003603696823,toothbrush,/Users/bytedance/Downloads/mvtec_anomaly_detection/toothbrush/test/defective/001.png,0.9665437340736389,0.017727583646774292,0.07384124398231479,0.43928322196006775,0.2089138776063919,0.9723243990105657,0.3235851116478443,cosine
1,0.7013552188873291,0.6885985136032104,toothbrush,/Users/bytedance/Downloads/mvtec_anomaly_detection/toothbrush/test/defective/001.png,0.714539110660553,0.6886590123176575,0.6963569313287735,0.702612578868866,0.6987664103507996,0.9771016173208721,0.012756705284118652,cone_normal_only
1,0.49367743730545044,0.4795994460582733,toothbrush,/Users/bytedance/Downloads/mvtec_anomaly_detection/toothbrush/test/defective/001.png,0.5049272179603577,0.4796663224697113,0.4875315874814987,0.4951755702495575,0.49047088623046875,0.9754268244375215,0.014077991247177124,cone_contrastive
1,0.2880001366138458,0.034429438412189484,toothbrush,/Users/bytedance/Downloads/mvtec_anomaly_detection/toothbrush/test/defective/002.png,0.9905677437782288,0.036945074796676636,0.18550077006220766,0.5999485850334167,0.33481359481811523,0.9435954793927294,0.25357069820165634,cosine
1,0.701389491558075,0.6896311044692993,toothbrush,/Users/bytedance/Downloads/mvtec_anomaly_detection/toothbrush/test/defective/002.png,0.7169428467750549,0.6897478103637695,0.6997906297445298,0.7061589956283569,0.7021159529685974,0.9382359798617927,0.011758387088775635,cone_normal_only
1,0.4936063885688782,0.48075830936431885,toothbrush,/Users/bytedance/Downloads/mvtec_anomaly_detection/toothbrush/test/defective/002.png,0.508277416229248,0.48088574409484863,0.49163210690021514,0.4993627667427063,0.4944612681865692,0.9369377239663278,0.012848079204559326,cone_contrastive
1,0.2369655966758728,0.018329206854104996,toothbrush,/Users/bytedance/Downloads/mvtec_anomaly_detection/toothbrush/test/defective/003.png,0.9731718301773071,0.019676921889185905,0.08196636103093613,0.3126941919326782,0.16977378726005554,0.9838414950586999,0.2186363898217678,cosine
1,0.7002694010734558,0.6892040967941284,toothbrush,/Users/bytedance/Downloads/mvtec_anomaly_detection/toothbrush/test/defective/003.png,0.7149714827537537,0.689272403717041,0.6978387236595154,0.7015743255615234,0.6993624567985535,0.9742731541127804,0.011065304279327393,cone_normal_only
1,0.4922976791858673,0.4802248775959015,toothbrush,/Users/bytedance/Downloads/mvtec_anomaly_detection/toothbrush/test/defective/003.png,0.5054716467857361,0.4802992641925812,0.48938064873218534,0.4938651919364929,0.49119895696640015,0.9745639727266409,0.01207280158996582,cone_contrastive
1,0.47882458567619324,0.01681802049279213,toothbrush,/Users/bytedance/Downloads/mvtec_anomaly_detection/toothbrush/test/defective/004.png,0.9754174947738647,0.017983699217438698,0.07519834153354152,0.4877818524837494,0.216147318482399,0.9893780978814006,0.4620065651834011,cosine
1,0.7030338644981384,0.6883484721183777,toothbrush,/Users/bytedance/Downloads/mvtec_anomaly_detection/toothbrush/test/defective/004.png,0.715279757976532,0.6883857250213623,0.6961897581815719,0.7034213542938232,0.6987799406051636,0.9798460729643682,0.014685392379760742,cone_normal_only
1,0.4959983229637146,0.4793739914894104,toothbrush,/Users/bytedance/Downloads/mvtec_anomaly_detection/toothbrush/test/defective/004.png,0.5056505799293518,0.4794158935546875,0.4874361053109169,0.49631181359291077,0.49060267210006714,0.9812804067157418,0.0166243314743042,cone_contrastive
1,0.10240772366523743,0.020116562023758888,toothbrush,/Users/bytedance/Downloads/mvtec_anomaly_detection/toothbrush/test/defective/005.png,0.9581323862075806,0.0241142138838768,0.11377049870789042,0.3523975908756256,0.19982662796974182,0.9428443056247108,0.08229116164147854,cosine
1,0.6983256936073303,0.6892328858375549,toothbrush,/Users/bytedance/Downloads/mvtec_anomaly_detection/toothbrush/test/defective/005.png,0.7138422131538391,0.6896745562553406,0.6985616683959961,0.7015822529792786,0.6998323798179626,0.9512064946549299,0.00909280776977539,cone_normal_only
1,0.49006202816963196,0.480233371257782,toothbrush,/Users/bytedance/Downloads/mvtec_anomaly_detection/toothbrush/test/defective/005.png,0.5044361352920532,0.4807107448577881,0.4902132749557495,0.4937070310115814,0.49173596501350403,0.9535744278133135,0.009828656911849976,cone_contrastive
1,0.05819768086075783,0.019651204347610474,toothbrush,/Users/bytedance/Downloads/mvtec_anomaly_detection/toothbrush/test/defective/006.png,0.9542136788368225,0.02016606554389,0.09989201761782164,0.34166091680526733,0.19778616726398468,0.8982966567939973,0.038546476513147354,cosine
1,0.6963834166526794,0.6888387203216553,toothbrush,/Users/bytedance/Downloads/mvtec_anomaly_detection/toothbrush/test/defective/006.png,0.7139593362808228,0.6889395117759705,0.6976906299591065,0.7011107206344604,0.6990868449211121,0.8967668624000367,0.00754469633102417,cone_normal_only
1,0.48765188455581665,0.47982287406921387,toothbrush,/Users/bytedance/Downloads/mvtec_anomaly_detection/toothbrush/test/defective/006.png,0.5040967464447021,0.4799274504184723,0.48895826041698454,0.4931424856185913,0.4906727969646454,0.9015999340702535,0.007829010486602783,cone_contrastive
1,0.543384850025177,0.014844855293631554,toothbrush,/Users/bytedance/Downloads/mvtec_anomaly_detection/toothbrush/test/defective/007.png,0.9716594219207764,0.016135063022375107,0.05105924494564533,0.42227354645729065,0.15864215791225433,0.9980120029183817,0.5285399947315454,cosine
1,0.7043682336807251,0.6891247034072876,toothbrush,/Users/bytedance/Downloads/mvtec_anomaly_detection/toothbrush/test/defective/007.png,0.7145704627037048,0.689162015914917,0.6963115841150284,0.7022536396980286,0.6982264518737793,0.9980980554227294,0.0152435302734375,cone_normal_only
1,0.49743974208831787,0.4801505506038666,toothbrush,/Users/bytedance/Downloads/mvtec_anomaly_detection/toothbrush/test/defective/007.png,0.5053959488868713,0.48019272089004517,0.4873198211193085,0.49476101994514465,0.48978009819984436,0.9982742585771381,0.017289191484451294,cone_contrastive
1,0.07266517728567123,0.021713681519031525,toothbrush,/Users/bytedance/Downloads/mvtec_anomaly_detection/toothbrush/test/defective/008.png,0.966179609298706,0.024332424625754356,0.09460981264710419,0.2791663408279419,0.16001257300376892,0.9159918419688431,0.05095149576663971,cosine
1,0.6977015137672424,0.6897733807563782,toothbrush,/Users/bytedance/Downloads/mvtec_anomaly_detection/toothbrush/test/defective/008.png,0.7137009501457214,0.6901808977127075,0.6985446125268936,0.7012556791305542,0.6996119618415833,0.9160986296450998,0.007928133010864258,cone_normal_only
1,0.4892263114452362,0.48088642954826355,toothbrush,/Users/bytedance/Downloads/mvtec_anomaly_detection/toothbrush/test/defective/008.png,0.5050675272941589,0.48131510615348816,0.490119993686676,0.4934457838535309,0.4914036989212036,0.9172686526959233,0.008339881896972656,cone_contrastive
1,0.6156322360038757,0.02104095183312893,toothbrush,/Users/bytedance/Downloads/mvtec_anomaly_detection/toothbrush/test/defective/009.png,0.9733811020851135,0.023438600823283195,0.10700318105518813,0.6160770058631897,0.2834404706954956,0.9950267164581325,0.5945912841707468,cosine
1,0.7062243819236755,0.6886045336723328,toothbrush,/Users/bytedance/Downloads/mvtec_anomaly_detection/toothbrush/test/defective/009.png,0.7153465151786804,0.6886755228042603,0.6971191823482513,0.7063140273094177,0.7003156542778015,0.9948922163233195,0.017619848251342773,cone_normal_only
1,0.4995455741882324,0.47969555854797363,toothbrush,/Users/bytedance/Downloads/mvtec_anomaly_detection/toothbrush/test/defective/009.png,0.5054418444633484,0.4797755777835846,0.4885775148868561,0.49969372153282166,0.49244821071624756,0.9946926941583792,0.01985001564025879,cone_contrastive
1,0.03729752078652382,0.01823733001947403,toothbrush,/Users/bytedance/Downloads/mvtec_anomaly_detection/toothbrush/test/defective/010.png,0.9770637154579163,0.019320247694849968,0.07406600378453715,0.14164838194847107,0.1011912152171135,0.8068035842942706,0.01906019076704979,cosine
1,0.6959428191184998,0.6900030374526978,toothbrush,/Users/bytedance/Downloads/mvtec_anomaly_detection/toothbrush/test/defective/010.png,0.7151783108711243,0.6903405785560608,0.6979079157114029,0.7000982165336609,0.698853075504303,0.8338132700332433,0.005939781665802002,cone_normal_only
1,0.48739349842071533,0.4810202419757843,toothbrush,/Users/bytedance/Downloads/mvtec_anomaly_detection/toothbrush/test/defective/010.png,0.5062054991722107,0.4813823401927948,0.4896366849541664,0.49206656217575073,0.490731418132782,0.8366426537144391,0.00637325644493103,cone_contrastive
1,0.4830380976200104,0.015162620693445206,toothbrush,/Users/bytedance/Downloads/mvtec_anomaly_detection/toothbrush/test/defective/011.png,0.9842990636825562,0.01701268181204796,0.05801584683358645,0.43980756402015686,0.19476482272148132,0.9976493412506378,0.46787547692656517,cosine
1,0.7031369209289551,0.6887710690498352,toothbrush,/Users/bytedance/Downloads/mvtec_anomaly_detection/toothbrush/test/defective/011.png,0.7165409922599792,0.6888278126716614,0.6961517333984375,0.7027825117111206,0.6987018585205078,0.9960141154842013,0.014365851879119873,cone_normal_only
1,0.4961141049861908,0.4798477292060852,toothbrush,/Users/bytedance/Downloads/mvtec_anomaly_detection/toothbrush/test/defective/011.png,0.5067400932312012,0.4799121022224426,0.4876310184597969,0.49561774730682373,0.4906262159347534,0.9964170992081728,0.01626637578010559,cone_contrastive
1,0.2352340966463089,0.020788824185729027,toothbrush,/Users/bytedance/Downloads/mvtec_anomaly_detection/toothbrush/test/defective/012.png,0.9882644414901733,0.024541880935430527,0.10363059565424912,0.4598024785518646,0.23797020316123962,0.9774871388873573,0.21444527246057987,cosine
1,0.7010082602500916,0.6894651651382446,toothbrush,/Users/bytedance/Downloads/mvtec_anomaly_detection/toothbrush/test/defective/012.png,0.7178975939750671,0.6896671652793884,0.6984507352113724,0.7047641277313232,0.70099937915802,0.9743988476974511,0.011543095111846924,cone_normal_only
1,0.4932304620742798,0.480604887008667,toothbrush,/Users/bytedance/Downloads/mvtec_anomaly_detection/toothbrush/test/defective/012.png,0.507392406463623,0.48082590103149414,0.4901793673634529,0.49755609035491943,0.49316123127937317,0.977830737837729,0.012625575065612793,cone_contrastive
1,0.41044381260871887,0.013135512359440327,toothbrush,/Users/bytedance/Downloads/mvtec_anomaly_detection/toothbrush/test/defective/013.png,0.9833707809448242,0.015248475596308708,0.0445049766451119,0.4131639301776886,0.16506053507328033,0.9961239453493524,0.39730830024927855,cosine
1,0.7023978233337402,0.6885688900947571,toothbrush,/Users/bytedance/Downloads/mvtec_anomaly_detection/toothbrush/test/defective/013.png,0.7163954377174377,0.6886425018310547,0.6958442151546478,0.7020978331565857,0.6979576945304871,0.9968640847855191,0.013828933238983154,cone_normal_only
1,0.4951223134994507,0.4796510338783264,toothbrush,/Users/bytedance/Downloads/mvtec_anomaly_detection/toothbrush/test/defective/013.png,0.5066206455230713,0.47973331809043884,0.487225404381752,0.494741290807724,0.4897890090942383,0.9970982352010269,0.015471279621124268,cone_contrastive
1,0.11720108985900879,0.013216865248978138,toothbrush,/Users/bytedance/Downloads/mvtec_anomaly_detection/toothbrush/test/defective/014.png,0.9862908720970154,0.01605437882244587,0.06724639497697318,0.1843615174293518,0.11178959906101227,0.9760055482164975,0.10398422461003065,cosine
1,0.698546290397644,0.6891180872917175,toothbrush,/Users/bytedance/Downloads/mvtec_anomaly_detection/toothbrush/test/defective/014.png,0.7174596786499023,0.6893753409385681,0.6975068271160125,0.7006598711013794,0.6990269422531128,0.9628765859856951,0.009428203105926514,cone_normal_only
1,0.49039819836616516,0.4801521897315979,toothbrush,/Users/bytedance/Downloads/mvtec_anomaly_detection/toothbrush/test/defective/014.png,0.5070569515228271,0.4804317355155945,0.4891717776656151,0.4927339255809784,0.49073222279548645,0.9665446468053513,0.01024600863456726,cone_contrastive
1,0.28828898072242737,0.01572900265455246,toothbrush,/Users/bytedance/Downloads/mvtec_anomaly_detection/toothbrush/test/defective/015.png,0.9685937762260437,0.017514757812023163,0.05862154606729734,0.44535163044929504,0.20947693288326263,0.9789640256432298,0.2725599780678749,cosine
1,0.6996088624000549,0.6886605024337769,toothbrush,/Users/bytedance/Downloads/mvtec_anomaly_detection/toothbrush/test/defective/015.png,0.7149505019187927,0.6887322664260864,0.6956826359033584,0.7021639347076416,0.6982340216636658,0.9746334606074886,0.010948359966278076,cone_normal_only
1,0.4921775758266449,0.47983139753341675,toothbrush,/Users/bytedance/Downloads/mvtec_anomaly_detection/toothbrush/test/defective/015.png,0.5049483180046082,0.47991228103637695,0.4873901933431625,0.49527987837791443,0.4905260503292084,0.9732031457062754,0.01234617829322815,cone_contrastive
1,0.21881666779518127,0.020292622968554497,toothbrush,/Users/bytedance/Downloads/mvtec_anomaly_detection/toothbrush/test/defective/016.png,0.9900211691856384,0.022635042667388916,0.08713065609335897,0.30827611684799194,0.16205547749996185,0.982155540945737,0.19852404482662678,cosine
1,0.7006885409355164,0.6899098753929138,toothbrush,/Users/bytedance/Downloads/mvtec_anomaly_detection/toothbrush/test/defective/016.png,0.7176798582077026,0.6900370121002197,0.6980511873960495,0.7020803093910217,0.6996335387229919,0.9819904199051618,0.010778665542602539,cone_normal_only
1,0.4931766986846924,0.48099759221076965,toothbrush,/Users/bytedance/Downloads/mvtec_anomaly_detection/toothbrush/test/defective/016.png,0.5079590082168579,0.48114120960235596,0.48992228507995605,0.4948129951953888,0.4918946325778961,0.9820817515221869,0.01217910647392273,cone_contrastive
1,0.144377201795578,0.020721957087516785,toothbrush,/Users/bytedance/Downloads/mvtec_anomaly_detection/toothbrush/test/defective/017.png,0.9873130917549133,0.024171827360987663,0.09087158888578395,0.5742194652557373,0.2322571724653244,0.9615660788792828,0.12365524470806122,cosine
1,0.6990078091621399,0.6895849704742432,toothbrush,/Users/bytedance/Downloads/mvtec_anomaly_detection/toothbrush/test/defective/017.png,0.7180727124214172,0.6898477077484131,0.6978629559278489,0.7052375674247742,0.7001095414161682,0.9640473499809284,0.009422838687896729,cone_normal_only
1,0.4911435544490814,0.48069360852241516,toothbrush,/Users/bytedance/Downloads/mvtec_anomaly_detection/toothbrush/test/defective/017.png,0.5070664286613464,0.48098519444465637,0.489626245200634,0.4986058473587036,0.49240848422050476,0.9676994625495646,0.01044994592666626,cone_contrastive
1,0.39334219694137573,0.011265651322901249,toothbrush,/Users/bytedance/Downloads/mvtec_anomaly_detection/toothbrush/test/defective/018.png,0.9809143543243408,0.01240764930844307,0.041862134076654706,0.3413254916667938,0.1341855227947235,0.9959322104648591,0.3820765456184745,cosine
1,0.7019962072372437,0.6882636547088623,toothbrush,/Users/bytedance/Downloads/mvtec_anomaly_detection/toothbrush/test/defective/018.png,0.7166246175765991,0.6883046627044678,0.6952619791030884,0.7012492418289185,0.6973432302474976,0.9922477161362784,0.013732552528381348,cone_normal_only
1,0.4945586919784546,0.4793478846549988,toothbrush,/Users/bytedance/Downloads/mvtec_anomaly_detection/toothbrush/test/defective/018.png,0.5061540007591248,0.47939333319664,0.4865042895078659,0.49366217851638794,0.4889771044254303,0.991497063536537,0.01521080732345581,cone_contrastive
1,0.14578106999397278,0.012223484925925732,toothbrush,/Users/bytedance/Downloads/mvtec_anomaly_detection/toothbrush/test/defective/019.png,0.9740325808525085,0.014602717012166977,0.04834140334278342,0.2486809492111206,0.13357031345367432,0.9460668318530918,0.13355758506804705,cosine
1,0.6986463665962219,0.6888048648834229,toothbrush,/Users/bytedance/Downloads/mvtec_anomaly_detection/toothbrush/test/defective/019.png,0.7159501910209656,0.6889801025390625,0.6962852478027344,0.7016136646270752,0.6986096501350403,0.9390268107001608,0.009841501712799072,cone_normal_only
1,0.49044644832611084,0.4798669219017029,toothbrush,/Users/bytedance/Downloads/mvtec_anomaly_detection/toothbrush/test/defective/019.png,0.5053659081459045,0.4800553321838379,0.48756423890590667,0.4939742088317871,0.49039655923843384,0.9356546454748705,0.010579526424407959,cone_contrastive
1,0.36506715416908264,0.012378142215311527,toothbrush,/Users/bytedance/Downloads/mvtec_anomaly_detection/toothbrush/test/defective/020.png,0.9813218712806702,0.016475172713398933,0.0524319164454937,0.4424930214881897,0.15323321521282196,0.9949165651887403,0.3526890119537711,cosine
1,0.70208740234375,0.6889960169792175,toothbrush,/Users/bytedance/Downloads/mvtec_anomaly_detection/toothbrush/test/defective/020.png,0.7160466909408569,0.6891481280326843,0.6968368798494339,0.7032273411750793,0.698767364025116,0.994329648269288,0.01309138536453247,cone_normal_only
1,0.49476978182792664,0.48005929589271545,toothbrush,/Users/bytedance/Downloads/mvtec_anomaly_detection/toothbrush/test/defective/020.png,0.5063959360122681,0.4802301824092865,0.48829408586025236,0.4961436986923218,0.4906081557273865,0.9946941476585999,0.014710485935211182,cone_contrastive
1,0.8661051988601685,0.012945091351866722,toothbrush,/Users/bytedance/Downloads/mvtec_anomaly_detection/toothbrush/test/defective/021.png,0.9876397252082825,0.015116751194000244,0.03553555626422165,0.5540947318077087,0.1629725694656372,0.9996608457003955,0.8531601075083017,cosine
1,0.7122461199760437,0.6888314485549927,toothbrush,/Users/bytedance/Downloads/mvtec_anomaly_detection/toothbrush/test/defective/021.png,0.7168261408805847,0.6888909339904785,0.6955013781785965,0.7059404253959656,0.6982954144477844,0.9995642285469452,0.023414671421051025,cone_normal_only
1,0.5068799257278442,0.4798728823661804,toothbrush,/Users/bytedance/Downloads/mvtec_anomaly_detection/toothbrush/test/defective/021.png,0.5074310302734375,0.47994157671928406,0.4866804346442223,0.4993610382080078,0.4900430738925934,0.9995627405722126,0.02700704336166382,cone_contrastive
1,0.01705511286854744,0.005160263739526272,toothbrush,/Users/bytedance/Downloads/mvtec_anomaly_detection/toothbrush/test/defective/022.png,0.9225014448165894,0.006704371888190508,0.023907858505845057,0.04491991922259331,0.031005846336483955,0.8739916644274583,0.011894849129021168,cosine
1,0.6930945515632629,0.6875522136688232,toothbrush,/Users/bytedance/Downloads/mvtec_anomaly_detection/toothbrush/test/defective/022.png,0.7133005261421204,0.6882717609405518,0.6947089940309524,0.696401059627533,0.6953988075256348,0.8753323267812575,0.005542337894439697,cone_normal_only
1,0.4842092990875244,0.4785652458667755,toothbrush,/Users/bytedance/Downloads/mvtec_anomaly_detection/toothbrush/test/defective/022.png,0.5027160048484802,0.479297935962677,0.4861289218068123,0.4879761338233948,0.48687514662742615,0.86738011856413,0.005644053220748901,cone_contrastive
1,0.20394311845302582,0.01809185929596424,toothbrush,/Users/bytedance/Downloads/mvtec_anomaly_detection/toothbrush/test/defective/023.png,0.9824789762496948,0.023035211488604546,0.08563929572701444,0.2724511921405792,0.1742502748966217,0.993912767546218,0.18585125915706158,cosine
1,0.7010054588317871,0.6901330947875977,toothbrush,/Users/bytedance/Downloads/mvtec_anomaly_detection/toothbrush/test/defective/023.png,0.7161226272583008,0.6904222965240479,0.6982359200716018,0.7024245858192444,0.700388491153717,0.9896703161991953,0.010872364044189453,cone_normal_only
1,0.49303606152534485,0.48117563128471375,toothbrush,/Users/bytedance/Downloads/mvtec_anomaly_detection/toothbrush/test/defective/023.png,0.506707489490509,0.4814911186695099,0.48977079093456266,0.49469661712646484,0.4923211336135864,0.9895152817056896,0.011860430240631104,cone_contrastive
1,0.15591509640216827,0.012981987558305264,toothbrush,/Users/bytedance/Downloads/mvtec_anomaly_detection/toothbrush/test/defective/024.png,0.9843605160713196,0.013667557388544083,0.05278231911361217,0.15976901352405548,0.09294279664754868,0.9958837161977551,0.142933108843863,cosine
1,0.6996876001358032,0.6892946362495422,toothbrush,/Users/bytedance/Downloads/mvtec_anomaly_detection/toothbrush/test/defective/024.png,0.7158470153808594,0.6893444061279297,0.6970253825187683,0.69968581199646,0.6981648802757263,0.9964754279661951,0.010392963886260986,cone_normal_only
1,0.4919006824493408,0.4803343117237091,toothbrush,/Users/bytedance/Downloads/mvtec_anomaly_detection/toothbrush/test/defective/024.png,0.5069395303726196,0.4803897440433502,0.48825682401657106,0.4917275309562683,0.4897158443927765,0.9976257942644623,0.011566370725631714,cone_contrastive
1,0.10952142626047134,0.020292900502681732,toothbrush,/Users/bytedance/Downloads/mvtec_anomaly_detection/toothbrush/test/defective/025.png,0.981042742729187,0.02366751991212368,0.1060580369085073,0.1991422176361084,0.14165186882019043,0.9470568569644963,0.08922852575778961,cosine
1,0.6985572576522827,0.6898225545883179,toothbrush,/Users/bytedance/Downloads/mvtec_anomaly_detection/toothbrush/test/defective/025.png,0.7161991596221924,0.6901528239250183,0.6988823145627976,0.7010044455528259,0.699795663356781,0.9338820573035803,0.008734703063964844,cone_normal_only
1,0.49023836851119995,0.48098260164260864,toothbrush,/Users/bytedance/Downloads/mvtec_anomaly_detection/toothbrush/test/defective/025.png,0.5064659714698792,0.4813326597213745,0.4905941903591156,0.49291837215423584,0.49161437153816223,0.9339325401326114,0.009255766868591309,cone_contrastive
1,0.27319997549057007,0.013715751469135284,toothbrush,/Users/bytedance/Downloads/mvtec_anomaly_detection/toothbrush/test/defective/026.png,0.9775686860084534,0.015839405357837677,0.05545821841806134,0.31665948033332825,0.14713338017463684,0.9953843580973457,0.2594842240214348,cosine
1,0.7022020220756531,0.6891981363296509,toothbrush,/Users/bytedance/Downloads/mvtec_anomaly_detection/toothbrush/test/defective/026.png,0.7163196206092834,0.6893045902252197,0.6970814883708953,0.7025601267814636,0.699247419834137,0.9973492698420208,0.013003885746002197,cone_normal_only
1,0.49412596225738525,0.4800942838191986,toothbrush,/Users/bytedance/Downloads/mvtec_anomaly_detection/toothbrush/test/defective/026.png,0.5058227777481079,0.4802091717720032,0.4882254213094711,0.4945034384727478,0.4907154142856598,0.9975870435191655,0.014031678438186646,cone_contrastive
1,0.31302610039711,0.01944393292069435,toothbrush,/Users/bytedance/Downloads/mvtec_anomaly_detection/toothbrush/test/defective/027.png,0.9824292659759521,0.020252497866749763,0.09267291054129566,0.27552372217178345,0.1645052134990692,0.9914030908899156,0.29358216747641563,cosine
1,0.7013369798660278,0.6893195509910583,toothbrush,/Users/bytedance/Downloads/mvtec_anomaly_detection/toothbrush/test/defective/027.png,0.7158365249633789,0.6893526315689087,0.6979270547628402,0.7012682557106018,0.6992875933647156,0.9778192267159401,0.012017428874969482,cone_normal_only
1,0.49356815218925476,0.4803866147994995,toothbrush,/Users/bytedance/Downloads/mvtec_anomaly_detection/toothbrush/test/defective/027.png,0.5065823793411255,0.4804229736328125,0.489300961792469,0.4933665692806244,0.4910034239292145,0.9790205724975077,0.013181537389755249,cone_contrastive
1,0.10675320029258728,0.013914349488914013,toothbrush,/Users/bytedance/Downloads/mvtec_anomaly_detection/toothbrush/test/defective/028.png,0.9819294810295105,0.014600112102925777,0.05798872914165252,0.16491107642650604,0.09521742165088654,0.9692279133902035,0.09283885080367327,cosine
1,0.697626531124115,0.6891691088676453,toothbrush,/Users/bytedance/Downloads/mvtec_anomaly_detection/toothbrush/test/defective/028.png,0.7161857485771179,0.6892315745353699,0.6971213638782501,0.6992659568786621,0.6980471014976501,0.954637389273206,0.008457422256469727,cone_normal_only
1,0.48951396346092224,0.4802283048629761,toothbrush,/Users/bytedance/Downloads/mvtec_anomaly_detection/toothbrush/test/defective/028.png,0.5064550638198853,0.4802970290184021,0.48849798887968066,0.4911825358867645,0.48961567878723145,0.9612081559576282,0.009285658597946167,cone_contrastive
1,0.12302009761333466,0.012366805225610733,toothbrush,/Users/bytedance/Downloads/mvtec_anomaly_detection/toothbrush/test/defective/029.png,0.9747647643089294,0.019755538552999496,0.10594998002052293,0.22957344353199005,0.16128599643707275,0.9814799666549175,0.11065329238772392,cosine
1,0.6989657282829285,0.6890967488288879,toothbrush,/Users/bytedance/Downloads/mvtec_anomaly_detection/toothbrush/test/defective/029.png,0.7156283259391785,0.6897557377815247,0.698848482966423,0.7018417119979858,0.7003716826438904,0.9731580672550003,0.009868979454040527,cone_normal_only
1,0.4906536340713501,0.4800945520401001,toothbrush,/Users/bytedance/Downloads/mvtec_anomaly_detection/toothbrush/test/defective/029.png,0.5057230591773987,0.4807996153831482,0.4904756873846054,0.49374496936798096,0.4921419322490692,0.9751914415229088,0.01055908203125,cone_contrastive
0,nan,0.012184444814920425,toothbrush,/Users/bytedance/Downloads/mvtec_anomaly_detection/toothbrush/test/good/000.png,0.9036180377006531,0.012184444814920425,0.04791255276650178,0.2929922640323639,0.1346343606710434,nan,nan,cosine
0,nan,0.6885191798210144,toothbrush,/Users/bytedance/Downloads/mvtec_anomaly_detection/toothbrush/test/good/000.png,0.7127807140350342,0.6885191798210144,0.6952025711536407,0.6993625164031982,0.6968243718147278,nan,nan,cone_normal_only
0,nan,0.47950372099876404,toothbrush,/Users/bytedance/Downloads/mvtec_anomaly_detection/toothbrush/test/good/000.png,0.5020634531974792,0.47950372099876404,0.48607721626758577,0.4912075400352478,0.48811638355255127,nan,nan,cone_contrastive
0,nan,0.011366435326635838,toothbrush,/Users/bytedance/Downloads/mvtec_anomaly_detection/toothbrush/test/good/001.png,0.9379658102989197,0.011366435326635838,0.0492084290832281,0.2190302014350891,0.11156237870454788,nan,nan,cosine
0,nan,0.6884872317314148,toothbrush,/Users/bytedance/Downloads/mvtec_anomaly_detection/toothbrush/test/good/001.png,0.7143740653991699,0.6884872317314148,0.6955494612455368,0.6992043852806091,0.6970510482788086,nan,nan,cone_normal_only
0,nan,0.47940191626548767,toothbrush,/Users/bytedance/Downloads/mvtec_anomaly_detection/toothbrush/test/good/001.png,0.5031517148017883,0.47940191626548767,0.48645284622907636,0.4908451437950134,0.4882631301879883,nan,nan,cone_contrastive
0,nan,0.009083027951419353,toothbrush,/Users/bytedance/Downloads/mvtec_anomaly_detection/toothbrush/test/good/002.png,0.8781378865242004,0.009083027951419353,0.03596720695495605,0.18641123175621033,0.09031488746404648,nan,nan,cosine
0,nan,0.6882473230361938,toothbrush,/Users/bytedance/Downloads/mvtec_anomaly_detection/toothbrush/test/good/002.png,0.7124968767166138,0.6882473230361938,0.6948326230049133,0.6984726786613464,0.696307361125946,nan,nan,cone_normal_only
0,nan,0.47914984822273254,toothbrush,/Users/bytedance/Downloads/mvtec_anomaly_detection/toothbrush/test/good/002.png,0.501399040222168,0.47914984822273254,0.4854964271187782,0.4899890124797821,0.48734450340270996,nan,nan,cone_contrastive
0,nan,0.011732176877558231,toothbrush,/Users/bytedance/Downloads/mvtec_anomaly_detection/toothbrush/test/good/003.png,0.9570397138595581,0.011732176877558231,0.04840576034039254,0.22811178863048553,0.11199717968702316,nan,nan,cosine
0,nan,0.6886346936225891,toothbrush,/Users/bytedance/Downloads/mvtec_anomaly_detection/toothbrush/test/good/003.png,0.7145879864692688,0.6886346936225891,0.6960117727518081,0.6995815634727478,0.697532057762146,nan,nan,cone_normal_only
0,nan,0.47961390018463135,toothbrush,/Users/bytedance/Downloads/mvtec_anomaly_detection/toothbrush/test/good/003.png,0.5041895508766174,0.47961390018463135,0.4870004266500473,0.4914422333240509,0.4889117181301117,nan,nan,cone_contrastive
0,nan,0.005784268490970135,toothbrush,/Users/bytedance/Downloads/mvtec_anomaly_detection/toothbrush/test/good/004.png,0.953819751739502,0.005784268490970135,0.017469116300344464,0.0674121230840683,0.030388351529836655,nan,nan,cosine
0,nan,0.6881610751152039,toothbrush,/Users/bytedance/Downloads/mvtec_anomaly_detection/toothbrush/test/good/004.png,0.7143134474754333,0.6881610751152039,0.6937485843896866,0.6959826350212097,0.6945637464523315,nan,nan,cone_normal_only
0,nan,0.4791838824748993,toothbrush,/Users/bytedance/Downloads/mvtec_anomaly_detection/toothbrush/test/good/004.png,0.5039884448051453,0.4791838824748993,0.48505452275276184,0.48753610253334045,0.4859226942062378,nan,nan,cone_contrastive
0,nan,0.006378207355737686,toothbrush,/Users/bytedance/Downloads/mvtec_anomaly_detection/toothbrush/test/good/005.png,0.9600891470909119,0.006378207355737686,0.017798576783388847,0.06866806745529175,0.031041977927088737,nan,nan,cosine
0,nan,0.6884877681732178,toothbrush,/Users/bytedance/Downloads/mvtec_anomaly_detection/toothbrush/test/good/005.png,0.7147178053855896,0.6884877681732178,0.6941837668418884,0.6960440278053284,0.6948367357254028,nan,nan,cone_normal_only
0,nan,0.4795452654361725,toothbrush,/Users/bytedance/Downloads/mvtec_anomaly_detection/toothbrush/test/good/005.png,0.504306972026825,0.4795452654361725,0.4851576894521713,0.4875328242778778,0.4859490990638733,nan,nan,cone_contrastive
0,nan,0.009814347140491009,toothbrush,/Users/bytedance/Downloads/mvtec_anomaly_detection/toothbrush/test/good/006.png,0.9785125255584717,0.009814347140491009,0.02893295371904966,0.1469290405511856,0.06420488655567169,nan,nan,cosine
0,nan,0.6888940334320068,toothbrush,/Users/bytedance/Downloads/mvtec_anomaly_detection/toothbrush/test/good/006.png,0.7153021097183228,0.6888940334320068,0.6948788672685623,0.6980836987495422,0.6959699988365173,nan,nan,cone_normal_only
0,nan,0.47998225688934326,toothbrush,/Users/bytedance/Downloads/mvtec_anomaly_detection/toothbrush/test/good/006.png,0.5060737133026123,0.47998225688934326,0.486282454431057,0.4900442063808441,0.48757538199424744,nan,nan,cone_contrastive
0,nan,0.010043327696621418,toothbrush,/Users/bytedance/Downloads/mvtec_anomaly_detection/toothbrush/test/good/007.png,0.977270781993866,0.010043327696621418,0.030469355639070207,0.2081456184387207,0.08245867490768433,nan,nan,cosine
0,nan,0.6886604428291321,toothbrush,/Users/bytedance/Downloads/mvtec_anomaly_detection/toothbrush/test/good/007.png,0.7158183455467224,0.6886604428291321,0.6951116740703582,0.6991820931434631,0.6965417265892029,nan,nan,cone_normal_only
0,nan,0.4796881377696991,toothbrush,/Users/bytedance/Downloads/mvtec_anomaly_detection/toothbrush/test/good/007.png,0.5058237910270691,0.4796881377696991,0.48648731559515,0.49133679270744324,0.4881986975669861,nan,nan,cone_contrastive
0,nan,0.009106220677495003,toothbrush,/Users/bytedance/Downloads/mvtec_anomaly_detection/toothbrush/test/good/008.png,0.9614853858947754,0.009106220677495003,0.03563748169690369,0.10456491261720657,0.061916980892419815,nan,nan,cosine
0,nan,0.6885648965835571,toothbrush,/Users/bytedance/Downloads/mvtec_anomaly_detection/toothbrush/test/good/008.png,0.7142595052719116,0.6885648965835571,0.6951989948749542,0.6978339552879333,0.6963202357292175,nan,nan,cone_normal_only
0,nan,0.4795978367328644,toothbrush,/Users/bytedance/Downloads/mvtec_anomaly_detection/toothbrush/test/good/008.png,0.5045573115348816,0.4795978367328644,0.4863979980349541,0.48951178789138794,0.48771530389785767,nan,nan,cone_contrastive
0,nan,0.009031778201460838,toothbrush,/Users/bytedance/Downloads/mvtec_anomaly_detection/toothbrush/test/good/009.png,0.9619863033294678,0.009031778201460838,0.035152833722531786,0.12536197900772095,0.06760033220052719,nan,nan,cosine
0,nan,0.688319742679596,toothbrush,/Users/bytedance/Downloads/mvtec_anomaly_detection/toothbrush/test/good/009.png,0.7142035961151123,0.688319742679596,0.6951988577842713,0.6979174613952637,0.6963475346565247,nan,nan,cone_normal_only
0,nan,0.47936296463012695,toothbrush,/Users/bytedance/Downloads/mvtec_anomaly_detection/toothbrush/test/good/009.png,0.5045868754386902,0.47936296463012695,0.4864592418074608,0.48968613147735596,0.487805038690567,nan,nan,cone_contrastive
0,nan,0.010949458926916122,toothbrush,/Users/bytedance/Downloads/mvtec_anomaly_detection/toothbrush/test/good/010.png,0.9723811745643616,0.010949458926916122,0.043363656476140024,0.11478064954280853,0.06888893991708755,nan,nan,cosine
0,nan,0.6888634562492371,toothbrush,/Users/bytedance/Downloads/mvtec_anomaly_detection/toothbrush/test/good/010.png,0.7146748304367065,0.6888634562492371,0.6960679799318313,0.6981735825538635,0.696995735168457,nan,nan,cone_normal_only
0,nan,0.47996020317077637,toothbrush,/Users/bytedance/Downloads/mvtec_anomaly_detection/toothbrush/test/good/010.png,0.5054820775985718,0.47996020317077637,0.4873091444373131,0.48981016874313354,0.4883739948272705,nan,nan,cone_contrastive
0,nan,0.007683804724365473,toothbrush,/Users/bytedance/Downloads/mvtec_anomaly_detection/toothbrush/test/good/011.png,0.9583009481430054,0.007683804724365473,0.02669514026492834,0.06486285477876663,0.03790571168065071,nan,nan,cosine
0,nan,0.6887025237083435,toothbrush,/Users/bytedance/Downloads/mvtec_anomaly_detection/toothbrush/test/good/011.png,0.7149549126625061,0.6887025237083435,0.6952552199363708,0.6969271898269653,0.6959707736968994,nan,nan,cone_normal_only
0,nan,0.479727566242218,toothbrush,/Users/bytedance/Downloads/mvtec_anomaly_detection/toothbrush/test/good/011.png,0.5042184591293335,0.479727566242218,0.48635655641555786,0.48825380206108093,0.48711666464805603,nan,nan,cone_contrastive
1,0.3916858434677124,0.014063017442822456,transistor,/Users/bytedance/Downloads/mvtec_anomaly_detection/transistor/test/damaged_case/000.png,0.9202571511268616,0.019734593108296394,0.05501231104135512,0.7105273008346558,0.26690834760665894,0.9716838897602587,0.37762282602488995,cosine
1,0.7018256783485413,0.6887970566749573,transistor,/Users/bytedance/Downloads/mvtec_anomaly_detection/transistor/test/damaged_case/000.png,0.7088532447814941,0.6889926791191101,0.6942799836397171,0.7084227800369263,0.6991263628005981,0.974766942186967,0.013028621673583984,cone_normal_only
1,0.4951140880584717,0.48022711277008057,transistor,/Users/bytedance/Downloads/mvtec_anomaly_detection/transistor/test/damaged_case/000.png,0.5031251907348633,0.48045074939727783,0.48629343807697295,0.5028883814811707,0.49191680550575256,0.9745883222085128,0.014886975288391113,cone_contrastive
1,0.5091560482978821,0.027448080480098724,transistor,/Users/bytedance/Downloads/mvtec_anomaly_detection/transistor/test/damaged_case/001.png,0.9875054359436035,0.05326014384627342,0.34071036428213014,0.8412880301475525,0.6047214865684509,0.9809839226128839,0.48170796781778336,cosine
1,0.704164445400238,0.68962162733078,transistor,/Users/bytedance/Downloads/mvtec_anomaly_detection/transistor/test/damaged_case/001.png,0.7142371535301208,0.6904008984565735,0.7013440698385238,0.7099940776824951,0.7058404088020325,0.9795542207012472,0.014542818069458008,cone_normal_only
1,0.49733322858810425,0.48111921548843384,transistor,/Users/bytedance/Downloads/mvtec_anomaly_detection/transistor/test/damaged_case/001.png,0.5081276893615723,0.48198798298835754,0.49418037980794904,0.5038939118385315,0.499239444732666,0.9796745071055109,0.01621401309967041,cone_contrastive
1,0.5698601007461548,0.020620709285140038,transistor,/Users/bytedance/Downloads/mvtec_anomaly_detection/transistor/test/damaged_case/002.png,0.9330512881278992,0.024100488051772118,0.08410568200051767,0.6066267490386963,0.2694753408432007,0.9950794906596819,0.5492393914610147,cosine
1,0.7042489051818848,0.6899569034576416,transistor,/Users/bytedance/Downloads/mvtec_anomaly_detection/transistor/test/damaged_case/002.png,0.7102502584457397,0.6900472640991211,0.6958642899990082,0.7052671313285828,0.6992582082748413,0.9858516013297421,0.014292001724243164,cone_normal_only
1,0.49761995673179626,0.48145008087158203,transistor,/Users/bytedance/Downloads/mvtec_anomaly_detection/transistor/test/damaged_case/002.png,0.503493070602417,0.48155248165130615,0.487997442483902,0.498788446187973,0.4918678104877472,0.9868536436418063,0.016169875860214233,cone_contrastive
1,0.7165137529373169,0.02805258147418499,transistor,/Users/bytedance/Downloads/mvtec_anomaly_detection/transistor/test/damaged_case/003.png,0.9576476812362671,0.03832855075597763,0.1907476313412189,0.8669025301933289,0.4650895595550537,0.9943721107735938,0.6884611714631319,cosine
1,0.7086140513420105,0.6897324919700623,transistor,/Users/bytedance/Downloads/mvtec_anomaly_detection/transistor/test/damaged_case/003.png,0.7114297747612,0.6900143623352051,0.6974807620048523,0.7118634581565857,0.7028971910476685,0.9950753628908443,0.018881559371948242,cone_normal_only
1,0.5028791427612305,0.4812506139278412,transistor,/Users/bytedance/Downloads/mvtec_anomaly_detection/transistor/test/damaged_case/003.png,0.5048301219940186,0.48157352209091187,0.48988142162561416,0.5066635608673096,0.49615171551704407,0.9951787355043066,0.021628528833389282,cone_contrastive
1,0.6776093244552612,0.031973935663700104,transistor,/Users/bytedance/Downloads/mvtec_anomaly_detection/transistor/test/damaged_case/004.png,0.9815222024917603,0.048437003046274185,0.308413353562355,0.8890393972396851,0.6013745069503784,0.9930484044221831,0.6456353887915611,cosine
1,0.7081496715545654,0.6897446513175964,transistor,/Users/bytedance/Downloads/mvtec_anomaly_detection/transistor/test/damaged_case/004.png,0.7122033834457397,0.6902139186859131,0.7005130857229233,0.7129180431365967,0.7063798904418945,0.9933827574076387,0.018405020236968994,cone_normal_only
1,0.5027247071266174,0.4813430607318878,transistor,/Users/bytedance/Downloads/mvtec_anomaly_detection/transistor/test/damaged_case/004.png,0.5073091387748718,0.48188820481300354,0.4936579719185829,0.5082985758781433,0.5006577372550964,0.9934707980623593,0.021381646394729614,cone_contrastive
1,0.48862966895103455,0.027743134647607803,transistor,/Users/bytedance/Downloads/mvtec_anomaly_detection/transistor/test/damaged_case/005.png,0.9486371874809265,0.04386155679821968,0.22878327295184034,0.8045886754989624,0.49592524766921997,0.982768169755099,0.46088653430342674,cosine
1,0.7033678293228149,0.6902267932891846,transistor,/Users/bytedance/Downloads/mvtec_anomaly_detection/transistor/test/damaged_case/005.png,0.7101364135742188,0.6906865239143372,0.6987631559371948,0.7094714045524597,0.703541100025177,0.980815095657547,0.013141036033630371,cone_normal_only
1,0.49678537249565125,0.4817783534526825,transistor,/Users/bytedance/Downloads/mvtec_anomaly_detection/transistor/test/damaged_case/005.png,0.5043662786483765,0.48230311274528503,0.49130399227142335,0.5038668513298035,0.4968916177749634,0.9815650416551682,0.01500701904296875,cone_contrastive
1,0.568242073059082,0.018345054239034653,transistor,/Users/bytedance/Downloads/mvtec_anomaly_detection/transistor/test/damaged_case/006.png,0.949949324131012,0.02961662784218788,0.10366749502718411,0.8309128880500793,0.38193392753601074,0.9839088871778694,0.5498970188200474,cosine
1,0.7053529024124146,0.6897352337837219,transistor,/Users/bytedance/Downloads/mvtec_anomaly_detection/transistor/test/damaged_case/006.png,0.7107931971549988,0.6900553703308105,0.6964707434177398,0.71026611328125,0.7018288373947144,0.9882887860663064,0.015617668628692627,cone_normal_only
1,0.49919983744621277,0.48122403025627136,transistor,/Users/bytedance/Downloads/mvtec_anomaly_detection/transistor/test/damaged_case/006.png,0.5043877363204956,0.4815925359725952,0.4887564778327942,0.5049532651901245,0.4950048625469208,0.9885737157669287,0.017975807189941406,cone_contrastive
1,0.7271509170532227,0.013675620779395103,transistor,/Users/bytedance/Downloads/mvtec_anomaly_detection/transistor/test/damaged_case/007.png,0.9700949788093567,0.022883756086230278,0.06557312048971625,0.8034679889678955,0.3430898189544678,0.9991024561111985,0.7134752962738276,cosine
1,0.7079708576202393,0.6885227560997009,transistor,/Users/bytedance/Downloads/mvtec_anomaly_detection/transistor/test/damaged_case/007.png,0.7123454213142395,0.6887737512588501,0.6946170479059219,0.7093267440795898,0.7006665468215942,0.9991977425263833,0.01944810152053833,cone_normal_only
1,0.5024722814559937,0.4798728823661804,transistor,/Users/bytedance/Downloads/mvtec_anomaly_detection/transistor/test/damaged_case/007.png,0.5057633519172668,0.4801645874977112,0.48661806285381315,0.5040380954742432,0.49371975660324097,0.9992503916560256,0.022599399089813232,cone_contrastive
1,0.5554417371749878,0.03542055934667587,transistor,/Users/bytedance/Downloads/mvtec_anomaly_detection/transistor/test/damaged_case/008.png,0.976314902305603,0.06171386316418648,0.4085703164339058,0.8612173795700073,0.6359342336654663,0.9858036515212275,0.5200211778283119,cosine
1,0.7046550512313843,0.6902533173561096,transistor,/Users/bytedance/Downloads/mvtec_anomaly_detection/transistor/test/damaged_case/008.png,0.7118020057678223,0.6909815073013306,0.7019608914852142,0.7099387645721436,0.7060179114341736,0.9873794395212154,0.014401733875274658,cone_normal_only
1,0.4985462427139282,0.4818774163722992,transistor,/Users/bytedance/Downloads/mvtec_anomaly_detection/transistor/test/damaged_case/008.png,0.5065554976463318,0.48272019624710083,0.49542662054300307,0.5045232772827148,0.5000330209732056,0.9880736880467895,0.01666882634162903,cone_contrastive
1,0.4940672218799591,0.02409398928284645,transistor,/Users/bytedance/Downloads/mvtec_anomaly_detection/transistor/test/damaged_case/009.png,0.9753178954124451,0.04784277454018593,0.236224322021007,0.8663361668586731,0.5982714295387268,0.9143178774198123,0.46997323259711266,cosine
1,0.7025657892227173,0.6901587843894958,transistor,/Users/bytedance/Downloads/mvtec_anomaly_detection/transistor/test/damaged_case/009.png,0.712688684463501,0.6907856464385986,0.6993418008089065,0.7100371718406677,0.7054221630096436,0.9169858891909757,0.012407004833221436,cone_normal_only
1,0.495939701795578,0.4817598760128021,transistor,/Users/bytedance/Downloads/mvtec_anomaly_detection/transistor/test/damaged_case/009.png,0.5063010454177856,0.4824763536453247,0.4921657294034958,0.5044242739677429,0.49913617968559265,0.9196272744564058,0.014179825782775879,cone_contrastive
1,0.008340558968484402,0.0047780717723071575,transistor,/Users/bytedance/Downloads/mvtec_anomaly_detection/transistor/test/misplaced/000.png,0.9053754806518555,0.006217530462890863,0.01758035533130169,0.07545145601034164,0.037393968552351,0.6775095283995516,0.003562487196177244,cosine
1,0.6894301772117615,0.687834620475769,transistor,/Users/bytedance/Downloads/mvtec_anomaly_detection/transistor/test/misplaced/000.png,0.7094796895980835,0.6884793043136597,0.6920979768037796,0.6960763335227966,0.6936092376708984,0.7211204645960838,0.0015955567359924316,cone_normal_only
1,0.4810201823711395,0.4792671203613281,transistor,/Users/bytedance/Downloads/mvtec_anomaly_detection/transistor/test/misplaced/000.png,0.5024562478065491,0.47997546195983887,0.48391282111406325,0.488211989402771,0.48550257086753845,0.7187277795795567,0.0017530620098114014,cone_contrastive
1,0.026698147878050804,0.01029117964208126,transistor,/Users/bytedance/Downloads/mvtec_anomaly_detection/transistor/test/misplaced/001.png,0.9608433246612549,0.017000621184706688,0.046670305915176805,0.2664426267147064,0.11357593536376953,0.7674267779192918,0.016406968235969543,cosine
1,0.6925817131996155,0.6893929243087769,transistor,/Users/bytedance/Downloads/mvtec_anomaly_detection/transistor/test/misplaced/001.png,0.7130138278007507,0.6906970143318176,0.6954918503761292,0.7001113295555115,0.6971699595451355,0.8011728380240037,0.003188788890838623,cone_normal_only
1,0.4841625392436981,0.48081016540527344,transistor,/Users/bytedance/Downloads/mvtec_anomaly_detection/transistor/test/misplaced/001.png,0.5047507286071777,0.48218104243278503,0.4872474059462547,0.49284839630126953,0.48919761180877686,0.7921424316810587,0.0033523738384246826,cone_contrastive
1,0.03175973892211914,0.01865817792713642,transistor,/Users/bytedance/Downloads/mvtec_anomaly_detection/transistor/test/misplaced/002.png,0.9402918815612793,0.023634616285562515,0.1111398052424192,0.4230477511882782,0.24078163504600525,0.5955202840684878,0.01310156099498272,cosine
1,0.6902497410774231,0.6890122890472412,transistor,/Users/bytedance/Downloads/mvtec_anomaly_detection/transistor/test/misplaced/002.png,0.7119783759117126,0.6894823312759399,0.695580780506134,0.7023189663887024,0.6981619000434875,0.5833981224658057,0.0012374520301818848,cone_normal_only
1,0.481950044631958,0.4806126356124878,transistor,/Users/bytedance/Downloads/mvtec_anomaly_detection/transistor/test/misplaced/002.png,0.5036088824272156,0.48112058639526367,0.4878481313586235,0.4959067404270172,0.4909278154373169,0.5755337256763304,0.0013374090194702148,cone_contrastive
1,0.04332021251320839,0.025522226467728615,transistor,/Users/bytedance/Downloads/mvtec_anomaly_detection/transistor/test/misplaced/003.png,0.953622043132782,0.03224724531173706,0.1705434165894979,0.5852118730545044,0.3391924798488617,0.5889809681245176,0.017797986045479774,cosine
1,0.690391480922699,0.6891656517982483,transistor,/Users/bytedance/Downloads/mvtec_anomaly_detection/transistor/test/misplaced/003.png,0.7131274342536926,0.6896287798881531,0.6960573434829712,0.7044203281402588,0.699502170085907,0.5792411786603044,0.0012258291244506836,cone_normal_only
1,0.48198965191841125,0.48065876960754395,transistor,/Users/bytedance/Downloads/mvtec_anomaly_detection/transistor/test/misplaced/003.png,0.5041876435279846,0.4811616539955139,0.48835550248622894,0.49829766154289246,0.49237000942230225,0.5719335628942078,0.0013308823108673096,cone_contrastive
1,0.018845323473215103,0.005721008870750666,transistor,/Users/bytedance/Downloads/mvtec_anomaly_detection/transistor/test/misplaced/004.png,0.9616299867630005,0.011034045368432999,0.03471413068473327,0.18219424784183502,0.07624083757400513,0.8145337408122627,0.013124314602464437,cosine
1,0.6913893222808838,0.6882196664810181,transistor,/Users/bytedance/Downloads/mvtec_anomaly_detection/transistor/test/misplaced/004.png,0.712538480758667,0.6895028352737427,0.6944876730442047,0.6983212828636169,0.6958632469177246,0.8315740507338429,0.0031696557998657227,cone_normal_only
1,0.48287415504455566,0.4796289801597595,transistor,/Users/bytedance/Downloads/mvtec_anomaly_detection/transistor/test/misplaced/004.png,0.5048251152038574,0.4809427261352539,0.4860441595315933,0.4903400242328644,0.487587034702301,0.8174437288133599,0.0032451748847961426,cone_contrastive
1,0.017284410074353218,0.005249383393675089,transistor,/Users/bytedance/Downloads/mvtec_anomaly_detection/transistor/test/misplaced/005.png,0.9233761429786682,0.01041976548731327,0.03503055702894923,0.205667182803154,0.08903930336236954,0.7303919446881201,0.01203502668067813,cosine
1,0.6904014348983765,0.688052237033844,transistor,/Users/bytedance/Downloads/mvtec_anomaly_detection/transistor/test/misplaced/005.png,0.7090139985084534,0.6890613436698914,0.6941509068012237,0.699137270450592,0.6960712671279907,0.736485199176427,0.0023491978645324707,cone_normal_only
1,0.48194602131843567,0.47929614782333374,transistor,/Users/bytedance/Downloads/mvtec_anomaly_detection/transistor/test/misplaced/005.png,0.50328528881073,0.48043450713157654,0.4859360411763191,0.4919229745864868,0.4881446361541748,0.7401454911427727,0.0026498734951019287,cone_contrastive
1,0.023624366149306297,0.010147538036108017,transistor,/Users/bytedance/Downloads/mvtec_anomaly_detection/transistor/test/misplaced/006.png,0.9594200849533081,0.015611921437084675,0.05465070381760595,0.24503572285175323,0.12474754452705383,0.7889471097145859,0.01347682811319828,cosine
1,0.6917524337768555,0.6889610290527344,transistor,/Users/bytedance/Downloads/mvtec_anomaly_detection/transistor/test/misplaced/006.png,0.7115848660469055,0.6900928020477295,0.6944099068641663,0.6993764638900757,0.6962609887123108,0.8023936778786125,0.0027914047241210938,cone_normal_only
1,0.4834844768047333,0.4803764820098877,transistor,/Users/bytedance/Downloads/mvtec_anomaly_detection/transistor/test/misplaced/006.png,0.5048778653144836,0.481636643409729,0.48643609285354616,0.4920213520526886,0.4885074198246002,0.8037239480430929,0.003107994794845581,cone_contrastive
1,0.059289753437042236,0.024080276489257812,transistor,/Users/bytedance/Downloads/mvtec_anomaly_detection/transistor/test/misplaced/007.png,0.9824405312538147,0.04129161313176155,0.17977479845285407,0.6460919976234436,0.3653748631477356,0.6718793420804698,0.035209476947784424,cosine
1,0.6931679248809814,0.6907433271408081,transistor,/Users/bytedance/Downloads/mvtec_anomaly_detection/transistor/test/misplaced/007.png,0.7138020992279053,0.691928505897522,0.698384964466095,0.7062821984291077,0.7015771269798279,0.6890783523373671,0.00242459774017334,cone_normal_only
1,0.48509344458580017,0.4824308753013611,transistor,/Users/bytedance/Downloads/mvtec_anomaly_detection/transistor/test/misplaced/007.png,0.5071796774864197,0.4837324023246765,0.49093108624219894,0.5001630783081055,0.4946329891681671,0.6850824918359594,0.002662569284439087,cone_contrastive
1,0.050798576325178146,0.01116328313946724,transistor,/Users/bytedance/Downloads/mvtec_anomaly_detection/transistor/test/misplaced/008.png,0.9769079685211182,0.030718885362148285,0.12990038394927927,0.43239179253578186,0.2613862156867981,0.7701201312058853,0.03963529318571091,cosine
1,0.693343997001648,0.6899181604385376,transistor,/Users/bytedance/Downloads/mvtec_anomaly_detection/transistor/test/misplaced/008.png,0.7135728001594543,0.6916084289550781,0.6980152040719986,0.7033799886703491,0.7004822492599487,0.7704422996547731,0.0034258365631103516,cone_normal_only
1,0.4849856197834015,0.4813218116760254,transistor,/Users/bytedance/Downloads/mvtec_anomaly_detection/transistor/test/misplaced/008.png,0.5063794851303101,0.4831295609474182,0.4900509625673294,0.4961257874965668,0.4928531050682068,0.7649800927626129,0.0036638081073760986,cone_contrastive
1,0.023400282487273216,0.0066184611059725285,transistor,/Users/bytedance/Downloads/mvtec_anomaly_detection/transistor/test/misplaced/009.png,0.9391599893569946,0.013257789425551891,0.04145651794970033,0.11261378973722458,0.06306572258472443,0.8226013720391215,0.016781821381300688,cosine
1,0.6923763751983643,0.6888179183006287,transistor,/Users/bytedance/Downloads/mvtec_anomaly_detection/transistor/test/misplaced/009.png,0.7110649347305298,0.6902256608009338,0.6955678462982178,0.6977188587188721,0.6963362097740173,0.8258942708057674,0.0035584568977355957,cone_normal_only
1,0.4842367172241211,0.4802471995353699,transistor,/Users/bytedance/Downloads/mvtec_anomaly_detection/transistor/test/misplaced/009.png,0.5036686062812805,0.48182564973831177,0.48771096467971803,0.4900934100151062,0.48855486512184143,0.8268663490373975,0.003989517688751221,cone_contrastive
1,0.16755411028862,0.014017845503985882,transistor,/Users/bytedance/Downloads/mvtec_anomaly_detection/transistor/test/bent_lead/000.png,0.9543689489364624,0.014683892950415611,0.04678823892027139,0.2523876428604126,0.11794517189264297,0.98536992806864,0.1535362647846341,cosine
1,0.6989444494247437,0.6897704601287842,transistor,/Users/bytedance/Downloads/mvtec_anomaly_detection/transistor/test/bent_lead/000.png,0.7111671566963196,0.6898103356361389,0.6950486898422241,0.6996777057647705,0.6968016624450684,0.989752930982322,0.009173989295959473,cone_normal_only
1,0.49164018034935,0.4812653064727783,transistor,/Users/bytedance/Downloads/mvtec_anomaly_detection/transistor/test/bent_lead/000.png,0.5046111941337585,0.48131024837493896,0.4872023925185204,0.4923688471317291,0.4890664517879486,0.9902379116675387,0.010374873876571655,cone_contrastive
1,0.16169039905071259,0.022054610773921013,transistor,/Users/bytedance/Downloads/mvtec_anomaly_detection/transistor/test/bent_lead/001.png,0.9719294905662537,0.02236112765967846,0.08372639305889601,0.5635513067245483,0.26535722613334656,0.9624536754804334,0.13963578827679157,cosine
1,0.6980597972869873,0.6895151734352112,transistor,/Users/bytedance/Downloads/mvtec_anomaly_detection/transistor/test/bent_lead/001.png,0.7120451331138611,0.6895339488983154,0.6954232364892959,0.7048702239990234,0.6991546750068665,0.9705102475228987,0.008544623851776123,cone_normal_only
1,0.49103084206581116,0.4811475872993469,transistor,/Users/bytedance/Downloads/mvtec_anomaly_detection/transistor/test/bent_lead/001.png,0.5059676170349121,0.48116928339004517,0.4878350406885147,0.4985567331314087,0.49203333258628845,0.9724264385669089,0.009883254766464233,cone_contrastive
1,0.11186527460813522,0.010787704959511757,transistor,/Users/bytedance/Downloads/mvtec_anomaly_detection/transistor/test/bent_lead/002.png,0.9193554520606995,0.011937390081584454,0.04745642673224175,0.2906358242034912,0.12100791186094284,0.7750494440445154,0.10107756964862347,cosine
1,0.6938747763633728,0.6887374520301819,transistor,/Users/bytedance/Downloads/mvtec_anomaly_detection/transistor/test/bent_lead/002.png,0.7095293402671814,0.688795804977417,0.6946555197238922,0.7002981901168823,0.6970875263214111,0.7813940508136716,0.005137324333190918,cone_normal_only
1,0.4859817624092102,0.48013412952423096,transistor,/Users/bytedance/Downloads/mvtec_anomaly_detection/transistor/test/bent_lead/002.png,0.5030402541160583,0.4802006483078003,0.48678382933139797,0.49327999353408813,0.4895610213279724,0.7865012681955724,0.005847632884979248,cone_contrastive
1,0.35713356733322144,0.020348642021417618,transistor,/Users/bytedance/Downloads/mvtec_anomaly_detection/transistor/test/bent_lead/003.png,0.9784011840820312,0.023470180109143257,0.09736976958811282,0.5217312574386597,0.26741692423820496,0.9558952186855043,0.3367849253118038,cosine
1,0.7002147436141968,0.6897534132003784,transistor,/Users/bytedance/Downloads/mvtec_anomaly_detection/transistor/test/bent_lead/003.png,0.7131997346878052,0.6898503303527832,0.696331363916397,0.704526960849762,0.6999787092208862,0.9147332663477834,0.01046133041381836,cone_normal_only
1,0.4929879605770111,0.48126333951950073,transistor,/Users/bytedance/Downloads/mvtec_anomaly_detection/transistor/test/bent_lead/003.png,0.5065439343452454,0.48137199878692627,0.4884899154305458,0.4977024495601654,0.49254488945007324,0.9196663708019477,0.011724621057510376,cone_contrastive
1,0.5422859787940979,0.018731731921434402,transistor,/Users/bytedance/Downloads/mvtec_anomaly_detection/transistor/test/bent_lead/004.png,0.9543232321739197,0.02075512707233429,0.06741835251450538,0.48639219999313354,0.22508196532726288,0.9980441892900065,0.5235542468726635,cosine
1,0.7045912742614746,0.6898981928825378,transistor,/Users/bytedance/Downloads/mvtec_anomaly_detection/transistor/test/bent_lead/004.png,0.7116404175758362,0.689954936504364,0.6956938534975051,0.7033548355102539,0.6987172365188599,0.9987508812927688,0.014693081378936768,cone_normal_only
1,0.4980439245700836,0.48131921887397766,transistor,/Users/bytedance/Downloads/mvtec_anomaly_detection/transistor/test/bent_lead/004.png,0.5045655369758606,0.4813838303089142,0.48771252781152724,0.4965417981147766,0.49114206433296204,0.9988778436611206,0.016724705696105957,cone_contrastive
1,0.10890001803636551,0.01990676112473011,transistor,/Users/bytedance/Downloads/mvtec_anomaly_detection/transistor/test/bent_lead/005.png,0.9447455406188965,0.02131831832230091,0.08854186125099639,0.25598984956741333,0.15383745729923248,0.8268013353511074,0.0889932569116354,cosine
1,0.6959900856018066,0.6905862092971802,transistor,/Users/bytedance/Downloads/mvtec_anomaly_detection/transistor/test/bent_lead/005.png,0.7108489274978638,0.6906718611717224,0.6971894323825836,0.7007136344909668,0.6988183259963989,0.8301005436726199,0.005403876304626465,cone_normal_only
1,0.48818856477737427,0.48222750425338745,transistor,/Users/bytedance/Downloads/mvtec_anomaly_detection/transistor/test/bent_lead/005.png,0.5040233135223389,0.482322096824646,0.4895456835627556,0.4935038983821869,0.4913622736930847,0.8258220849371676,0.005961060523986816,cone_contrastive
1,0.07612043619155884,0.022004110738635063,transistor,/Users/bytedance/Downloads/mvtec_anomaly_detection/transistor/test/bent_lead/006.png,0.9592884182929993,0.023939257487654686,0.12209923714399327,0.3035838305950165,0.1998969316482544,0.7334078798169311,0.054116325452923775,cosine
1,0.6943858861923218,0.690139889717102,transistor,/Users/bytedance/Downloads/mvtec_anomaly_detection/transistor/test/bent_lead/006.png,0.7114109396934509,0.6902918815612793,0.6981880724430084,0.7015414834022522,0.6998127102851868,0.7487877389785704,0.0042459964752197266,cone_normal_only
1,0.4862976372241974,0.4817422032356262,transistor,/Users/bytedance/Downloads/mvtec_anomaly_detection/transistor/test/bent_lead/006.png,0.5048912763595581,0.48190510272979736,0.49069717079401015,0.49458950757980347,0.4925854504108429,0.7323693978181323,0.004555433988571167,cone_contrastive
1,0.08956584334373474,0.014372902922332287,transistor,/Users/bytedance/Downloads/mvtec_anomaly_detection/transistor/test/bent_lead/007.png,0.9698377847671509,0.016765525564551353,0.06344083808362473,0.4058014750480652,0.1788228154182434,0.6969295170109535,0.07519294042140245,cosine
1,0.6930424571037292,0.6891788244247437,transistor,/Users/bytedance/Downloads/mvtec_anomaly_detection/transistor/test/bent_lead/007.png,0.712166965007782,0.6893017292022705,0.6953557699918747,0.701958179473877,0.6979683041572571,0.6955874243390668,0.0038636326789855957,cone_normal_only
1,0.4849916696548462,0.48058533668518066,transistor,/Users/bytedance/Downloads/mvtec_anomaly_detection/transistor/test/bent_lead/007.png,0.5057358145713806,0.48072555661201477,0.4874481588602066,0.495022177696228,0.49042078852653503,0.7025632420588453,0.004406332969665527,cone_contrastive
1,0.19617801904678345,0.01756647601723671,transistor,/Users/bytedance/Downloads/mvtec_anomaly_detection/transistor/test/bent_lead/008.png,0.9577977061271667,0.02406727708876133,0.11389524713158586,0.5741326212882996,0.30441969633102417,0.7005962735571212,0.17861154302954674,cosine
1,0.6946899890899658,0.689459502696991,transistor,/Users/bytedance/Downloads/mvtec_anomaly_detection/transistor/test/bent_lead/008.png,0.7111947536468506,0.6896498799324036,0.6965763479471206,0.7047427892684937,0.7002108693122864,0.6881953478853878,0.0052304863929748535,cone_normal_only
1,0.4868631660938263,0.4809560179710388,transistor,/Users/bytedance/Downloads/mvtec_anomaly_detection/transistor/test/bent_lead/008.png,0.5048348307609558,0.4811709523200989,0.4887929201126099,0.49813833832740784,0.4929331839084625,0.6905476648615465,0.005907148122787476,cone_contrastive
1,0.14983372390270233,0.01769890822470188,transistor,/Users/bytedance/Downloads/mvtec_anomaly_detection/transistor/test/bent_lead/009.png,0.9319782853126526,0.018889639526605606,0.0779767777770757,0.3927106261253357,0.18358203768730164,0.9621880152278295,0.13213481567800045,cosine
1,0.6982128620147705,0.6897103190422058,transistor,/Users/bytedance/Downloads/mvtec_anomaly_detection/transistor/test/bent_lead/009.png,0.7103440761566162,0.6897868514060974,0.695907685160637,0.7021651864051819,0.6983382701873779,0.9720273552081505,0.008502542972564697,cone_normal_only
1,0.49061501026153564,0.4811919927597046,transistor,/Users/bytedance/Downloads/mvtec_anomaly_detection/transistor/test/bent_lead/009.png,0.5034500360488892,0.4812769293785095,0.4880464866757393,0.4950978457927704,0.49081024527549744,0.9709239425249606,0.009423017501831055,cone_contrastive
1,0.07547485828399658,0.024903815239667892,transistor,/Users/bytedance/Downloads/mvtec_anomaly_detection/transistor/test/cut_lead/000.png,0.9695897102355957,0.025473184883594513,0.10966280363500114,0.5957459211349487,0.2908129096031189,0.5528922927585189,0.05057104304432869,cosine
1,0.6898893713951111,0.6894230246543884,transistor,/Users/bytedance/Downloads/mvtec_anomaly_detection/transistor/test/cut_lead/000.png,0.711723804473877,0.6894282102584839,0.6970032602548599,0.7049082517623901,0.7001233696937561,0.49867833131178035,0.00046634674072265625,cone_normal_only
1,0.4817659556865692,0.48114168643951416,transistor,/Users/bytedance/Downloads/mvtec_anomaly_detection/transistor/test/cut_lead/000.png,0.5058075189590454,0.48114871978759766,0.4898066073656082,0.49896907806396484,0.49344372749328613,0.5112799700620987,0.0006242692470550537,cone_contrastive
1,0.0485580749809742,0.012567236088216305,transistor,/Users/bytedance/Downloads/mvtec_anomaly_detection/transistor/test/cut_lead/001.png,0.9586979746818542,0.013211607001721859,0.04455431196838607,0.304474800825119,0.12208196520805359,0.4840527542760612,0.03599083889275789,cosine
1,0.6897690892219543,0.6892004013061523,transistor,/Users/bytedance/Downloads/mvtec_anomaly_detection/transistor/test/cut_lead/001.png,0.7110230922698975,0.6892105340957642,0.694886428117752,0.7003383636474609,0.6969720721244812,0.5025396435853142,0.000568687915802002,cone_normal_only
1,0.48123618960380554,0.4806806147098541,transistor,/Users/bytedance/Downloads/mvtec_anomaly_detection/transistor/test/cut_lead/001.png,0.5048881769180298,0.4806906282901764,0.48704081028699875,0.49318626523017883,0.4893818795681,0.49492727548940946,0.000555574893951416,cone_contrastive
1,0.1721799224615097,0.02139844186604023,transistor,/Users/bytedance/Downloads/mvtec_anomaly_detection/transistor/test/cut_lead/002.png,0.9697065949440002,0.022967932745814323,0.09350118823349471,0.5563030242919922,0.26587289571762085,0.7510795164966805,0.15078148059546947,cosine
1,0.6939025521278381,0.6892685294151306,transistor,/Users/bytedance/Downloads/mvtec_anomaly_detection/transistor/test/cut_lead/002.png,0.7116352319717407,0.6893167495727539,0.6955297231674193,0.704473078250885,0.6990770697593689,0.7438333291917696,0.0046340227127075195,cone_normal_only
1,0.4860513508319855,0.48076650500297546,transistor,/Users/bytedance/Downloads/mvtec_anomaly_detection/transistor/test/cut_lead/002.png,0.505784273147583,0.48082154989242554,0.48767955750226977,0.4979020655155182,0.49168694019317627,0.7462893034755804,0.00528484582901001,cone_contrastive
1,0.04707834869623184,0.0299276914447546,transistor,/Users/bytedance/Downloads/mvtec_anomaly_detection/transistor/test/cut_lead/003.png,0.9732739329338074,0.03017287887632847,0.15537579581141442,0.5669318437576294,0.3304533362388611,0.5295756157709425,0.01715065725147724,cosine
1,0.6904643177986145,0.6899484395980835,transistor,/Users/bytedance/Downloads/mvtec_anomaly_detection/transistor/test/cut_lead/003.png,0.7118043899536133,0.6899558305740356,0.6983759820461273,0.7048891186714172,0.7013015747070312,0.5331172248897581,0.0005158782005310059,cone_normal_only
1,0.48205405473709106,0.4815807044506073,transistor,/Users/bytedance/Downloads/mvtec_anomaly_detection/transistor/test/cut_lead/003.png,0.5061678290367126,0.4815874993801117,0.49117051661014555,0.49858009815216064,0.4945010542869568,0.5210356894635217,0.00047335028648376465,cone_contrastive
1,0.052949681878089905,0.03222987428307533,transistor,/Users/bytedance/Downloads/mvtec_anomaly_detection/transistor/test/cut_lead/004.png,0.9737032055854797,0.03297295421361923,0.1551229566335678,0.5941125154495239,0.34294140338897705,0.5231574758241162,0.020719807595014572,cosine
1,0.6903984546661377,0.6902484893798828,transistor,/Users/bytedance/Downloads/mvtec_anomaly_detection/transistor/test/cut_lead/004.png,0.7122734189033508,0.6902537941932678,0.6977218389511108,0.7051171660423279,0.7011139392852783,0.5071798588415336,0.0001499652862548828,cone_normal_only
1,0.48204782605171204,0.4818578362464905,transistor,/Users/bytedance/Downloads/mvtec_anomaly_detection/transistor/test/cut_lead/004.png,0.5061562657356262,0.48186466097831726,0.49013553708791735,0.49890241026878357,0.4941330552101135,0.5071727804548982,0.00018998980522155762,cone_contrastive
1,0.040778983384370804,0.010507280938327312,transistor,/Users/bytedance/Downloads/mvtec_anomaly_detection/transistor/test/cut_lead/005.png,0.9507898688316345,0.01084844209253788,0.03025364745408296,0.23869328200817108,0.09446892887353897,0.710526684875064,0.03027170244604349,cosine
1,0.6907469034194946,0.6888390183448792,transistor,/Users/bytedance/Downloads/mvtec_anomaly_detection/transistor/test/cut_lead/005.png,0.7107135057449341,0.6888604164123535,0.6941195040941238,0.6990856528282166,0.6959525942802429,0.6900595979743408,0.0019078850746154785,cone_normal_only
1,0.4824424684047699,0.48029646277427673,transistor,/Users/bytedance/Downloads/mvtec_anomaly_detection/transistor/test/cut_lead/005.png,0.5044162273406982,0.48032069206237793,0.48623323291540144,0.4916568100452423,0.48818013072013855,0.6951318426080488,0.002146005630493164,cone_contrastive
1,0.038326725363731384,0.017367828637361526,transistor,/Users/bytedance/Downloads/mvtec_anomaly_detection/transistor/test/cut_lead/006.png,0.9620827436447144,0.017689015716314316,0.06773807704448699,0.36071860790252686,0.16306795179843903,0.5990671324336235,0.020958896726369858,cosine
1,0.6907932758331299,0.6898786425590515,transistor,/Users/bytedance/Downloads/mvtec_anomaly_detection/transistor/test/cut_lead/006.png,0.7109757661819458,0.689892590045929,0.6960207551717759,0.7018007636070251,0.6982336044311523,0.5747986903542439,0.0009146332740783691,cone_normal_only
1,0.48249319195747375,0.4814722537994385,transistor,/Users/bytedance/Downloads/mvtec_anomaly_detection/transistor/test/cut_lead/006.png,0.505183219909668,0.481487900018692,0.4883161559700966,0.49506092071533203,0.4909352660179138,0.5725482641216778,0.0010209381580352783,cone_contrastive
1,0.06750308722257614,0.013901353813707829,transistor,/Users/bytedance/Downloads/mvtec_anomaly_detection/transistor/test/cut_lead/007.png,0.9426037669181824,0.014447510242462158,0.05113706849515436,0.28287214040756226,0.1313629299402237,0.7303522222527956,0.05360173340886831,cosine
1,0.6920034289360046,0.6893075704574585,transistor,/Users/bytedance/Downloads/mvtec_anomaly_detection/transistor/test/cut_lead/007.png,0.7103922963142395,0.6893349885940552,0.6951308071613311,0.7006573677062988,0.6972501873970032,0.7162920586766657,0.0026958584785461426,cone_normal_only
1,0.4836071729660034,0.4807773530483246,transistor,/Users/bytedance/Downloads/mvtec_anomaly_detection/transistor/test/cut_lead/007.png,0.503989577293396,0.4808062016963959,0.48737639039754865,0.4935415983200073,0.48970186710357666,0.6961737236385248,0.002829819917678833,cone_contrastive
1,0.0167061947286129,0.011906604282557964,transistor,/Users/bytedance/Downloads/mvtec_anomaly_detection/transistor/test/cut_lead/008.png,0.9303346276283264,0.012001621536910534,0.03932216167449949,0.10577524453401566,0.06195146217942238,0.4140517231857257,0.0047995904460549355,cosine
1,0.6890132427215576,0.6898369193077087,transistor,/Users/bytedance/Downloads/mvtec_anomaly_detection/transistor/test/cut_lead/008.png,0.7102237939834595,0.6898205876350403,0.6952419281005859,0.6978245377540588,0.6962391138076782,0.40753753280291494,-0.000823676586151123,cone_normal_only
1,0.4804918169975281,0.4813944101333618,transistor,/Users/bytedance/Downloads/mvtec_anomaly_detection/transistor/test/cut_lead/008.png,0.5034103989601135,0.48137661814689636,0.48751020431518555,0.4902973473072052,0.4885466396808624,0.4099161116715275,-0.0009025931358337402,cone_contrastive
1,0.013339005410671234,0.00968713965266943,transistor,/Users/bytedance/Downloads/mvtec_anomaly_detection/transistor/test/cut_lead/009.png,0.9401347637176514,0.009751214645802975,0.03122400734573601,0.11740190535783768,0.05980338901281357,0.6016741662952554,0.0036518657580018044,cosine
1,0.6896658539772034,0.6890454888343811,transistor,/Users/bytedance/Downloads/mvtec_anomaly_detection/transistor/test/cut_lead/009.png,0.7109944820404053,0.689056396484375,0.6946066617965698,0.6982636451721191,0.6959356069564819,0.588670681224259,0.0006203651428222656,cone_normal_only
1,0.4812575876712799,0.4804859757423401,transistor,/Users/bytedance/Downloads/mvtec_anomaly_detection/transistor/test/cut_lead/009.png,0.5037800669670105,0.4804995357990265,0.48678531795740126,0.4906328022480011,0.48814794421195984,0.5918299040578164,0.0007716119289398193,cone_contrastive
0,nan,0.008100595325231552,transistor,/Users/bytedance/Downloads/mvtec_anomaly_detection/transistor/test/good/000.png,0.8848055601119995,0.008100595325231552,0.023619136493653055,0.16322317719459534,0.06404262781143188,nan,nan,cosine
0,nan,0.6886230111122131,transistor,/Users/bytedance/Downloads/mvtec_anomaly_detection/transistor/test/good/000.png,0.7081843018531799,0.6886230111122131,0.6934117496013641,0.6978034377098083,0.6950604915618896,nan,nan,cone_normal_only
0,nan,0.4800618886947632,transistor,/Users/bytedance/Downloads/mvtec_anomaly_detection/transistor/test/good/000.png,0.5020124912261963,0.4800618886947632,0.48535001575946807,0.49031516909599304,0.48719123005867004,nan,nan,cone_contrastive
0,nan,0.006815217901021242,transistor,/Users/bytedance/Downloads/mvtec_anomaly_detection/transistor/test/good/001.png,0.9107182025909424,0.006815217901021242,0.016741270851343824,0.17529891431331635,0.06340542435646057,nan,nan,cosine
0,nan,0.6881613731384277,transistor,/Users/bytedance/Downloads/mvtec_anomaly_detection/transistor/test/good/001.png,0.7088842988014221,0.6881613731384277,0.6922612339258194,0.6972535848617554,0.6941236853599548,nan,nan,cone_normal_only
0,nan,0.4794963598251343,transistor,/Users/bytedance/Downloads/mvtec_anomaly_detection/transistor/test/good/001.png,0.5027893781661987,0.4794963598251343,0.4840075686573982,0.4898199737071991,0.486136257648468,nan,nan,cone_contrastive
0,nan,0.010514091700315475,transistor,/Users/bytedance/Downloads/mvtec_anomaly_detection/transistor/test/good/002.png,0.9270288348197937,0.010514091700315475,0.03343626074492931,0.2968719005584717,0.10569550096988678,nan,nan,cosine
0,nan,0.6887574195861816,transistor,/Users/bytedance/Downloads/mvtec_anomaly_detection/transistor/test/good/002.png,0.7096749544143677,0.6887574195861816,0.6937349259853363,0.6993868947029114,0.6957820057868958,nan,nan,cone_normal_only
0,nan,0.4801977276802063,transistor,/Users/bytedance/Downloads/mvtec_anomaly_detection/transistor/test/good/002.png,0.5032785534858704,0.4801977276802063,0.4857666477560997,0.49215224385261536,0.4881170988082886,nan,nan,cone_contrastive
0,nan,0.018562693148851395,transistor,/Users/bytedance/Downloads/mvtec_anomaly_detection/transistor/test/good/003.png,0.9013527631759644,0.018562693148851395,0.06522029563784597,0.47625043988227844,0.20603446662425995,nan,nan,cosine
0,nan,0.6895102858543396,transistor,/Users/bytedance/Downloads/mvtec_anomaly_detection/transistor/test/good/003.png,0.709419310092926,0.6895102858543396,0.6954206824302673,0.7023157477378845,0.698086142539978,nan,nan,cone_normal_only
0,nan,0.48095107078552246,transistor,/Users/bytedance/Downloads/mvtec_anomaly_detection/transistor/test/good/003.png,0.5023810267448425,0.48095107078552246,0.48756095618009565,0.49548572301864624,0.4906390607357025,nan,nan,cone_contrastive
0,nan,0.008019654080271721,transistor,/Users/bytedance/Downloads/mvtec_anomaly_detection/transistor/test/good/004.png,0.8887880444526672,0.008019654080271721,0.024106539040803836,0.10326659679412842,0.04653547704219818,nan,nan,cosine
0,nan,0.6890726089477539,transistor,/Users/bytedance/Downloads/mvtec_anomaly_detection/transistor/test/good/004.png,0.7088772654533386,0.6890726089477539,0.6939353585243225,0.6967149376869202,0.694898784160614,nan,nan,cone_normal_only
0,nan,0.4804522395133972,transistor,/Users/bytedance/Downloads/mvtec_anomaly_detection/transistor/test/good/004.png,0.5020473003387451,0.4804522395133972,0.485859639942646,0.48882248997688293,0.48691052198410034,nan,nan,cone_contrastive
0,nan,0.009790400043129921,transistor,/Users/bytedance/Downloads/mvtec_anomaly_detection/transistor/test/good/005.png,0.8983629941940308,0.009790400043129921,0.029120921716093994,0.16940422356128693,0.07353007048368454,nan,nan,cosine
0,nan,0.6890501379966736,transistor,/Users/bytedance/Downloads/mvtec_anomaly_detection/transistor/test/good/005.png,0.7091809511184692,0.6890501379966736,0.6940082043409348,0.6977986097335815,0.6953415870666504,nan,nan,cone_normal_only
0,nan,0.48053091764450073,transistor,/Users/bytedance/Downloads/mvtec_anomaly_detection/transistor/test/good/005.png,0.5023164749145508,0.48053091764450073,0.4862002044916153,0.49018463492393494,0.4875427782535553,nan,nan,cone_contrastive
0,nan,0.013315369375050068,transistor,/Users/bytedance/Downloads/mvtec_anomaly_detection/transistor/test/good/006.png,0.9196856021881104,0.013315369375050068,0.048234296590089785,0.17088718712329865,0.08850657939910889,nan,nan,cosine
0,nan,0.6897833347320557,transistor,/Users/bytedance/Downloads/mvtec_anomaly_detection/transistor/test/good/006.png,0.7093428373336792,0.6897833347320557,0.695105516910553,0.6982887983322144,0.6964273452758789,nan,nan,cone_normal_only
0,nan,0.4813433289527893,transistor,/Users/bytedance/Downloads/mvtec_anomaly_detection/transistor/test/good/006.png,0.5030689239501953,0.4813433289527893,0.4872891068458557,0.49068310856819153,0.48869040608406067,nan,nan,cone_contrastive
0,nan,0.010328489355742931,transistor,/Users/bytedance/Downloads/mvtec_anomaly_detection/transistor/test/good/007.png,0.9066543579101562,0.010328489355742931,0.029849027935415495,0.21845856308937073,0.08835341036319733,nan,nan,cosine
0,nan,0.6888763904571533,transistor,/Users/bytedance/Downloads/mvtec_anomaly_detection/transistor/test/good/007.png,0.7092396020889282,0.6888763904571533,0.693646302819252,0.6987500786781311,0.6954578757286072,nan,nan,cone_normal_only
0,nan,0.48037976026535034,transistor,/Users/bytedance/Downloads/mvtec_anomaly_detection/transistor/test/good/007.png,0.5025897026062012,0.48037976026535034,0.48562910258769987,0.4913225471973419,0.4876156449317932,nan,nan,cone_contrastive
0,nan,0.008363664150238037,transistor,/Users/bytedance/Downloads/mvtec_anomaly_detection/transistor/test/good/008.png,0.9219663143157959,0.008363664150238037,0.028494749125092998,0.08200529217720032,0.04930470138788223,nan,nan,cosine
0,nan,0.688725471496582,transistor,/Users/bytedance/Downloads/mvtec_anomaly_detection/transistor/test/good/008.png,0.709463357925415,0.688725471496582,0.693713366985321,0.6964318752288818,0.6948509812355042,nan,nan,cone_normal_only
0,nan,0.4802686870098114,transistor,/Users/bytedance/Downloads/mvtec_anomaly_detection/transistor/test/good/008.png,0.5031216144561768,0.4802686870098114,0.48583245277404785,0.48871275782585144,0.4870296120643616,nan,nan,cone_contrastive
0,nan,0.009549080394208431,transistor,/Users/bytedance/Downloads/mvtec_anomaly_detection/transistor/test/good/009.png,0.8757779002189636,0.009549080394208431,0.029920891858637316,0.09997666627168655,0.05394190922379494,nan,nan,cosine
0,nan,0.6894329190254211,transistor,/Users/bytedance/Downloads/mvtec_anomaly_detection/transistor/test/good/009.png,0.7084324955940247,0.6894329190254211,0.6939008831977844,0.6966644525527954,0.6949998140335083,nan,nan,cone_normal_only
0,nan,0.4809112548828125,transistor,/Users/bytedance/Downloads/mvtec_anomaly_detection/transistor/test/good/009.png,0.5017411708831787,0.4809112548828125,0.48588067442178723,0.4888487756252289,0.4870526194572449,nan,nan,cone_contrastive
0,nan,0.010647300630807877,transistor,/Users/bytedance/Downloads/mvtec_anomaly_detection/transistor/test/good/010.png,0.9096841812133789,0.010647300630807877,0.03371739611029625,0.16918973624706268,0.07656677812337875,nan,nan,cosine
0,nan,0.6895343661308289,transistor,/Users/bytedance/Downloads/mvtec_anomaly_detection/transistor/test/good/010.png,0.7090491652488708,0.6895343661308289,0.6940644711256028,0.697791576385498,0.6956499814987183,nan,nan,cone_normal_only
0,nan,0.4810665547847748,transistor,/Users/bytedance/Downloads/mvtec_anomaly_detection/transistor/test/good/010.png,0.5026765465736389,0.4810665547847748,0.48606468439102174,0.49021199345588684,0.48783808946609497,nan,nan,cone_contrastive
0,nan,0.008139492943882942,transistor,/Users/bytedance/Downloads/mvtec_anomaly_detection/transistor/test/good/011.png,0.8494863510131836,0.008139492943882942,0.02553412439301609,0.13974851369857788,0.057570964097976685,nan,nan,cosine
0,nan,0.6888266801834106,transistor,/Users/bytedance/Downloads/mvtec_anomaly_detection/transistor/test/good/011.png,0.7081137895584106,0.6888266801834106,0.693472945690155,0.6972723603248596,0.6949160695075989,nan,nan,cone_normal_only
0,nan,0.4802827537059784,transistor,/Users/bytedance/Downloads/mvtec_anomaly_detection/transistor/test/good/011.png,0.5011324286460876,0.4802827537059784,0.4853720024228096,0.4895314872264862,0.486960232257843,nan,nan,cone_contrastive
0,nan,0.010755140334367752,transistor,/Users/bytedance/Downloads/mvtec_anomaly_detection/transistor/test/good/012.png,0.9066666960716248,0.010755140334367752,0.03968615699559446,0.12712199985980988,0.0695081353187561,nan,nan,cosine
0,nan,0.6892374753952026,transistor,/Users/bytedance/Downloads/mvtec_anomaly_detection/transistor/test/good/012.png,0.7093517780303955,0.6892374753952026,0.6945558696985245,0.6978351473808289,0.6958432793617249,nan,nan,cone_normal_only
0,nan,0.48080679774284363,transistor,/Users/bytedance/Downloads/mvtec_anomaly_detection/transistor/test/good/012.png,0.5025680065155029,0.48080679774284363,0.48666258752346037,0.49029970169067383,0.48809701204299927,nan,nan,cone_contrastive
0,nan,0.01032198965549469,transistor,/Users/bytedance/Downloads/mvtec_anomaly_detection/transistor/test/good/013.png,0.911173939704895,0.01032198965549469,0.03120754715055226,0.15542754530906677,0.072531558573246,nan,nan,cosine
0,nan,0.689302921295166,transistor,/Users/bytedance/Downloads/mvtec_anomaly_detection/transistor/test/good/013.png,0.7092307806015015,0.689302921295166,0.693873941898346,0.6982696056365967,0.6955366730690002,nan,nan,cone_normal_only
0,nan,0.48079967498779297,transistor,/Users/bytedance/Downloads/mvtec_anomaly_detection/transistor/test/good/013.png,0.5027289390563965,0.48079967498779297,0.486025533080101,0.4906330406665802,0.4877794682979584,nan,nan,cone_contrastive
0,nan,0.013772990554571152,transistor,/Users/bytedance/Downloads/mvtec_anomaly_detection/transistor/test/good/014.png,0.918085515499115,0.013772990554571152,0.04862799271941171,0.30034270882606506,0.129837304353714,nan,nan,cosine
0,nan,0.6891965270042419,transistor,/Users/bytedance/Downloads/mvtec_anomaly_detection/transistor/test/good/014.png,0.7097629904747009,0.6891965270042419,0.6943827182054519,0.699593186378479,0.6963983774185181,nan,nan,cone_normal_only
0,nan,0.4807673394680023,transistor,/Users/bytedance/Downloads/mvtec_anomaly_detection/transistor/test/good/014.png,0.5029130578041077,0.4807673394680023,0.4864348337054253,0.4922339916229248,0.4885975122451782,nan,nan,cone_contrastive
0,nan,0.01842564530670643,transistor,/Users/bytedance/Downloads/mvtec_anomaly_detection/transistor/test/good/015.png,0.925912618637085,0.01842564530670643,0.07431410960853091,0.38673290610313416,0.18284724652767181,nan,nan,cosine
0,nan,0.6895692944526672,transistor,/Users/bytedance/Downloads/mvtec_anomaly_detection/transistor/test/good/015.png,0.7093899846076965,0.6895692944526672,0.6950571686029434,0.7018130421638489,0.6975733637809753,nan,nan,cone_normal_only
0,nan,0.48118510842323303,transistor,/Users/bytedance/Downloads/mvtec_anomaly_detection/transistor/test/good/015.png,0.5032910704612732,0.48118510842323303,0.4872088640928268,0.4949083626270294,0.4900280833244324,nan,nan,cone_contrastive
0,nan,0.008784707635641098,transistor,/Users/bytedance/Downloads/mvtec_anomaly_detection/transistor/test/good/016.png,0.8997257947921753,0.008784707635641098,0.027114153280854175,0.10211195051670074,0.052517618983983994,nan,nan,cosine
0,nan,0.6891605257987976,transistor,/Users/bytedance/Downloads/mvtec_anomaly_detection/transistor/test/good/016.png,0.7089138627052307,0.6891605257987976,0.6936473160982132,0.6967189311981201,0.6948870420455933,nan,nan,cone_normal_only
0,nan,0.48070329427719116,transistor,/Users/bytedance/Downloads/mvtec_anomaly_detection/transistor/test/good/016.png,0.5023882985115051,0.48070329427719116,0.48580133467912673,0.48911914229393005,0.4871255159378052,nan,nan,cone_contrastive
0,nan,0.013600879348814487,transistor,/Users/bytedance/Downloads/mvtec_anomaly_detection/transistor/test/good/017.png,0.944499671459198,0.013600879348814487,0.03802720662206409,0.2479165941476822,0.09898537397384644,nan,nan,cosine
0,nan,0.6897942423820496,transistor,/Users/bytedance/Downloads/mvtec_anomaly_detection/transistor/test/good/017.png,0.7103304862976074,0.6897942423820496,0.6946884304285049,0.6993163824081421,0.696185827255249,nan,nan,cone_normal_only
0,nan,0.4813591539859772,transistor,/Users/bytedance/Downloads/mvtec_anomaly_detection/transistor/test/good/017.png,0.5041147470474243,0.4813591539859772,0.48679402023553847,0.4919816255569458,0.48835793137550354,nan,nan,cone_contrastive
0,nan,0.007728937081992626,transistor,/Users/bytedance/Downloads/mvtec_anomaly_detection/transistor/test/good/018.png,0.8649863004684448,0.007728937081992626,0.026267121080309146,0.1761431097984314,0.0660388171672821,nan,nan,cosine
0,nan,0.6883001923561096,transistor,/Users/bytedance/Downloads/mvtec_anomaly_detection/transistor/test/good/018.png,0.7084761261940002,0.6883001923561096,0.6933141410350799,0.6977418065071106,0.6950588226318359,nan,nan,cone_normal_only
0,nan,0.4797268509864807,transistor,/Users/bytedance/Downloads/mvtec_anomaly_detection/transistor/test/good/018.png,0.5014688372612,0.4797268509864807,0.48528508096933365,0.4901122450828552,0.4872373938560486,nan,nan,cone_contrastive
0,nan,0.008186397142708302,transistor,/Users/bytedance/Downloads/mvtec_anomaly_detection/transistor/test/good/019.png,0.9047830104827881,0.008186397142708302,0.022680116817355152,0.18448428809642792,0.06707937270402908,nan,nan,cosine
0,nan,0.6885831952095032,transistor,/Users/bytedance/Downloads/mvtec_anomaly_detection/transistor/test/good/019.png,0.709539532661438,0.6885831952095032,0.6933928370475769,0.6975539922714233,0.6948792934417725,nan,nan,cone_normal_only
0,nan,0.47997164726257324,transistor,/Users/bytedance/Downloads/mvtec_anomaly_detection/transistor/test/good/019.png,0.5025143027305603,0.47997164726257324,0.4854852557182312,0.48980075120925903,0.4869552254676819,nan,nan,cone_contrastive
0,nan,0.01001165620982647,transistor,/Users/bytedance/Downloads/mvtec_anomaly_detection/transistor/test/good/020.png,0.8823686242103577,0.01001165620982647,0.034653651155531394,0.10607454180717468,0.06472127884626389,nan,nan,cosine
0,nan,0.6891731023788452,transistor,/Users/bytedance/Downloads/mvtec_anomaly_detection/transistor/test/good/020.png,0.7085549235343933,0.6891731023788452,0.6940573960542679,0.6977627873420715,0.695734977722168,nan,nan,cone_normal_only
0,nan,0.4808635711669922,transistor,/Users/bytedance/Downloads/mvtec_anomaly_detection/transistor/test/good/020.png,0.5019158124923706,0.4808635711669922,0.4862902969121933,0.49066320061683655,0.4882313013076782,nan,nan,cone_contrastive
0,nan,0.010785093531012535,transistor,/Users/bytedance/Downloads/mvtec_anomaly_detection/transistor/test/good/021.png,0.9051950573921204,0.010785093531012535,0.029573504440486426,0.19641490280628204,0.07773835211992264,nan,nan,cosine
0,nan,0.6892653107643127,transistor,/Users/bytedance/Downloads/mvtec_anomaly_detection/transistor/test/good/021.png,0.7092158198356628,0.6892653107643127,0.69374321103096,0.6980255246162415,0.6952387094497681,nan,nan,cone_normal_only
0,nan,0.48091062903404236,transistor,/Users/bytedance/Downloads/mvtec_anomaly_detection/transistor/test/good/021.png,0.5025354027748108,0.48091062903404236,0.4858724966645241,0.49061837792396545,0.48755404353141785,nan,nan,cone_contrastive
0,nan,0.00636910367757082,transistor,/Users/bytedance/Downloads/mvtec_anomaly_detection/transistor/test/good/022.png,0.8370491862297058,0.00636910367757082,0.017932808678597194,0.05387541651725769,0.03087312914431095,nan,nan,cosine
0,nan,0.6886547803878784,transistor,/Users/bytedance/Downloads/mvtec_anomaly_detection/transistor/test/good/022.png,0.7072772979736328,0.6886547803878784,0.6928704291582107,0.6958230137825012,0.6941207647323608,nan,nan,cone_normal_only
0,nan,0.4802058935165405,transistor,/Users/bytedance/Downloads/mvtec_anomaly_detection/transistor/test/good/022.png,0.500937283039093,0.4802058935165405,0.48500155955553054,0.4882930815219879,0.4864000380039215,nan,nan,cone_contrastive
0,nan,0.009038276970386505,transistor,/Users/bytedance/Downloads/mvtec_anomaly_detection/transistor/test/good/023.png,0.8918365240097046,0.009038276970386505,0.03131101727485655,0.0819406509399414,0.04979197680950165,nan,nan,cosine
0,nan,0.6890407800674438,transistor,/Users/bytedance/Downloads/mvtec_anomaly_detection/transistor/test/good/023.png,0.7092714309692383,0.6890407800674438,0.6943840861320496,0.6969239115715027,0.6954898834228516,nan,nan,cone_normal_only
0,nan,0.4805740714073181,transistor,/Users/bytedance/Downloads/mvtec_anomaly_detection/transistor/test/good/023.png,0.5021045804023743,0.4805740714073181,0.4865584194660187,0.489277184009552,0.4877382218837738,nan,nan,cone_contrastive
0,nan,0.007954495958983898,transistor,/Users/bytedance/Downloads/mvtec_anomaly_detection/transistor/test/good/024.png,0.8906383514404297,0.007954495958983898,0.02381423227488993,0.11684956401586533,0.04855155572295189,nan,nan,cosine
0,nan,0.6888008713722229,transistor,/Users/bytedance/Downloads/mvtec_anomaly_detection/transistor/test/good/024.png,0.7086849212646484,0.6888008713722229,0.6937242656946182,0.6969422101974487,0.6948657631874084,nan,nan,cone_normal_only
0,nan,0.4803176522254944,transistor,/Users/bytedance/Downloads/mvtec_anomaly_detection/transistor/test/good/024.png,0.5021414756774902,0.4803176522254944,0.48581051379442214,0.4892512559890747,0.48706164956092834,nan,nan,cone_contrastive
0,nan,0.011459504254162312,transistor,/Users/bytedance/Downloads/mvtec_anomaly_detection/transistor/test/good/025.png,0.8914501070976257,0.011459504254162312,0.039447916671633707,0.23695147037506104,0.10234876722097397,nan,nan,cosine
0,nan,0.6890994906425476,transistor,/Users/bytedance/Downloads/mvtec_anomaly_detection/transistor/test/good/025.png,0.7086394429206848,0.6890994906425476,0.6941392928361892,0.6991045475006104,0.6960033774375916,nan,nan,cone_normal_only
0,nan,0.4806836247444153,transistor,/Users/bytedance/Downloads/mvtec_anomaly_detection/transistor/test/good/025.png,0.502191424369812,0.4806836247444153,0.4863004058599472,0.4918879568576813,0.4884165823459625,nan,nan,cone_contrastive
0,nan,0.013835943304002285,transistor,/Users/bytedance/Downloads/mvtec_anomaly_detection/transistor/test/good/026.png,0.8972928524017334,0.013835943304002285,0.0516528721898793,0.17840373516082764,0.09936635941267014,nan,nan,cosine
0,nan,0.6898330450057983,transistor,/Users/bytedance/Downloads/mvtec_anomaly_detection/transistor/test/good/026.png,0.7089687585830688,0.6898330450057983,0.6948055863380432,0.698723554611206,0.6966990232467651,nan,nan,cone_normal_only
0,nan,0.4815085232257843,transistor,/Users/bytedance/Downloads/mvtec_anomaly_detection/transistor/test/good/026.png,0.5023226141929626,0.4815085232257843,0.4870868742465973,0.4914393424987793,0.4891569912433624,nan,nan,cone_contrastive
0,nan,0.016378972679376602,transistor,/Users/bytedance/Downloads/mvtec_anomaly_detection/transistor/test/good/027.png,0.9331663846969604,0.016378972679376602,0.050508311949670266,0.437014639377594,0.1798626035451889,nan,nan,cosine
0,nan,0.6893914341926575,transistor,/Users/bytedance/Downloads/mvtec_anomaly_detection/transistor/test/good/027.png,0.7101306915283203,0.6893914341926575,0.695014551281929,0.7024099826812744,0.6977338194847107,nan,nan,cone_normal_only
0,nan,0.480885773897171,transistor,/Users/bytedance/Downloads/mvtec_anomaly_detection/transistor/test/good/027.png,0.5035271644592285,0.480885773897171,0.487093847990036,0.49559155106544495,0.49019208550453186,nan,nan,cone_contrastive
0,nan,0.011630693450570107,transistor,/Users/bytedance/Downloads/mvtec_anomaly_detection/transistor/test/good/028.png,0.9230020642280579,0.011630693450570107,0.04112244769930839,0.15900185704231262,0.08308521658182144,nan,nan,cosine
0,nan,0.6893646121025085,transistor,/Users/bytedance/Downloads/mvtec_anomaly_detection/transistor/test/good/028.png,0.7099936604499817,0.6893646121025085,0.6948122024536133,0.6987569332122803,0.6963861584663391,nan,nan,cone_normal_only
0,nan,0.4809345304965973,transistor,/Users/bytedance/Downloads/mvtec_anomaly_detection/transistor/test/good/028.png,0.5031440258026123,0.4809345304965973,0.48709312081336975,0.4918385446071625,0.4889020025730133,nan,nan,cone_contrastive
0,nan,0.01681079901754856,transistor,/Users/bytedance/Downloads/mvtec_anomaly_detection/transistor/test/good/029.png,0.9295089244842529,0.01681079901754856,0.05839012507349232,0.40436872839927673,0.1871807873249054,nan,nan,cosine
0,nan,0.6891646981239319,transistor,/Users/bytedance/Downloads/mvtec_anomaly_detection/transistor/test/good/029.png,0.710435688495636,0.6891646981239319,0.695087593793869,0.7022538781166077,0.6980438232421875,nan,nan,cone_normal_only
0,nan,0.4807002544403076,transistor,/Users/bytedance/Downloads/mvtec_anomaly_detection/transistor/test/good/029.png,0.5033496022224426,0.4807002544403076,0.4873782843351364,0.4955509305000305,0.49071741104125977,nan,nan,cone_contrastive
0,nan,0.005102233495563269,transistor,/Users/bytedance/Downloads/mvtec_anomaly_detection/transistor/test/good/030.png,0.8557233214378357,0.005102233495563269,0.016749427933245888,0.05605766922235489,0.02934076637029648,nan,nan,cosine
0,nan,0.6878958940505981,transistor,/Users/bytedance/Downloads/mvtec_anomaly_detection/transistor/test/good/030.png,0.7080360651016235,0.6878958940505981,0.6926543176174164,0.6954588890075684,0.6938248872756958,nan,nan,cone_normal_only
0,nan,0.4793434739112854,transistor,/Users/bytedance/Downloads/mvtec_anomaly_detection/transistor/test/good/030.png,0.5012796521186829,0.4793434739112854,0.48461034446954726,0.4877062141895294,0.4859203100204468,nan,nan,cone_contrastive
0,nan,0.008987313136458397,transistor,/Users/bytedance/Downloads/mvtec_anomaly_detection/transistor/test/good/031.png,0.862281322479248,0.008987313136458397,0.02924651904031632,0.13121604919433594,0.060920655727386475,nan,nan,cosine
0,nan,0.6891643404960632,transistor,/Users/bytedance/Downloads/mvtec_anomaly_detection/transistor/test/good/031.png,0.7082498073577881,0.6891643404960632,0.6936897963285447,0.6974959373474121,0.6953111886978149,nan,nan,cone_normal_only
0,nan,0.4807300865650177,transistor,/Users/bytedance/Downloads/mvtec_anomaly_detection/transistor/test/good/031.png,0.5014410018920898,0.4807300865650177,0.48577060401439665,0.4897928535938263,0.487491250038147,nan,nan,cone_contrastive
0,nan,0.013032951392233372,transistor,/Users/bytedance/Downloads/mvtec_anomaly_detection/transistor/test/good/032.png,0.8897312879562378,0.013032951392233372,0.04271235968917604,0.21818587183952332,0.0979280173778534,nan,nan,cosine
0,nan,0.6897613406181335,transistor,/Users/bytedance/Downloads/mvtec_anomaly_detection/transistor/test/good/032.png,0.709563672542572,0.6897613406181335,0.6941738367080689,0.6990798711776733,0.695959746837616,nan,nan,cone_normal_only
0,nan,0.481408029794693,transistor,/Users/bytedance/Downloads/mvtec_anomaly_detection/transistor/test/good/032.png,0.5020270943641663,0.481408029794693,0.48631116300821303,0.49181094765663147,0.4882662296295166,nan,nan,cone_contrastive
0,nan,0.006182552315294743,transistor,/Users/bytedance/Downloads/mvtec_anomaly_detection/transistor/test/good/033.png,0.8750247955322266,0.006182552315294743,0.019371712673455454,0.06049259752035141,0.035492029041051865,nan,nan,cosine
0,nan,0.6884143948554993,transistor,/Users/bytedance/Downloads/mvtec_anomaly_detection/transistor/test/good/033.png,0.7086621522903442,0.6884143948554993,0.6927903711795806,0.6963496804237366,0.694446861743927,nan,nan,cone_normal_only
0,nan,0.4799281060695648,transistor,/Users/bytedance/Downloads/mvtec_anomaly_detection/transistor/test/good/033.png,0.5016953945159912,0.4799281060695648,0.4847836956381798,0.4885918200016022,0.4865458309650421,nan,nan,cone_contrastive
0,nan,0.007634961046278477,transistor,/Users/bytedance/Downloads/mvtec_anomaly_detection/transistor/test/good/034.png,0.8687240481376648,0.007634961046278477,0.025069261435419318,0.13888609409332275,0.05645081400871277,nan,nan,cosine
0,nan,0.6886880397796631,transistor,/Users/bytedance/Downloads/mvtec_anomaly_detection/transistor/test/good/034.png,0.7083725333213806,0.6886880397796631,0.6935452729463577,0.6975966095924377,0.6951516270637512,nan,nan,cone_normal_only
0,nan,0.4801423251628876,transistor,/Users/bytedance/Downloads/mvtec_anomaly_detection/transistor/test/good/034.png,0.5015824437141418,0.4801423251628876,0.4855204731225967,0.48993346095085144,0.4872952103614807,nan,nan,cone_contrastive
0,nan,0.009472320787608624,transistor,/Users/bytedance/Downloads/mvtec_anomaly_detection/transistor/test/good/035.png,0.889116108417511,0.009472320787608624,0.024983595591038448,0.2397654801607132,0.08553445339202881,nan,nan,cosine
0,nan,0.6889387965202332,transistor,/Users/bytedance/Downloads/mvtec_anomaly_detection/transistor/test/good/035.png,0.7087054252624512,0.6889387965202332,0.6933639049530029,0.6982665061950684,0.6952047944068909,nan,nan,cone_normal_only
0,nan,0.4804519712924957,transistor,/Users/bytedance/Downloads/mvtec_anomaly_detection/transistor/test/good/035.png,0.5020980834960938,0.4804519712924957,0.4855053320527077,0.49098020792007446,0.48751941323280334,nan,nan,cone_contrastive
0,nan,0.020092785358428955,transistor,/Users/bytedance/Downloads/mvtec_anomaly_detection/transistor/test/good/036.png,0.9160902500152588,0.020092785358428955,0.07405818738043282,0.39951014518737793,0.17902909219264984,nan,nan,cosine
0,nan,0.6901461482048035,transistor,/Users/bytedance/Downloads/mvtec_anomaly_detection/transistor/test/good/036.png,0.7096503376960754,0.6901461482048035,0.6958203554153443,0.701897919178009,0.6979894638061523,nan,nan,cone_normal_only
0,nan,0.4818185567855835,transistor,/Users/bytedance/Downloads/mvtec_anomaly_detection/transistor/test/good/036.png,0.5028780102729797,0.4818185567855835,0.488074979186058,0.49503591656684875,0.49053245782852173,nan,nan,cone_contrastive
0,nan,0.010142551735043526,transistor,/Users/bytedance/Downloads/mvtec_anomaly_detection/transistor/test/good/037.png,0.8850141167640686,0.010142551735043526,0.032460422627627786,0.07681848853826523,0.047742441296577454,nan,nan,cosine
0,nan,0.6895992159843445,transistor,/Users/bytedance/Downloads/mvtec_anomaly_detection/transistor/test/good/037.png,0.7084938883781433,0.6895992159843445,0.6943837225437164,0.6967440247535706,0.6953522562980652,nan,nan,cone_normal_only
0,nan,0.4811289310455322,transistor,/Users/bytedance/Downloads/mvtec_anomaly_detection/transistor/test/good/037.png,0.5019731521606445,0.4811289310455322,0.48650347739458083,0.4889061152935028,0.48751890659332275,nan,nan,cone_contrastive
0,nan,0.010596241801977158,transistor,/Users/bytedance/Downloads/mvtec_anomaly_detection/transistor/test/good/038.png,0.8667052388191223,0.010596241801977158,0.03955145347863429,0.12093706429004669,0.06776991486549377,nan,nan,cosine
0,nan,0.6890932321548462,transistor,/Users/bytedance/Downloads/mvtec_anomaly_detection/transistor/test/good/038.png,0.7081978917121887,0.6890932321548462,0.694716289639473,0.6976462602615356,0.6959943771362305,nan,nan,cone_normal_only
0,nan,0.4806409478187561,transistor,/Users/bytedance/Downloads/mvtec_anomaly_detection/transistor/test/good/038.png,0.5015273690223694,0.4806409478187561,0.48690887093544005,0.4902231693267822,0.48834699392318726,nan,nan,cone_contrastive
0,nan,0.013250185176730156,transistor,/Users/bytedance/Downloads/mvtec_anomaly_detection/transistor/test/good/039.png,0.9194215536117554,0.013250185176730156,0.036515468917787015,0.3218480348587036,0.12496408075094223,nan,nan,cosine
0,nan,0.6892058849334717,transistor,/Users/bytedance/Downloads/mvtec_anomaly_detection/transistor/test/good/039.png,0.7095022201538086,0.6892058849334717,0.6944240152835846,0.7003536820411682,0.6963741779327393,nan,nan,cone_normal_only
0,nan,0.4807455539703369,transistor,/Users/bytedance/Downloads/mvtec_anomaly_detection/transistor/test/good/039.png,0.5030231475830078,0.4807455539703369,0.4866143330931664,0.4932945966720581,0.4887627959251404,nan,nan,cone_contrastive
0,nan,0.0247173048555851,transistor,/Users/bytedance/Downloads/mvtec_anomaly_detection/transistor/test/good/040.png,0.9444504380226135,0.0247173048555851,0.0956268757581709,0.6301286816596985,0.2854391932487488,nan,nan,cosine
0,nan,0.6897071003913879,transistor,/Users/bytedance/Downloads/mvtec_anomaly_detection/transistor/test/good/040.png,0.7106404304504395,0.6897071003913879,0.6965243637561798,0.7059980630874634,0.7000906467437744,nan,nan,cone_normal_only
0,nan,0.481330007314682,transistor,/Users/bytedance/Downloads/mvtec_anomaly_detection/transistor/test/good/040.png,0.5040613412857056,0.481330007314682,0.48902528136968615,0.499686598777771,0.4930497705936432,nan,nan,cone_contrastive
0,nan,0.014303218573331833,transistor,/Users/bytedance/Downloads/mvtec_anomaly_detection/transistor/test/good/041.png,0.8937883973121643,0.014303218573331833,0.04581475593149643,0.3106735050678253,0.12829825282096863,nan,nan,cosine
0,nan,0.6894521713256836,transistor,/Users/bytedance/Downloads/mvtec_anomaly_detection/transistor/test/good/041.png,0.7090621590614319,0.6894521713256836,0.6947847008705139,0.6999912261962891,0.696695864200592,nan,nan,cone_normal_only
0,nan,0.48106735944747925,transistor,/Users/bytedance/Downloads/mvtec_anomaly_detection/transistor/test/good/041.png,0.5022095441818237,0.48106735944747925,0.48696639239788053,0.49281761050224304,0.48907721042633057,nan,nan,cone_contrastive
0,nan,0.005693218670785427,transistor,/Users/bytedance/Downloads/mvtec_anomaly_detection/transistor/test/good/042.png,0.8452028036117554,0.005693218670785427,0.016780278552323568,0.050884585827589035,0.02744198776781559,nan,nan,cosine
0,nan,0.6883440017700195,transistor,/Users/bytedance/Downloads/mvtec_anomaly_detection/transistor/test/good/042.png,0.7079246044158936,0.6883440017700195,0.6927539706230164,0.6950296759605408,0.6937269568443298,nan,nan,cone_normal_only
0,nan,0.4798375070095062,transistor,/Users/bytedance/Downloads/mvtec_anomaly_detection/transistor/test/good/042.png,0.5010653734207153,0.4798375070095062,0.4848434031009674,0.4873335659503937,0.48587557673454285,nan,nan,cone_contrastive
0,nan,0.010536793619394302,transistor,/Users/bytedance/Downloads/mvtec_anomaly_detection/transistor/test/good/043.png,0.8683800101280212,0.010536793619394302,0.03250458743423222,0.20414815843105316,0.08902714401483536,nan,nan,cosine
0,nan,0.6890458464622498,transistor,/Users/bytedance/Downloads/mvtec_anomaly_detection/transistor/test/good/043.png,0.707862138748169,0.6890458464622498,0.6939512491226196,0.6981123089790344,0.6955949068069458,nan,nan,cone_normal_only
0,nan,0.48063328862190247,transistor,/Users/bytedance/Downloads/mvtec_anomaly_detection/transistor/test/good/043.png,0.5015866756439209,0.48063328862190247,0.48611225336790087,0.49070751667022705,0.4878919720649719,nan,nan,cone_contrastive
0,nan,0.019410958513617516,transistor,/Users/bytedance/Downloads/mvtec_anomaly_detection/transistor/test/good/044.png,0.938612699508667,0.019410958513617516,0.07478679455816725,0.29041793942451477,0.14632396399974823,nan,nan,cosine
0,nan,0.6902346611022949,transistor,/Users/bytedance/Downloads/mvtec_anomaly_detection/transistor/test/good/044.png,0.7099709510803223,0.6902346611022949,0.6964597344398499,0.7007002234458923,0.6982042193412781,nan,nan,cone_normal_only
0,nan,0.48196902871131897,transistor,/Users/bytedance/Downloads/mvtec_anomaly_detection/transistor/test/good/044.png,0.5038091540336609,0.48196902871131897,0.48890398591756823,0.49373242259025574,0.4909090995788574,nan,nan,cone_contrastive
0,nan,0.01021953672170639,transistor,/Users/bytedance/Downloads/mvtec_anomaly_detection/transistor/test/good/045.png,0.8845682740211487,0.01021953672170639,0.033204186335205985,0.18292123079299927,0.07858769595623016,nan,nan,cosine
0,nan,0.6890605688095093,transistor,/Users/bytedance/Downloads/mvtec_anomaly_detection/transistor/test/good/045.png,0.7079223394393921,0.6890605688095093,0.6935958594083786,0.69794762134552,0.6952395439147949,nan,nan,cone_normal_only
0,nan,0.4806767404079437,transistor,/Users/bytedance/Downloads/mvtec_anomaly_detection/transistor/test/good/045.png,0.5020171403884888,0.4806767404079437,0.4857314988970757,0.4905471205711365,0.4875461459159851,nan,nan,cone_contrastive
0,nan,0.01975194364786148,transistor,/Users/bytedance/Downloads/mvtec_anomaly_detection/transistor/test/good/046.png,0.9516313076019287,0.01975194364786148,0.0602442197501657,0.5083667635917664,0.2448485642671585,nan,nan,cosine
0,nan,0.6894993782043457,transistor,/Users/bytedance/Downloads/mvtec_anomaly_detection/transistor/test/good/046.png,0.7116016149520874,0.6894993782043457,0.6947240144014358,0.7035838961601257,0.6984041333198547,nan,nan,cone_normal_only
0,nan,0.48107150197029114,transistor,/Users/bytedance/Downloads/mvtec_anomaly_detection/transistor/test/good/046.png,0.5043417811393738,0.48107150197029114,0.487012492120266,0.4968896806240082,0.4910964369773865,nan,nan,cone_contrastive
0,nan,0.008890409953892231,transistor,/Users/bytedance/Downloads/mvtec_anomaly_detection/transistor/test/good/047.png,0.8941299319267273,0.008890409953892231,0.02677282346412529,0.12067513912916183,0.05718298628926277,nan,nan,cosine
0,nan,0.6889082789421082,transistor,/Users/bytedance/Downloads/mvtec_anomaly_detection/transistor/test/good/047.png,0.7092834115028381,0.6889082789421082,0.6938400268554688,0.6969475746154785,0.695012629032135,nan,nan,cone_normal_only
0,nan,0.48044392466545105,transistor,/Users/bytedance/Downloads/mvtec_anomaly_detection/transistor/test/good/047.png,0.5021674633026123,0.48044392466545105,0.48607771694660185,0.4893377423286438,0.4872351586818695,nan,nan,cone_contrastive
0,nan,0.008038193918764591,transistor,/Users/bytedance/Downloads/mvtec_anomaly_detection/transistor/test/good/048.png,0.8916909098625183,0.008038193918764591,0.024082493782043454,0.14813661575317383,0.05716089904308319,nan,nan,cosine
0,nan,0.6885884404182434,transistor,/Users/bytedance/Downloads/mvtec_anomaly_detection/transistor/test/good/048.png,0.7090086936950684,0.6885884404182434,0.6934730231761932,0.6971678733825684,0.6947841644287109,nan,nan,cone_normal_only
0,nan,0.48011520504951477,transistor,/Users/bytedance/Downloads/mvtec_anomaly_detection/transistor/test/good/048.png,0.5021136403083801,0.48011520504951477,0.4855156198143959,0.48950791358947754,0.48690810799598694,nan,nan,cone_contrastive
0,nan,0.014250718988478184,transistor,/Users/bytedance/Downloads/mvtec_anomaly_detection/transistor/test/good/049.png,0.9531031847000122,0.014250718988478184,0.05052115917205807,0.20295952260494232,0.10410591959953308,nan,nan,cosine
0,nan,0.6896693110466003,transistor,/Users/bytedance/Downloads/mvtec_anomaly_detection/transistor/test/good/049.png,0.7116671800613403,0.6896693110466003,0.6953040957450867,0.6989082098007202,0.696657121181488,nan,nan,cone_normal_only
0,nan,0.48123547434806824,transistor,/Users/bytedance/Downloads/mvtec_anomaly_detection/transistor/test/good/049.png,0.5044457316398621,0.48123547434806824,0.4876533105969429,0.4913843870162964,0.4890731871128082,nan,nan,cone_contrastive
0,nan,0.006037295330315828,transistor,/Users/bytedance/Downloads/mvtec_anomaly_detection/transistor/test/good/050.png,0.8468670845031738,0.006037295330315828,0.017605435941368326,0.12168120592832565,0.047867294400930405,nan,nan,cosine
0,nan,0.6878753304481506,transistor,/Users/bytedance/Downloads/mvtec_anomaly_detection/transistor/test/good/050.png,0.7080665826797485,0.6878753304481506,0.6927391797304153,0.6967706084251404,0.6942078471183777,nan,nan,cone_normal_only
0,nan,0.47924572229385376,transistor,/Users/bytedance/Downloads/mvtec_anomaly_detection/transistor/test/good/050.png,0.5010817050933838,0.47924572229385376,0.4847926914691925,0.4892183244228363,0.48629486560821533,nan,nan,cone_contrastive
0,nan,0.0198905598372221,transistor,/Users/bytedance/Downloads/mvtec_anomaly_detection/transistor/test/good/051.png,0.9542020559310913,0.0198905598372221,0.07502618692815269,0.3200094997882843,0.16442885994911194,nan,nan,cosine
0,nan,0.6899135708808899,transistor,/Users/bytedance/Downloads/mvtec_anomaly_detection/transistor/test/good/051.png,0.7108603119850159,0.6899135708808899,0.6956705182790757,0.7006706595420837,0.6976308226585388,nan,nan,cone_normal_only
0,nan,0.481558233499527,transistor,/Users/bytedance/Downloads/mvtec_anomaly_detection/transistor/test/good/051.png,0.5046020150184631,0.481558233499527,0.4878912761807442,0.49355262517929077,0.49006447196006775,nan,nan,cone_contrastive
0,nan,0.026766354218125343,transistor,/Users/bytedance/Downloads/mvtec_anomaly_detection/transistor/test/good/052.png,0.9395995736122131,0.026766354218125343,0.11243484206497661,0.37711891531944275,0.20950227975845337,nan,nan,cosine
0,nan,0.6906376481056213,transistor,/Users/bytedance/Downloads/mvtec_anomaly_detection/transistor/test/good/052.png,0.7102810740470886,0.6906376481056213,0.6969212800264358,0.7018545866012573,0.6988309025764465,nan,nan,cone_normal_only
0,nan,0.48229801654815674,transistor,/Users/bytedance/Downloads/mvtec_anomaly_detection/transistor/test/good/052.png,0.5038627982139587,0.48229801654815674,0.48941524475812914,0.4948138892650604,0.4914163053035736,nan,nan,cone_contrastive
0,nan,0.010231062769889832,transistor,/Users/bytedance/Downloads/mvtec_anomaly_detection/transistor/test/good/053.png,0.9145224690437317,0.010231062769889832,0.030606948118656843,0.16814671456813812,0.07114285230636597,nan,nan,cosine
0,nan,0.6891598105430603,transistor,/Users/bytedance/Downloads/mvtec_anomaly_detection/transistor/test/good/053.png,0.7096951007843018,0.6891598105430603,0.6944252759218216,0.6985248923301697,0.6958396434783936,nan,nan,cone_normal_only
0,nan,0.48072314262390137,transistor,/Users/bytedance/Downloads/mvtec_anomaly_detection/transistor/test/good/053.png,0.502800464630127,0.48072314262390137,0.48656829744577407,0.4909966289997101,0.48807492852211,nan,nan,cone_contrastive
0,nan,0.008079557679593563,transistor,/Users/bytedance/Downloads/mvtec_anomaly_detection/transistor/test/good/054.png,0.9099112153053284,0.008079557679593563,0.029056308045983296,0.09506634622812271,0.05147682875394821,nan,nan,cosine
0,nan,0.6885950565338135,transistor,/Users/bytedance/Downloads/mvtec_anomaly_detection/transistor/test/good/054.png,0.7087923288345337,0.6885950565338135,0.6936653256416321,0.6968309283256531,0.6950667500495911,nan,nan,cone_normal_only
0,nan,0.4801996350288391,transistor,/Users/bytedance/Downloads/mvtec_anomaly_detection/transistor/test/good/054.png,0.5027272701263428,0.4801996350288391,0.48591244518756865,0.4894835650920868,0.48747333884239197,nan,nan,cone_contrastive
0,nan,0.02326985076069832,transistor,/Users/bytedance/Downloads/mvtec_anomaly_detection/transistor/test/good/055.png,0.9315229058265686,0.02326985076069832,0.08599152192473397,0.43161359429359436,0.22834204137325287,nan,nan,cosine
0,nan,0.6903557181358337,transistor,/Users/bytedance/Downloads/mvtec_anomaly_detection/transistor/test/good/055.png,0.7114601731300354,0.6903557181358337,0.6957715064287185,0.7020379900932312,0.6982925534248352,nan,nan,cone_normal_only
0,nan,0.4820103049278259,transistor,/Users/bytedance/Downloads/mvtec_anomaly_detection/transistor/test/good/055.png,0.5032849311828613,0.4820103049278259,0.48797800689935683,0.49504902958869934,0.4908016324043274,nan,nan,cone_contrastive
0,nan,0.014329614117741585,transistor,/Users/bytedance/Downloads/mvtec_anomaly_detection/transistor/test/good/056.png,0.913067638874054,0.014329614117741585,0.04968966022133826,0.29471930861473083,0.13160373270511627,nan,nan,cosine
0,nan,0.6892669200897217,transistor,/Users/bytedance/Downloads/mvtec_anomaly_detection/transistor/test/good/056.png,0.7092536091804504,0.6892669200897217,0.6950994044542312,0.7001766562461853,0.6969241499900818,nan,nan,cone_normal_only
0,nan,0.48083168268203735,transistor,/Users/bytedance/Downloads/mvtec_anomaly_detection/transistor/test/good/056.png,0.5028319358825684,0.48083168268203735,0.48734822422266005,0.49303895235061646,0.4893653392791748,nan,nan,cone_contrastive
0,nan,0.012930660508573055,transistor,/Users/bytedance/Downloads/mvtec_anomaly_detection/transistor/test/good/057.png,0.9181435108184814,0.012930660508573055,0.035916216112673274,0.32325246930122375,0.1294148564338684,nan,nan,cosine
0,nan,0.6891304850578308,transistor,/Users/bytedance/Downloads/mvtec_anomaly_detection/transistor/test/good/057.png,0.709714949131012,0.6891304850578308,0.6939170092344285,0.7002951502799988,0.6961764097213745,nan,nan,cone_normal_only
0,nan,0.4807255268096924,transistor,/Users/bytedance/Downloads/mvtec_anomaly_detection/transistor/test/good/057.png,0.5029465556144714,0.4807255268096924,0.48600363582372663,0.49318012595176697,0.4885038137435913,nan,nan,cone_contrastive
0,nan,0.017063846811652184,transistor,/Users/bytedance/Downloads/mvtec_anomaly_detection/transistor/test/good/058.png,0.9529106616973877,0.017063846811652184,0.06649071797728537,0.33241385221481323,0.1733209490776062,nan,nan,cosine
0,nan,0.689432680606842,transistor,/Users/bytedance/Downloads/mvtec_anomaly_detection/transistor/test/good/058.png,0.7105451822280884,0.689432680606842,0.6955480486154556,0.7010577321052551,0.6978383660316467,nan,nan,cone_normal_only
0,nan,0.4810434877872467,transistor,/Users/bytedance/Downloads/mvtec_anomaly_detection/transistor/test/good/058.png,0.5045741200447083,0.4810434877872467,0.48783728778362273,0.49394935369491577,0.4903568923473358,nan,nan,cone_contrastive
0,nan,0.016553236171603203,transistor,/Users/bytedance/Downloads/mvtec_anomaly_detection/transistor/test/good/059.png,0.9269319176673889,0.016553236171603203,0.0608787951990962,0.16468270123004913,0.10008811205625534,nan,nan,cosine
0,nan,0.6903268098831177,transistor,/Users/bytedance/Downloads/mvtec_anomaly_detection/transistor/test/good/059.png,0.7099798321723938,0.6903268098831177,0.6953175067901611,0.6986179947853088,0.6966764330863953,nan,nan,cone_normal_only
0,nan,0.48206186294555664,transistor,/Users/bytedance/Downloads/mvtec_anomaly_detection/transistor/test/good/059.png,0.5033024549484253,0.48206186294555664,0.4876197263598442,0.4911477863788605,0.48905253410339355,nan,nan,cone_contrastive
